provider,region,instance_type,vcpu,ram_gb,instance_count,monthly_hours,storage_gb,egress_gb,managed_db,load_balancer,avg_cpu_util,monthly_cost
AWS,ap-southeast-1,m6i.2xlarge,8,32,14,664.2,2795.5,1883.5,0,0,75.7,4409.41
GCP,asia-southeast1,e2-standard-2,2,8,10,389.1,3708.5,12877.3,0,1,25.5,1688.93
GCP,us-central1,n2-standard-2,2,8,18,536.3,3037.2,7090.5,0,0,75.1,1759.03
Azure,uksouth,D16s_v5,16,64,10,204.7,634.1,13661.0,0,0,34.3,2900.65
GCP,europe-west2,n2-standard-8,8,32,16,253.3,1913.3,4538.2,0,1,79.9,2234.08
GCP,us-central1,n2-standard-16,16,64,7,649.4,3223.0,7749.6,1,0,17.6,4538.5
Azure,eastus,D8s_v5,8,32,16,555.0,2826.6,15614.6,0,0,17.6,5154.7
AWS,eu-west-2,m6i.xlarge,4,16,14,445.7,2269.6,15300.0,0,0,55.3,2820.95
Azure,eastus,D8s_v5,8,32,7,301.0,1645.9,17068.1,1,1,30.3,2427.78
Azure,uksouth,D8s_v5,8,32,14,494.2,3139.9,13286.3,1,0,20.0,4353.66
GCP,us-central1,n2-standard-16,16,64,16,440.5,661.9,10020.9,1,0,45.2,6420.27
AWS,us-east-1,m6i.xlarge,4,16,7,535.5,1460.0,1753.0,1,0,86.8,1029.09
AWS,us-east-1,m6i.large,2,8,16,619.2,2873.2,8987.2,1,1,86.2,2082.75
GCP,asia-southeast1,n2-standard-16,16,64,5,352.6,2325.3,3535.5,0,0,69.8,2020.33
AWS,eu-west-2,m6i.large,2,8,3,546.5,356.1,8316.1,1,1,34.7,1026.31
Azure,southeastasia,D8s_v5,8,32,3,511.4,699.0,18502.4,0,1,58.2,2252.56
GCP,asia-southeast1,n2-standard-8,8,32,9,621.5,349.3,9733.2,0,0,56.5,3156.14
Azure,southeastasia,D2s_v5,2,8,6,367.0,2092.3,8778.2,1,0,85.7,1240.35
Azure,uksouth,D4s_v5,4,16,7,559.1,1139.3,13188.5,0,0,14.7,2012.23
GCP,asia-southeast1,n2-standard-2,2,8,5,201.1,2228.3,7418.4,0,0,33.5,936.27
GCP,us-central1,n2-standard-16,16,64,13,324.4,3745.5,3292.2,1,1,94.3,3927.68
AWS,us-east-1,m6i.4xlarge,16,64,15,682.4,3575.9,10377.2,1,0,64.5,9278.05
GCP,us-central1,e2-standard-2,2,8,15,328.0,3748.5,4819.4,1,0,18.8,1076.98
Azure,uksouth,D2s_v5,2,8,12,673.3,801.8,6206.5,0,0,50.1,1456.49
Azure,eastus,D16s_v5,16,64,4,254.3,2717.1,2436.7,0,0,57.3,1204.9
GCP,asia-southeast1,n2-standard-2,2,8,17,583.5,2961.2,2621.2,1,0,40.8,1598.49
GCP,europe-west2,e2-standard-2,2,8,11,719.0,1160.1,18496.2,1,0,62.1,2162.47
Azure,southeastasia,D4s_v5,4,16,3,416.4,3865.6,11920.9,0,0,47.1,1600.26
AWS,us-east-1,m6i.xlarge,4,16,14,647.8,3191.3,4652.8,0,0,83.1,2486.15
AWS,us-east-1,m6i.large,2,8,9,391.0,1715.0,13038.6,0,1,27.3,1586.62
AWS,ap-southeast-1,t3.large,2,8,17,239.4,284.9,11888.7,1,0,32.9,1500.98
AWS,ap-southeast-1,m6i.2xlarge,8,32,19,273.4,1153.2,3072.3,1,1,10.0,2696.91
GCP,us-central1,n2-standard-8,8,32,9,563.9,1586.6,6359.8,0,0,81.6,2639.56
Azure,uksouth,B2ms,2,8,4,313.5,1012.6,11424.7,1,1,38.6,1240.55
GCP,us-central1,n2-standard-2,2,8,2,209.3,3700.9,1982.3,0,0,93.2,485.85
GCP,europe-west2,e2-standard-2,2,8,16,542.4,3120.4,2691.0,0,1,82.2,1093.97
Azure,uksouth,D16s_v5,16,64,14,330.3,576.3,9557.5,1,1,38.1,4965.56
GCP,asia-southeast1,e2-standard-2,2,8,7,394.0,2749.3,5937.5,0,0,48.3,955.93
AWS,eu-west-2,m6i.4xlarge,16,64,20,548.1,3221.5,10654.4,0,1,71.1,10147.81
Azure,uksouth,D16s_v5,16,64,14,665.4,545.8,12287.6,1,0,12.6,8894.32
GCP,us-central1,n2-standard-8,8,32,20,631.7,2382.9,15652.5,0,0,27.8,6228.3
Azure,eastus,D16s_v5,16,64,2,527.5,701.7,11299.0,0,1,52.0,1873.35
AWS,ap-southeast-1,t3.medium,2,4,11,518.2,3726.3,2394.7,1,1,64.2,900.22
AWS,ap-southeast-1,m6i.4xlarge,16,64,16,558.6,1347.9,17967.3,0,1,37.8,9307.39
AWS,us-east-1,m6i.2xlarge,8,32,20,708.0,1762.9,7666.4,0,0,89.3,6278.25
AWS,eu-west-2,t3.medium,2,4,10,392.3,3946.8,14355.2,0,1,81.5,1755.35
GCP,us-central1,n2-standard-2,2,8,10,567.0,69.0,9086.4,0,1,46.3,1322.3
GCP,us-central1,n2-standard-2,2,8,7,698.0,3129.6,2211.8,0,0,30.6,904.22
GCP,us-central1,n2-standard-8,8,32,14,555.4,2607.5,1808.8,0,1,26.7,3378.3
GCP,asia-southeast1,n2-standard-2,2,8,16,291.8,3644.3,13125.4,1,1,9.6,1913.43
GCP,asia-southeast1,n2-standard-8,8,32,20,659.1,247.8,16019.3,0,0,67.8,7120.96
GCP,europe-west2,n2-standard-16,16,64,1,293.8,517.2,10090.6,0,0,81.6,1131.76
AWS,ap-southeast-1,m6i.4xlarge,16,64,2,332.7,2845.4,19604.1,0,1,60.5,2489.98
GCP,us-central1,n2-standard-2,2,8,18,580.2,709.0,1834.4,1,0,46.3,1285.0
AWS,eu-west-2,m6i.xlarge,4,16,18,261.9,3785.2,6026.9,0,0,63.4,1868.55
AWS,us-east-1,t3.large,2,8,3,466.7,1628.1,9483.4,1,1,30.0,1186.08
GCP,europe-west2,e2-standard-2,2,8,16,537.9,1659.0,8175.7,1,0,33.5,1510.97
GCP,us-central1,e2-standard-2,2,8,9,447.4,917.9,11449.2,0,0,63.3,1292.44
Azure,eastus,B2ms,2,8,5,489.7,1737.0,12520.2,1,1,71.3,1455.97
GCP,us-central1,n2-standard-4,4,16,19,464.0,2090.7,15997.4,1,0,49.5,3240.91
GCP,us-central1,e2-standard-2,2,8,18,211.3,1136.8,6682.6,1,1,71.8,976.63
Azure,uksouth,D8s_v5,8,32,17,663.1,1501.6,3072.3,0,1,37.8,5177.2
Azure,southeastasia,D2s_v5,2,8,9,355.4,2756.9,14108.1,1,0,6.0,1845.25
AWS,ap-southeast-1,m6i.large,2,8,11,272.4,680.3,16726.1,0,0,80.5,1825.84
GCP,us-central1,n2-standard-8,8,32,11,401.4,338.6,15106.6,1,1,18.6,2988.83
Azure,eastus,D2s_v5,2,8,19,205.2,946.8,5841.2,0,0,49.4,949.01
GCP,us-central1,n2-standard-16,16,64,17,539.6,2603.6,13404.1,0,1,38.0,8525.49
Azure,southeastasia,D16s_v5,16,64,7,656.3,1940.6,15372.6,0,1,86.9,5530.13
AWS,ap-southeast-1,m6i.xlarge,4,16,8,461.3,2135.0,2099.6,1,0,61.8,1215.74
AWS,us-east-1,t3.large,2,8,7,288.1,118.8,18549.2,1,1,58.9,1797.8
AWS,us-east-1,m6i.2xlarge,8,32,4,537.4,3927.6,12407.2,0,0,86.3,2136.11
GCP,us-central1,n2-standard-4,4,16,20,621.1,3469.9,2282.1,0,1,54.8,2896.98
AWS,ap-southeast-1,t3.medium,2,4,3,342.6,2940.3,14999.7,1,1,8.7,1658.52
GCP,asia-southeast1,e2-medium,2,4,10,735.8,1870.6,19558.3,1,0,12.6,2016.38
GCP,asia-southeast1,n2-standard-4,4,16,6,643.9,167.1,7454.0,1,1,65.8,1524.25
Azure,uksouth,D16s_v5,16,64,16,668.1,2962.9,16017.4,1,1,61.0,10699.56
Azure,eastus,D8s_v5,8,32,20,562.0,137.8,8027.1,0,0,26.4,5007.87
AWS,eu-west-2,t3.large,2,8,7,661.3,1209.8,11806.4,1,1,84.8,1604.4
AWS,us-east-1,t3.medium,2,4,14,584.7,3233.6,19974.9,1,1,17.3,2352.18
AWS,us-east-1,m6i.2xlarge,8,32,20,575.3,2388.9,7847.4,0,1,17.1,5457.87
AWS,us-east-1,m6i.large,2,8,8,190.0,1824.1,12690.8,1,1,91.3,1465.63
Azure,uksouth,D2s_v5,2,8,11,340.5,3590.0,4701.9,1,0,52.7,1103.9
GCP,europe-west2,n2-standard-4,4,16,13,348.9,980.7,6449.8,1,0,30.5,1658.88
AWS,us-east-1,m6i.xlarge,4,16,16,622.1,1764.8,9525.1,0,0,78.3,2878.68
Azure,southeastasia,D16s_v5,16,64,10,497.1,425.5,13058.4,0,1,44.0,5714.76
Azure,southeastasia,D4s_v5,4,16,20,238.1,183.5,4921.3,1,1,51.4,1615.87
GCP,us-central1,n2-standard-2,2,8,18,396.9,260.9,13963.8,1,1,40.5,1940.31
Azure,eastus,B2ms,2,8,1,243.2,3453.8,24.7,0,1,35.0,298.31
GCP,asia-southeast1,e2-medium,2,4,10,326.8,1303.5,4849.7,0,0,25.5,640.82
Azure,eastus,D8s_v5,8,32,19,207.4,1853.9,14231.2,1,1,17.4,2974.08
Azure,eastus,B2ms,2,8,19,197.6,460.3,12403.0,1,0,58.1,1402.03
AWS,eu-west-2,m6i.4xlarge,16,64,1,661.3,2484.1,3254.9,0,0,27.9,1042.37
Azure,uksouth,D2s_v5,2,8,20,735.3,1458.9,16263.2,1,0,59.1,3132.98
GCP,europe-west2,n2-standard-2,2,8,9,359.1,330.9,596.7,1,1,19.9,486.83
GCP,asia-southeast1,n2-standard-4,4,16,7,358.9,3562.3,11876.6,1,1,67.4,1924.79
AWS,ap-southeast-1,m6i.large,2,8,11,739.4,36.0,331.6,0,0,16.4,901.87
GCP,asia-southeast1,n2-standard-4,4,16,9,530.7,1107.3,1010.4,0,1,64.7,1188.59
GCP,us-central1,n2-standard-8,8,32,1,516.0,940.5,17477.8,1,0,54.8,1725.68
GCP,asia-southeast1,e2-medium,2,4,11,499.8,3038.5,19668.3,1,1,6.1,2075.75
Azure,uksouth,D2s_v5,2,8,11,410.1,394.4,17793.1,1,0,18.4,1977.69
GCP,us-central1,n2-standard-4,4,16,14,664.5,3652.1,4242.9,0,0,84.1,2444.7
GCP,europe-west2,n2-standard-16,16,64,11,598.3,2929.9,15659.2,0,1,86.4,7011.89
AWS,ap-southeast-1,m6i.large,2,8,11,295.3,2979.5,462.8,0,1,69.7,665.92
Azure,uksouth,D4s_v5,4,16,8,360.0,2442.8,11619.8,1,0,89.2,1839.96
GCP,us-central1,e2-medium,2,4,7,402.3,541.8,3257.4,0,1,90.9,417.24
GCP,us-central1,n2-standard-4,4,16,2,605.0,3526.5,5562.3,1,1,52.0,1043.6
AWS,us-east-1,m6i.large,2,8,3,451.6,3838.1,13050.4,0,1,27.7,1575.57
AWS,us-east-1,t3.large,2,8,16,674.5,3608.5,19691.4,0,0,11.5,2832.49
AWS,us-east-1,m6i.xlarge,4,16,5,234.7,3386.3,12335.1,0,1,27.8,1577.78
GCP,us-central1,n2-standard-16,16,64,18,509.5,2945.8,5920.7,1,1,73.4,7909.59
Azure,eastus,D16s_v5,16,64,13,248.0,3586.6,2007.9,1,0,21.2,3087.98
AWS,us-east-1,m6i.xlarge,4,16,9,318.3,2846.8,17026.7,0,1,52.8,2271.22
GCP,us-central1,n2-standard-4,4,16,6,710.2,3554.2,15547.2,0,1,52.7,2381.47
Azure,southeastasia,D4s_v5,4,16,9,254.3,520.1,19045.0,0,0,19.7,2111.34
AWS,us-east-1,t3.large,2,8,4,197.0,493.4,18337.0,1,0,46.9,1700.5
AWS,eu-west-2,m6i.4xlarge,16,64,11,285.6,3954.6,16366.2,0,1,18.8,4375.96
GCP,europe-west2,e2-standard-2,2,8,12,373.1,3181.9,12454.2,0,0,24.1,1620.78
AWS,eu-west-2,t3.medium,2,4,9,540.4,29.2,19867.4,1,1,46.2,1949.89
AWS,us-east-1,m6i.large,2,8,16,401.6,3689.0,6383.1,0,1,64.4,1463.69
GCP,us-central1,n2-standard-16,16,64,10,715.8,1384.0,3544.7,0,0,8.6,5835.78
GCP,asia-southeast1,n2-standard-2,2,8,15,739.4,2135.0,13199.9,1,0,38.0,2570.5
AWS,eu-west-2,m6i.4xlarge,16,64,9,496.9,2884.7,10178.7,0,1,63.2,4828.93
AWS,eu-west-2,t3.medium,2,4,10,251.0,385.1,13349.8,0,0,6.8,1270.65
AWS,ap-southeast-1,m6i.2xlarge,8,32,4,618.9,3445.3,4933.6,0,1,29.8,1817.16
Azure,eastus,B2ms,2,8,6,693.4,826.0,10841.6,0,0,59.9,1333.67
AWS,us-east-1,t3.large,2,8,13,360.8,3905.0,7993.5,0,1,41.0,1430.98
AWS,eu-west-2,m6i.xlarge,4,16,8,707.9,3418.9,6444.3,0,1,61.9,2035.11
Azure,southeastasia,D4s_v5,4,16,5,694.7,3697.0,16866.5,0,0,73.8,2472.83
GCP,europe-west2,e2-medium,2,4,13,315.5,2586.4,5786.4,1,0,41.9,938.43
Azure,uksouth,D4s_v5,4,16,17,665.4,687.4,150.1,1,0,80.5,2536.02
GCP,asia-southeast1,n2-standard-4,4,16,13,400.0,3994.5,3851.8,1,1,60.8,1854.29
GCP,us-central1,e2-medium,2,4,20,219.3,569.2,15814.8,1,0,64.7,1482.45
GCP,asia-southeast1,n2-standard-8,8,32,12,418.9,2217.7,10015.3,0,0,94.3,3260.63
AWS,us-east-1,m6i.large,2,8,2,590.5,3907.1,6366.5,0,1,9.6,1015.79
Azure,uksouth,D8s_v5,8,32,7,649.3,3288.5,8333.3,1,0,77.1,2932.82
GCP,us-central1,n2-standard-4,4,16,18,261.2,3518.7,1921.9,1,1,11.1,1430.34
GCP,us-central1,n2-standard-4,4,16,2,616.9,158.7,13045.2,0,1,18.2,1291.31
Azure,eastus,D16s_v5,16,64,17,484.0,3280.4,1855.1,1,0,28.2,7039.55
GCP,europe-west2,n2-standard-16,16,64,11,442.1,1484.3,4383.8,1,0,15.7,4706.33
GCP,europe-west2,n2-standard-4,4,16,4,278.9,3296.0,7970.1,0,1,63.8,1216.43
Azure,uksouth,D2s_v5,2,8,4,730.2,3494.0,3846.0,1,0,31.0,955.58
AWS,us-east-1,m6i.2xlarge,8,32,12,490.7,3317.6,14210.7,1,1,59.1,3707.83
Azure,eastus,B2ms,2,8,6,607.5,3309.9,11224.5,1,1,52.0,1544.43
AWS,eu-west-2,m6i.xlarge,4,16,12,561.6,283.0,21.3,1,0,63.2,1498.26
GCP,asia-southeast1,n2-standard-4,4,16,2,448.5,3743.5,1189.7,1,0,22.6,667.3
AWS,us-east-1,m6i.4xlarge,16,64,5,235.9,843.8,8454.7,1,1,82.4,1783.16
GCP,europe-west2,e2-standard-2,2,8,5,381.6,1073.9,12209.7,1,0,88.7,1246.81
Azure,southeastasia,D16s_v5,16,64,3,245.0,2485.9,2439.4,0,0,78.8,1085.41
GCP,asia-southeast1,n2-standard-2,2,8,9,406.3,1309.3,18972.9,0,0,20.3,1964.9
AWS,us-east-1,t3.medium,2,4,10,458.4,3884.1,7614.6,1,0,16.5,1246.33
Azure,eastus,D16s_v5,16,64,20,668.5,2365.5,7173.5,1,1,62.0,11488.43
Azure,southeastasia,B2ms,2,8,19,400.8,1330.5,9020.9,0,1,64.3,1603.2
GCP,us-central1,n2-standard-2,2,8,20,393.5,396.7,3321.3,0,1,24.3,1080.18
AWS,ap-southeast-1,m6i.4xlarge,16,64,16,325.2,3310.6,18550.1,0,0,9.7,6455.82
GCP,europe-west2,n2-standard-2,2,8,3,506.5,38.4,770.8,0,0,7.4,225.08
Azure,eastus,D2s_v5,2,8,18,460.0,1873.7,109.5,0,1,84.1,1014.93
AWS,eu-west-2,t3.large,2,8,2,270.6,3104.1,9931.8,0,0,91.7,1189.76
Azure,southeastasia,D2s_v5,2,8,4,515.2,3515.0,7489.3,1,0,48.4,1231.12
AWS,ap-southeast-1,m6i.2xlarge,8,32,15,419.7,1492.5,8352.4,1,0,80.4,3671.01
Azure,southeastasia,B2ms,2,8,7,673.1,115.4,10409.1,0,0,19.7,1334.31
Azure,uksouth,D16s_v5,16,64,16,202.6,1857.7,10445.0,1,1,22.0,3784.73
Azure,eastus,D16s_v5,16,64,2,714.3,1631.9,16179.4,0,1,63.7,2706.58
AWS,eu-west-2,t3.large,2,8,8,423.1,162.9,10692.0,0,0,8.6,1249.65
AWS,eu-west-2,m6i.xlarge,4,16,7,689.3,199.6,18717.5,0,1,10.4,2669.45
GCP,us-central1,n2-standard-8,8,32,15,696.5,2278.4,7944.7,1,1,92.2,5045.11
GCP,asia-southeast1,n2-standard-16,16,64,4,341.3,3858.2,1885.7,0,0,79.7,1683.76
AWS,ap-southeast-1,m6i.xlarge,4,16,8,251.6,3187.2,10913.5,0,0,92.5,1711.54
AWS,ap-southeast-1,t3.large,2,8,10,437.4,1557.6,7232.0,1,1,12.0,1278.42
GCP,europe-west2,e2-medium,2,4,4,525.3,160.0,3150.5,1,0,24.7,413.88
GCP,europe-west2,n2-standard-4,4,16,19,731.1,960.7,982.4,1,1,22.6,3214.27
AWS,ap-southeast-1,m6i.xlarge,4,16,6,533.1,823.4,16011.7,0,0,90.4,2157.17
AWS,us-east-1,m6i.4xlarge,16,64,2,307.4,1762.6,18913.9,1,0,53.6,2258.63
Azure,eastus,B2ms,2,8,4,559.5,1750.3,4572.9,0,1,89.3,712.55
AWS,ap-southeast-1,m6i.large,2,8,3,460.7,2087.8,10163.9,1,0,48.8,1327.46
AWS,eu-west-2,m6i.4xlarge,16,64,20,514.4,927.3,12752.2,1,0,47.2,9734.42
GCP,us-central1,n2-standard-16,16,64,10,214.0,3292.4,12963.7,0,1,62.4,3098.07
GCP,europe-west2,e2-standard-2,2,8,7,553.7,2694.0,19211.7,1,1,78.1,2105.58
AWS,us-east-1,t3.medium,2,4,15,439.3,877.7,14904.1,1,1,61.4,1630.61
Azure,southeastasia,D8s_v5,8,32,15,242.4,3825.1,3088.5,1,1,52.6,2310.08
Azure,southeastasia,D16s_v5,16,64,16,579.4,717.2,7153.7,0,1,29.6,8987.05
AWS,us-east-1,m6i.xlarge,4,16,15,577.6,298.3,9622.5,0,0,78.4,2499.39
Azure,uksouth,B2ms,2,8,17,315.8,1456.0,3527.1,0,1,26.7,908.33
AWS,us-east-1,m6i.4xlarge,16,64,4,253.8,1766.5,6059.3,1,1,73.7,1516.96
AWS,eu-west-2,m6i.xlarge,4,16,10,542.7,3471.3,19976.6,0,0,86.8,3061.11
AWS,eu-west-2,m6i.xlarge,4,16,16,188.9,1919.3,9886.3,1,0,54.7,1705.67
Azure,southeastasia,D8s_v5,8,32,3,307.0,3176.2,16956.7,0,0,85.1,2088.51
AWS,eu-west-2,m6i.xlarge,4,16,15,522.0,3756.4,6892.8,0,1,20.3,2516.81
AWS,ap-southeast-1,m6i.xlarge,4,16,2,715.4,1623.5,16682.4,0,1,20.8,1897.45
GCP,us-central1,e2-medium,2,4,19,259.0,2717.3,16289.5,1,1,91.8,1756.75
AWS,us-east-1,m6i.xlarge,4,16,9,423.9,1027.1,15515.8,0,1,80.2,2106.39
GCP,us-central1,n2-standard-16,16,64,12,740.7,173.8,4160.0,0,0,13.0,7249.78
GCP,europe-west2,e2-standard-2,2,8,15,389.6,771.6,3909.9,1,1,82.6,897.73
Azure,southeastasia,D2s_v5,2,8,3,412.3,1625.4,18466.9,1,0,72.9,1859.46
AWS,eu-west-2,m6i.large,2,8,10,293.1,757.8,9276.6,1,0,86.7,1250.67
AWS,us-east-1,t3.large,2,8,13,323.7,557.5,18876.0,1,1,81.2,2051.96
AWS,us-east-1,m6i.2xlarge,8,32,1,271.3,2564.2,15658.1,1,0,81.6,1633.01
AWS,us-east-1,t3.large,2,8,11,669.2,1237.1,12378.3,0,1,75.3,1833.08
AWS,us-east-1,m6i.xlarge,4,16,15,428.8,3509.2,10549.2,0,0,72.4,2433.24
AWS,us-east-1,m6i.large,2,8,20,463.6,2031.0,11652.9,1,0,87.2,2170.09
Azure,southeastasia,D16s_v5,16,64,15,562.4,2101.9,3770.6,0,0,70.0,8138.97
GCP,asia-southeast1,e2-standard-2,2,8,8,540.0,1906.3,19732.6,1,1,83.8,2126.31
AWS,eu-west-2,m6i.4xlarge,16,64,16,395.9,3920.3,17670.6,1,0,35.3,7240.16
GCP,europe-west2,n2-standard-2,2,8,19,193.8,896.2,14238.4,0,1,10.0,1649.08
Azure,southeastasia,B2ms,2,8,18,197.4,1597.8,18903.0,1,0,28.2,2010.09
GCP,asia-southeast1,n2-standard-2,2,8,15,301.8,2134.5,15585.4,1,1,7.4,1970.22
GCP,europe-west2,e2-medium,2,4,15,538.5,2981.1,10632.3,0,1,62.6,1477.71
AWS,ap-southeast-1,t3.large,2,8,17,377.2,2322.9,2820.5,0,0,88.0,1042.11
Azure,southeastasia,D8s_v5,8,32,4,299.4,378.2,2402.2,1,0,11.7,837.11
GCP,asia-southeast1,n2-standard-4,4,16,15,616.8,2531.0,17643.5,0,1,69.1,3598.84
GCP,asia-southeast1,n2-standard-16,16,64,7,443.8,695.5,15931.4,1,1,27.2,4126.15
Azure,eastus,D2s_v5,2,8,20,663.0,329.4,15300.5,1,1,67.0,2651.47
GCP,us-central1,n2-standard-4,4,16,6,500.8,1173.5,11085.7,0,0,61.1,1598.0
GCP,asia-southeast1,n2-standard-8,8,32,13,565.0,314.8,8936.8,1,1,25.0,3974.5
AWS,ap-southeast-1,t3.medium,2,4,15,313.7,3322.4,10916.0,0,1,49.9,1522.49
AWS,ap-southeast-1,m6i.4xlarge,16,64,19,478.2,2415.9,14750.3,1,1,48.3,9231.6
Azure,uksouth,D8s_v5,8,32,10,444.1,3849.6,9011.5,1,1,13.6,3059.61
Azure,uksouth,D4s_v5,4,16,8,593.7,148.0,11399.7,1,0,20.1,2051.98
AWS,us-east-1,m6i.large,2,8,7,541.8,1660.8,15192.9,1,0,50.0,1845.68
GCP,asia-southeast1,e2-medium,2,4,8,306.3,1161.8,5008.7,1,0,94.4,685.0
GCP,us-central1,n2-standard-8,8,32,11,540.4,3442.7,18658.7,1,1,80.0,4165.93
Azure,uksouth,D2s_v5,2,8,5,735.6,3626.3,15969.0,1,1,54.3,2081.31
GCP,us-central1,n2-standard-8,8,32,11,539.1,1645.1,14983.5,1,1,16.5,3761.78
GCP,asia-southeast1,n2-standard-4,4,16,20,308.5,3042.2,11079.6,1,1,20.9,2608.38
GCP,asia-southeast1,n2-standard-4,4,16,6,216.6,238.6,11634.5,1,0,19.0,1300.48
GCP,europe-west2,n2-standard-4,4,16,14,220.5,3215.0,17861.0,1,1,86.4,2407.94
GCP,asia-southeast1,e2-standard-2,2,8,4,294.4,2646.7,14496.3,0,0,49.5,1500.61
AWS,eu-west-2,m6i.4xlarge,16,64,16,306.6,202.9,7044.2,0,1,44.5,4747.95
Azure,eastus,D4s_v5,4,16,13,618.0,3245.9,14234.1,1,1,59.3,2996.88
Azure,eastus,B2ms,2,8,18,436.6,1667.4,3533.3,0,0,23.1,1087.3
GCP,europe-west2,n2-standard-16,16,64,1,701.7,3808.7,241.0,0,0,86.5,919.04
Azure,uksouth,D2s_v5,2,8,16,659.3,2463.0,12294.7,1,0,18.8,2364.33
GCP,asia-southeast1,n2-standard-16,16,64,2,591.6,3398.9,9449.4,0,1,92.3,2095.22
GCP,europe-west2,n2-standard-8,8,32,20,303.8,1866.4,18851.4,0,1,82.4,4230.03
Azure,eastus,D2s_v5,2,8,18,316.3,2482.3,18533.4,1,0,93.9,2291.07
AWS,us-east-1,m6i.xlarge,4,16,14,371.6,303.6,9506.1,0,1,35.2,1869.21
AWS,ap-southeast-1,t3.medium,2,4,11,655.3,1796.6,19059.5,0,1,84.7,2080.05
GCP,us-central1,n2-standard-8,8,32,6,567.8,208.5,5731.9,1,1,42.3,1889.9
GCP,us-central1,e2-medium,2,4,6,198.1,2465.3,7474.4,0,1,6.2,898.15
AWS,eu-west-2,m6i.xlarge,4,16,7,637.0,1523.8,10608.8,0,1,51.4,1990.05
AWS,ap-southeast-1,m6i.large,2,8,9,236.6,3135.6,18848.1,1,0,73.7,2156.66
AWS,ap-southeast-1,m6i.2xlarge,8,32,11,704.0,3924.4,846.9,1,1,18.2,3751.81
Azure,eastus,D8s_v5,8,32,20,189.2,1821.0,16853.1,1,1,93.0,3120.73
AWS,us-east-1,t3.large,2,8,5,713.2,1077.9,10081.3,1,1,88.7,1357.55
Azure,southeastasia,B2ms,2,8,20,326.0,2028.1,17190.6,1,1,82.0,2264.29
Azure,uksouth,D2s_v5,2,8,19,285.2,1219.6,621.4,1,1,66.2,809.77
AWS,eu-west-2,m6i.xlarge,4,16,14,328.6,1433.8,6977.2,0,1,37.5,1689.19
GCP,europe-west2,e2-medium,2,4,6,687.7,1383.7,779.6,0,1,26.5,346.46
AWS,us-east-1,m6i.large,2,8,17,708.4,2434.0,14207.2,0,0,35.7,2575.55
AWS,eu-west-2,t3.large,2,8,17,280.3,2460.2,282.5,0,1,8.6,660.97
AWS,ap-southeast-1,m6i.xlarge,4,16,5,334.5,150.6,5587.1,1,1,39.7,919.21
Azure,eastus,D2s_v5,2,8,7,194.2,824.4,15133.0,0,0,50.4,1429.86
AWS,ap-southeast-1,m6i.xlarge,4,16,7,616.5,3063.7,16885.4,0,1,74.0,2670.67
AWS,us-east-1,m6i.large,2,8,2,233.2,3977.2,15401.8,1,0,8.1,1719.3
AWS,ap-southeast-1,m6i.4xlarge,16,64,16,519.8,3430.3,1957.7,1,1,8.8,7816.12
Azure,eastus,D2s_v5,2,8,20,419.8,3520.1,5406.8,0,1,34.5,1582.26
GCP,us-central1,e2-standard-2,2,8,9,325.2,2020.7,3036.0,1,0,42.2,673.87
GCP,us-central1,n2-standard-2,2,8,14,622.6,3871.0,16762.7,1,1,20.3,2570.41
Azure,eastus,D8s_v5,8,32,12,328.6,3719.8,2303.7,0,0,10.3,2018.96
Azure,southeastasia,D2s_v5,2,8,1,468.9,1049.1,13258.5,1,0,85.5,1319.4
Azure,eastus,D16s_v5,16,64,7,511.4,2877.9,8853.1,1,1,95.0,3946.34
GCP,asia-southeast1,n2-standard-8,8,32,6,700.2,369.3,2280.4,0,0,33.3,2002.68
AWS,ap-southeast-1,m6i.2xlarge,8,32,10,414.7,776.4,17967.5,1,0,11.0,3450.93
Azure,uksouth,B2ms,2,8,3,549.7,394.2,18997.0,0,0,17.3,1694.38
GCP,asia-southeast1,n2-standard-16,16,64,8,483.0,1201.5,1212.6,1,1,39.7,3514.52
GCP,us-central1,n2-standard-16,16,64,7,398.9,1394.6,10678.1,0,1,57.9,3239.9
AWS,us-east-1,m6i.xlarge,4,16,11,693.1,3178.8,1174.4,1,0,93.8,1909.17
AWS,us-east-1,t3.medium,2,4,9,251.4,3011.0,10153.5,0,0,61.6,1224.82
AWS,eu-west-2,m6i.4xlarge,16,64,16,655.1,3478.8,728.6,0,1,82.4,9107.32
GCP,europe-west2,n2-standard-2,2,8,1,371.2,2821.0,4087.2,1,0,73.8,674.19
GCP,us-central1,e2-medium,2,4,6,728.2,2838.6,12210.4,1,1,8.6,1414.38
GCP,us-central1,e2-medium,2,4,18,591.4,3796.5,15130.1,0,1,44.3,1851.26
Azure,southeastasia,D2s_v5,2,8,11,423.2,2400.7,17962.4,0,1,39.6,2190.46
GCP,europe-west2,n2-standard-4,4,16,3,278.4,3061.0,9925.8,0,1,11.0,1302.98
Azure,southeastasia,D4s_v5,4,16,2,328.2,3944.4,4179.2,1,0,49.8,916.33
GCP,europe-west2,n2-standard-16,16,64,7,258.2,1725.0,13795.2,0,1,56.1,2745.58
Azure,eastus,D16s_v5,16,64,4,219.0,2917.0,5761.2,0,1,82.6,1412.01
Azure,eastus,D16s_v5,16,64,7,211.7,3417.4,4694.1,0,1,76.6,1911.71
AWS,us-east-1,m6i.4xlarge,16,64,11,737.8,617.5,16614.1,1,1,84.8,7814.79
AWS,ap-southeast-1,m6i.large,2,8,16,416.1,1479.0,10428.9,0,1,32.5,1791.77
AWS,ap-southeast-1,t3.medium,2,4,8,264.6,3491.0,12042.4,1,0,81.3,1489.45
GCP,us-central1,e2-medium,2,4,12,206.6,3053.8,19743.7,1,0,11.5,1970.81
GCP,europe-west2,n2-standard-4,4,16,16,382.6,63.5,11903.8,0,1,22.1,2351.82
Azure,uksouth,B2ms,2,8,13,626.8,3017.2,17850.8,0,1,55.0,2438.55
GCP,asia-southeast1,e2-medium,2,4,7,705.6,2733.9,19491.8,1,1,48.8,2079.19
Azure,eastus,B2ms,2,8,20,218.0,3727.2,2476.9,1,0,13.7,899.27
Azure,southeastasia,D8s_v5,8,32,15,218.7,2773.6,12632.6,0,0,69.7,2711.33
AWS,us-east-1,m6i.large,2,8,19,719.7,2358.3,13286.9,1,0,94.8,2731.88
Azure,eastus,D16s_v5,16,64,5,484.2,1935.9,11431.4,1,1,57.5,3149.18
AWS,eu-west-2,m6i.large,2,8,13,541.8,3165.2,12495.2,0,0,14.1,2096.11
AWS,ap-southeast-1,m6i.2xlarge,8,32,11,672.4,2722.6,1808.2,0,1,71.1,3656.44
Azure,uksouth,D8s_v5,8,32,20,371.0,1796.1,17282.2,0,1,38.1,4705.76
AWS,ap-southeast-1,m6i.2xlarge,8,32,3,288.9,1506.1,18882.9,0,1,14.5,2129.87
GCP,asia-southeast1,e2-standard-2,2,8,18,615.7,3214.8,2216.4,0,0,41.2,1301.58
AWS,ap-southeast-1,m6i.xlarge,4,16,19,678.4,2098.1,11045.1,1,0,49.9,3974.43
AWS,ap-southeast-1,m6i.large,2,8,16,647.6,1123.2,1066.5,0,0,52.9,1303.53
GCP,asia-southeast1,n2-standard-8,8,32,10,416.7,495.4,1935.1,1,0,18.1,2025.4
AWS,eu-west-2,m6i.2xlarge,8,32,20,272.0,2262.0,7361.9,0,0,18.6,3120.75
Azure,eastus,B2ms,2,8,19,647.6,2532.5,12402.9,0,0,6.5,2315.39
GCP,europe-west2,e2-medium,2,4,4,392.8,69.3,10194.7,0,1,35.6,938.58
AWS,us-east-1,m6i.large,2,8,20,277.5,1292.3,5879.2,0,1,62.9,1135.75
AWS,us-east-1,m6i.4xlarge,16,64,11,194.1,1064.3,9274.4,1,0,66.0,2668.34
AWS,us-east-1,m6i.xlarge,4,16,11,520.6,1596.3,825.1,1,0,94.6,1353.03
AWS,eu-west-2,m6i.xlarge,4,16,13,646.3,2189.9,12398.3,0,0,16.0,3031.77
Azure,uksouth,D2s_v5,2,8,1,651.6,325.4,3892.6,1,1,35.1,496.57
GCP,europe-west2,e2-standard-2,2,8,2,613.0,3574.7,13051.3,1,1,87.2,1503.1
GCP,europe-west2,n2-standard-2,2,8,9,711.6,3803.6,8224.1,0,1,72.8,1697.74
GCP,us-central1,n2-standard-4,4,16,10,311.2,2670.9,7024.5,0,0,49.4,1409.36
Azure,eastus,B2ms,2,8,6,458.8,806.0,17217.7,0,0,84.0,1719.4
AWS,us-east-1,t3.medium,2,4,12,502.2,1701.5,11207.5,1,1,26.7,1461.42
AWS,eu-west-2,m6i.2xlarge,8,32,10,680.7,2528.0,10419.5,1,1,23.8,4129.79
AWS,us-east-1,m6i.large,2,8,15,608.6,2308.0,17258.5,1,0,70.6,2578.61
AWS,us-east-1,m6i.2xlarge,8,32,14,657.3,3972.5,8403.3,0,0,45.8,4684.34
AWS,eu-west-2,m6i.large,2,8,9,239.8,918.6,16813.9,1,1,27.1,1773.14
AWS,eu-west-2,t3.medium,2,4,17,684.9,299.1,11496.4,0,0,45.3,1546.6
AWS,eu-west-2,m6i.xlarge,4,16,7,462.6,1899.1,16356.7,0,1,77.1,2283.6
AWS,us-east-1,m6i.large,2,8,4,508.6,1155.5,14783.4,1,0,28.0,1606.21
AWS,ap-southeast-1,t3.large,2,8,8,673.9,3948.0,17497.0,1,0,7.9,2379.3
GCP,asia-southeast1,e2-medium,2,4,18,568.5,2140.3,7757.3,0,0,47.2,1213.81
AWS,us-east-1,m6i.2xlarge,8,32,8,542.5,3888.5,4945.1,1,1,82.5,2458.95
GCP,us-central1,n2-standard-8,8,32,11,738.9,68.3,11129.7,0,0,37.0,4043.49
GCP,us-central1,n2-standard-2,2,8,6,622.6,563.9,7869.1,0,1,31.9,1096.83
GCP,us-central1,n2-standard-4,4,16,7,333.4,1850.9,3630.5,0,0,56.8,873.85
AWS,ap-southeast-1,m6i.large,2,8,11,611.4,1455.0,15655.2,1,1,49.7,2253.23
Azure,southeastasia,D16s_v5,16,64,5,588.3,3352.8,1615.7,0,0,83.3,3119.35
GCP,asia-southeast1,e2-standard-2,2,8,12,548.2,3678.1,2010.4,1,1,90.0,1058.48
GCP,us-central1,e2-medium,2,4,14,654.4,3964.2,3235.6,0,0,9.4,881.66
AWS,eu-west-2,m6i.xlarge,4,16,14,469.9,1053.8,2704.4,1,1,62.4,1804.54
GCP,us-central1,n2-standard-2,2,8,5,570.2,2753.7,10783.4,0,1,80.2,1382.77
Azure,southeastasia,D16s_v5,16,64,5,657.5,2327.1,12535.3,1,0,74.3,4439.14
AWS,us-east-1,m6i.4xlarge,16,64,10,214.6,2391.5,2380.5,1,1,70.8,2153.78
Azure,eastus,B2ms,2,8,1,672.5,2780.2,798.9,1,0,30.4,386.43
GCP,us-central1,n2-standard-16,16,64,9,700.7,1165.5,13582.9,1,0,93.3,6102.39
GCP,europe-west2,e2-medium,2,4,5,638.3,2950.7,4439.1,0,1,79.4,761.25
GCP,europe-west2,e2-medium,2,4,13,546.5,1096.5,7434.2,1,0,44.0,1025.66
GCP,us-central1,n2-standard-16,16,64,16,511.5,945.6,1284.2,0,1,39.2,6493.97
GCP,us-central1,n2-standard-16,16,64,17,361.0,3037.0,18790.9,0,1,72.3,6444.04
Azure,uksouth,D16s_v5,16,64,14,359.2,434.9,8297.0,1,1,55.1,5061.69
Azure,eastus,D4s_v5,4,16,1,530.5,1841.8,405.2,1,1,24.5,339.92
Azure,uksouth,B2ms,2,8,7,180.6,664.2,1871.3,0,1,54.4,328.17
Azure,uksouth,D2s_v5,2,8,1,710.9,451.1,2537.2,1,0,60.6,373.59
GCP,asia-southeast1,n2-standard-2,2,8,15,729.6,832.0,12461.4,1,1,88.8,2365.49
AWS,eu-west-2,m6i.4xlarge,16,64,20,393.8,2602.1,19358.1,1,0,56.1,8296.67
GCP,us-central1,n2-standard-8,8,32,11,559.9,1835.9,3099.7,1,0,8.1,2814.99
Azure,southeastasia,D16s_v5,16,64,20,184.2,661.0,13482.9,1,0,66.6,4515.35
Azure,uksouth,D16s_v5,16,64,7,515.2,846.4,11262.7,0,0,47.5,4069.1
AWS,ap-southeast-1,m6i.large,2,8,2,318.0,64.5,19732.5,1,0,20.2,1786.57
GCP,europe-west2,n2-standard-8,8,32,3,630.3,3831.6,17505.9,1,0,18.3,2561.37
Azure,southeastasia,B2ms,2,8,11,369.7,645.0,236.2,1,0,76.8,505.94
GCP,us-central1,n2-standard-16,16,64,15,325.0,2180.9,6409.1,1,0,21.5,4516.98
AWS,us-east-1,m6i.2xlarge,8,32,14,252.3,3723.8,10114.5,0,0,68.9,2627.71
GCP,asia-southeast1,e2-medium,2,4,4,336.9,416.0,12125.0,1,1,10.5,1154.9
AWS,ap-southeast-1,m6i.large,2,8,4,524.3,3167.6,16437.6,1,1,55.7,1937.04
AWS,eu-west-2,m6i.2xlarge,8,32,3,732.3,410.4,16584.4,0,1,72.1,2410.94
Azure,uksouth,B2ms,2,8,16,512.8,460.8,1590.1,0,1,85.0,916.08
Azure,southeastasia,D8s_v5,8,32,11,579.8,3793.6,1831.2,1,1,40.4,3303.69
GCP,europe-west2,n2-standard-2,2,8,10,501.9,1270.3,2825.8,1,0,59.2,935.91
GCP,asia-southeast1,e2-medium,2,4,8,323.2,935.8,19707.3,0,0,5.4,1747.84
AWS,eu-west-2,m6i.xlarge,4,16,13,394.2,3698.6,15294.5,1,0,92.8,2709.86
Azure,uksouth,B2ms,2,8,14,320.3,3548.5,1950.9,0,0,60.3,839.27
AWS,us-east-1,t3.large,2,8,4,301.6,1094.2,11955.6,1,1,84.5,1352.67
AWS,eu-west-2,m6i.xlarge,4,16,19,282.6,2931.9,8969.2,1,0,78.4,2293.34
AWS,us-east-1,m6i.xlarge,4,16,18,691.4,1363.2,12219.2,0,1,25.0,3705.46
GCP,europe-west2,n2-standard-2,2,8,7,609.2,1278.8,4105.2,0,1,87.7,890.8
AWS,eu-west-2,m6i.xlarge,4,16,20,442.5,208.9,1671.2,1,1,20.3,2098.32
AWS,us-east-1,m6i.2xlarge,8,32,2,609.1,2571.0,13520.4,1,0,21.8,1906.96
GCP,us-central1,n2-standard-16,16,64,7,323.9,2850.4,13129.0,0,0,19.4,3030.01
Azure,eastus,D4s_v5,4,16,20,271.5,1342.9,6625.0,0,1,22.4,1746.28
AWS,us-east-1,m6i.2xlarge,8,32,3,568.5,3776.9,8535.9,0,1,8.9,1765.0
GCP,asia-southeast1,n2-standard-8,8,32,12,212.0,3112.1,7530.8,1,1,94.6,2056.76
GCP,us-central1,e2-standard-2,2,8,17,540.7,2945.6,14234.3,0,1,5.1,1960.7
AWS,eu-west-2,m6i.xlarge,4,16,17,285.0,1340.4,1404.7,1,0,33.1,1277.8
AWS,us-east-1,m6i.xlarge,4,16,20,260.4,2865.4,12016.1,0,1,22.0,2356.62
AWS,eu-west-2,t3.large,2,8,6,559.0,2848.8,19691.7,0,1,83.0,2234.01
Azure,southeastasia,D8s_v5,8,32,1,466.1,3749.3,5146.6,0,1,10.2,1001.41
Azure,southeastasia,D8s_v5,8,32,3,260.8,1167.5,3900.6,1,0,68.0,849.65
AWS,ap-southeast-1,t3.medium,2,4,8,493.0,394.5,3086.1,0,0,88.0,482.55
Azure,uksouth,D8s_v5,8,32,11,415.0,34.4,1251.4,1,1,36.7,2165.78
Azure,southeastasia,D4s_v5,4,16,16,512.9,602.8,14958.0,1,1,30.3,3193.89
GCP,us-central1,e2-standard-2,2,8,11,608.6,2788.3,2780.1,0,0,22.5,892.04
Azure,uksouth,D4s_v5,4,16,10,427.8,466.3,10366.1,1,1,16.9,1933.14
GCP,us-central1,n2-standard-16,16,64,5,361.7,3595.0,11259.3,0,1,15.3,2679.44
GCP,us-central1,n2-standard-8,8,32,7,632.3,3520.1,9451.5,0,0,29.4,2814.7
GCP,us-central1,n2-standard-16,16,64,6,237.2,1248.8,11306.3,1,1,67.7,2194.58
GCP,us-central1,n2-standard-2,2,8,10,371.0,927.8,3775.6,0,0,17.6,756.88
AWS,eu-west-2,m6i.large,2,8,4,580.4,2822.4,16396.2,0,1,34.1,1896.34
GCP,europe-west2,e2-medium,2,4,14,199.0,1117.0,1884.6,1,0,61.6,418.14
AWS,us-east-1,m6i.xlarge,4,16,3,378.9,2887.4,11580.5,0,1,92.0,1482.42
GCP,asia-southeast1,n2-standard-8,8,32,10,450.3,125.4,18850.2,1,1,94.9,3450.91
GCP,us-central1,e2-medium,2,4,19,194.4,2406.5,1431.3,0,0,54.1,431.58
Azure,uksouth,D8s_v5,8,32,6,216.1,2955.1,2035.7,1,1,6.1,1042.83
AWS,ap-southeast-1,t3.medium,2,4,3,520.8,3390.6,8130.0,0,1,25.1,1133.49
Azure,uksouth,B2ms,2,8,6,194.8,985.8,7333.8,1,1,84.5,872.8
Azure,uksouth,D8s_v5,8,32,4,643.5,647.3,2070.2,0,0,76.6,1346.48
Azure,southeastasia,D2s_v5,2,8,16,401.5,150.8,2322.0,1,1,49.6,998.52
Azure,uksouth,D8s_v5,8,32,19,562.4,2674.5,6361.3,1,0,58.7,5478.11
AWS,ap-southeast-1,m6i.large,2,8,7,571.4,2596.7,2701.0,1,0,8.3,970.76
AWS,us-east-1,m6i.4xlarge,16,64,8,419.3,60.3,18307.9,0,0,30.8,4299.43
AWS,eu-west-2,m6i.4xlarge,16,64,19,494.1,826.7,13704.9,0,0,44.5,9009.57
AWS,us-east-1,m6i.large,2,8,8,729.4,132.8,14808.9,0,1,14.9,1840.35
AWS,eu-west-2,m6i.xlarge,4,16,13,218.8,3341.0,10468.5,0,0,78.1,1799.64
GCP,us-central1,n2-standard-2,2,8,18,236.9,2642.2,2679.5,0,1,32.0,843.95
AWS,eu-west-2,t3.large,2,8,13,623.7,248.1,17005.7,0,1,64.3,2204.79
AWS,us-east-1,t3.large,2,8,8,228.7,3516.3,18485.8,0,0,55.2,1894.94
AWS,eu-west-2,m6i.large,2,8,5,222.8,2256.5,6575.7,1,1,58.7,977.08
AWS,us-east-1,t3.medium,2,4,1,385.5,3518.3,6733.4,0,0,34.5,873.89
AWS,us-east-1,t3.medium,2,4,14,495.4,24.0,701.8,0,0,89.4,343.17
Azure,eastus,B2ms,2,8,2,434.4,3162.4,134.3,1,0,76.4,358.92
Azure,uksouth,D4s_v5,4,16,7,355.0,3867.7,8784.2,1,0,41.9,1634.16
AWS,eu-west-2,m6i.2xlarge,8,32,17,692.7,3729.8,11285.9,1,0,80.4,6142.21
GCP,europe-west2,e2-medium,2,4,14,602.8,2712.0,14922.7,1,1,57.9,1820.0
AWS,ap-southeast-1,t3.large,2,8,11,252.8,3269.1,14341.1,0,1,81.9,1798.2
AWS,ap-southeast-1,m6i.2xlarge,8,32,12,180.4,2586.6,14363.5,0,1,77.9,2420.51
Azure,eastus,D4s_v5,4,16,11,578.9,3952.0,19425.2,0,0,59.8,3154.28
GCP,us-central1,e2-medium,2,4,11,611.7,2093.0,17364.8,1,1,50.5,1831.72
AWS,us-east-1,m6i.xlarge,4,16,19,652.4,1947.8,974.4,1,1,19.8,2768.87
GCP,us-central1,n2-standard-4,4,16,16,308.8,2376.9,3088.9,1,0,54.0,1461.06
AWS,us-east-1,m6i.2xlarge,8,32,3,445.6,1930.7,19953.0,1,0,82.7,2412.98
GCP,us-central1,n2-standard-8,8,32,7,472.8,1184.0,15982.1,0,0,61.0,2644.04
Azure,southeastasia,D8s_v5,8,32,13,690.1,754.1,19467.0,0,0,48.5,5744.33
GCP,us-central1,e2-medium,2,4,7,609.7,579.0,6141.0,1,1,39.8,796.99
GCP,us-central1,n2-standard-16,16,64,15,221.6,3067.6,15840.5,1,0,87.4,4071.77
Azure,southeastasia,D2s_v5,2,8,8,453.1,3121.8,5851.9,0,1,77.5,1165.7
GCP,us-central1,e2-standard-2,2,8,10,670.4,3533.7,19025.6,1,1,16.7,2298.59
AWS,ap-southeast-1,t3.large,2,8,5,707.7,35.9,2863.9,1,1,25.3,668.48
AWS,us-east-1,m6i.xlarge,4,16,11,682.1,2418.2,13890.7,1,1,33.9,2841.94
GCP,europe-west2,e2-standard-2,2,8,13,336.5,1814.6,16710.3,0,0,84.7,1812.29
GCP,europe-west2,e2-medium,2,4,3,240.0,3861.3,11977.2,1,0,10.6,1427.4
GCP,us-central1,e2-standard-2,2,8,5,633.8,2146.8,5531.4,1,0,20.9,911.14
AWS,ap-southeast-1,t3.large,2,8,6,399.6,1003.3,17183.6,1,1,32.8,1861.62
AWS,ap-southeast-1,t3.medium,2,4,7,226.8,650.9,8341.1,0,1,24.1,896.53
Azure,southeastasia,D4s_v5,4,16,5,315.6,1690.8,4224.4,1,1,56.8,965.49
GCP,asia-southeast1,n2-standard-4,4,16,13,347.1,1396.5,15813.5,0,1,56.4,2390.82
AWS,us-east-1,m6i.2xlarge,8,32,2,276.4,1714.3,9740.9,1,1,36.3,1266.19
AWS,eu-west-2,t3.medium,2,4,13,395.1,174.9,12005.5,1,1,72.7,1385.57
AWS,us-east-1,m6i.2xlarge,8,32,12,194.0,1731.5,17666.9,1,0,66.6,2542.2
AWS,us-east-1,m6i.2xlarge,8,32,4,366.8,2687.0,8780.7,0,0,73.3,1607.0
GCP,asia-southeast1,e2-medium,2,4,18,649.5,2926.5,16036.0,0,1,62.4,1980.34
AWS,ap-southeast-1,m6i.xlarge,4,16,18,423.3,3282.5,15987.1,0,1,68.9,3296.43
AWS,ap-southeast-1,m6i.xlarge,4,16,5,503.5,2325.0,3345.8,0,1,70.2,1063.86
GCP,asia-southeast1,n2-standard-4,4,16,9,299.1,772.1,17129.9,0,1,69.5,2023.68
AWS,ap-southeast-1,m6i.2xlarge,8,32,16,293.0,357.7,10230.6,0,0,46.8,2880.98
GCP,europe-west2,e2-standard-2,2,8,6,336.9,3712.8,3301.6,0,1,13.0,742.07
Azure,eastus,D4s_v5,4,16,9,469.1,1361.2,13241.0,0,0,91.5,2056.94
AWS,eu-west-2,m6i.4xlarge,16,64,17,626.9,1975.4,14089.2,1,0,91.6,10074.6
GCP,asia-southeast1,e2-standard-2,2,8,6,307.6,2108.7,18557.2,0,1,36.4,1779.35
GCP,us-central1,e2-medium,2,4,5,363.2,112.7,3070.4,0,0,63.4,324.38
AWS,eu-west-2,m6i.2xlarge,8,32,1,188.8,842.4,6247.8,1,1,19.2,788.32
GCP,asia-southeast1,e2-medium,2,4,13,707.7,3196.7,11355.1,1,0,10.5,1641.6
GCP,europe-west2,e2-standard-2,2,8,20,337.8,2749.6,16818.9,0,0,53.5,2047.53
GCP,europe-west2,n2-standard-8,8,32,15,487.4,1097.5,6556.8,0,0,47.8,3894.05
GCP,europe-west2,n2-standard-8,8,32,12,343.7,1770.6,13711.8,1,0,30.5,3108.09
GCP,asia-southeast1,n2-standard-2,2,8,13,548.1,2440.4,19182.0,0,0,68.5,2418.8
AWS,us-east-1,m6i.4xlarge,16,64,11,336.6,1479.6,7819.2,0,1,77.4,3726.01
Azure,southeastasia,D8s_v5,8,32,15,225.9,1890.5,564.4,0,1,90.4,1724.68
GCP,europe-west2,e2-standard-2,2,8,1,529.7,1878.8,7412.6,1,1,15.8,887.41
AWS,eu-west-2,m6i.xlarge,4,16,9,181.1,3812.7,399.6,1,0,87.3,765.17
AWS,eu-west-2,m6i.xlarge,4,16,6,202.2,3947.8,16987.8,0,1,17.8,2014.67
AWS,eu-west-2,m6i.large,2,8,11,475.1,3700.0,12401.6,1,1,17.0,2030.41
AWS,us-east-1,m6i.4xlarge,16,64,15,577.5,2130.8,7487.4,0,0,84.3,7509.28
AWS,ap-southeast-1,m6i.2xlarge,8,32,17,468.4,1908.6,17308.6,1,1,32.4,5110.22
GCP,europe-west2,n2-standard-8,8,32,8,422.8,887.0,17336.8,1,0,23.7,3008.88
GCP,us-central1,e2-medium,2,4,11,647.4,572.6,18198.7,0,0,50.9,1725.98
Azure,uksouth,B2ms,2,8,2,373.3,2603.4,9953.9,1,1,21.7,1194.09
Azure,eastus,D16s_v5,16,64,13,280.3,3529.2,4195.2,1,0,31.6,3612.23
AWS,ap-southeast-1,m6i.xlarge,4,16,13,583.2,294.4,11866.8,0,0,14.5,2704.64
AWS,eu-west-2,m6i.2xlarge,8,32,7,253.2,2785.3,5477.0,1,1,49.8,1530.84
Azure,uksouth,D8s_v5,8,32,2,718.0,597.0,10437.7,1,1,23.2,1613.82
GCP,europe-west2,e2-medium,2,4,3,458.3,2614.2,1746.8,1,0,26.1,461.08
Azure,eastus,D4s_v5,4,16,9,443.2,3962.0,19925.3,0,1,12.3,2734.48
Azure,eastus,D2s_v5,2,8,5,188.0,399.0,9063.8,1,1,69.4,952.88
Azure,southeastasia,D4s_v5,4,16,9,483.7,752.9,9906.0,1,1,60.1,1985.4
Azure,southeastasia,D4s_v5,4,16,4,704.4,191.2,11303.0,0,1,45.7,1647.22
AWS,ap-southeast-1,m6i.4xlarge,16,64,18,289.1,1273.2,18047.4,0,0,63.7,6116.77
Azure,uksouth,D8s_v5,8,32,10,690.5,2053.3,7101.2,0,1,16.2,3756.44
AWS,us-east-1,m6i.xlarge,4,16,17,393.7,3289.8,8847.8,0,1,88.2,2437.57
GCP,europe-west2,n2-standard-4,4,16,6,316.2,1075.0,7334.5,0,0,65.2,1097.47
GCP,europe-west2,n2-standard-16,16,64,14,659.2,1186.3,19068.4,1,0,92.0,9329.95
GCP,asia-southeast1,n2-standard-16,16,64,4,510.6,492.7,15782.8,1,0,86.9,3144.74
AWS,eu-west-2,t3.medium,2,4,9,416.7,715.8,581.4,1,0,56.7,332.24
Azure,southeastasia,B2ms,2,8,10,388.4,1111.3,14585.4,1,1,88.1,1731.22
GCP,europe-west2,n2-standard-16,16,64,4,280.5,421.8,15296.3,0,1,24.7,2259.63
Azure,eastus,B2ms,2,8,12,530.7,2753.3,18103.9,1,0,55.4,2292.64
Azure,southeastasia,D4s_v5,4,16,14,581.6,2916.9,18306.5,0,1,79.5,3562.93
AWS,eu-west-2,m6i.2xlarge,8,32,11,613.1,1086.1,11790.1,0,1,48.5,3899.89
AWS,ap-southeast-1,m6i.large,2,8,12,397.3,3986.1,3051.3,0,1,76.9,1156.15
AWS,eu-west-2,t3.large,2,8,15,533.5,1721.2,10206.5,0,1,50.3,1755.12
AWS,ap-southeast-1,t3.large,2,8,4,400.2,2125.3,669.7,1,1,28.0,476.68
GCP,us-central1,n2-standard-4,4,16,14,425.4,1674.4,4999.7,0,1,47.7,1737.34
Azure,eastus,D8s_v5,8,32,9,220.1,1814.7,4147.5,0,1,82.4,1295.11
GCP,us-central1,e2-medium,2,4,13,320.4,97.2,8083.1,0,1,91.6,833.73
AWS,ap-southeast-1,m6i.large,2,8,6,625.0,2231.1,12235.2,0,0,85.9,1692.12
GCP,asia-southeast1,n2-standard-4,4,16,3,574.5,1947.6,18376.0,0,1,17.1,1983.53
GCP,europe-west2,n2-standard-4,4,16,5,588.2,2218.4,16717.7,1,1,15.6,2228.83
AWS,ap-southeast-1,m6i.2xlarge,8,32,4,237.7,836.1,16124.6,1,0,72.2,1910.59
AWS,us-east-1,t3.large,2,8,14,433.1,825.9,13985.4,1,1,15.2,1824.28
AWS,us-east-1,t3.medium,2,4,4,562.9,303.3,19517.9,0,1,6.3,1783.01
GCP,us-central1,n2-standard-8,8,32,17,672.2,2420.8,3529.2,0,1,92.9,4892.29
Azure,uksouth,B2ms,2,8,15,616.0,287.3,3437.4,1,0,53.3,1199.91
GCP,asia-southeast1,n2-standard-8,8,32,20,448.6,2045.0,14360.1,1,0,6.9,5384.68
AWS,eu-west-2,m6i.xlarge,4,16,17,371.9,616.3,3735.1,0,0,11.4,1702.99
GCP,europe-west2,n2-standard-4,4,16,11,337.4,3837.5,17753.6,1,0,66.7,2576.53
AWS,us-east-1,m6i.4xlarge,16,64,9,639.9,3176.5,15138.7,0,1,77.6,5884.79
GCP,us-central1,e2-standard-2,2,8,18,408.3,3429.8,5782.1,0,1,37.0,1305.96
GCP,asia-southeast1,n2-standard-2,2,8,3,685.7,642.0,18195.9,1,0,59.4,1800.75
Azure,eastus,D16s_v5,16,64,4,512.7,3242.1,8059.3,1,0,53.0,2599.32
GCP,asia-southeast1,n2-standard-2,2,8,10,582.6,3989.3,7006.0,1,1,54.8,1673.15
GCP,asia-southeast1,n2-standard-16,16,64,1,473.5,3196.2,5171.8,0,1,60.8,1155.17
GCP,asia-southeast1,n2-standard-4,4,16,16,661.4,1599.9,16484.8,0,0,10.3,3692.57
Azure,uksouth,D2s_v5,2,8,7,598.2,3363.4,18407.2,1,0,11.1,2308.87
Azure,eastus,D2s_v5,2,8,17,219.7,92.6,499.0,0,0,16.5,409.78
GCP,asia-southeast1,e2-standard-2,2,8,7,612.0,3511.2,10391.7,0,1,11.2,1506.12
AWS,eu-west-2,t3.large,2,8,2,683.4,2772.4,19044.0,1,1,71.8,2073.15
GCP,europe-west2,n2-standard-8,8,32,19,732.0,2983.9,2362.6,0,0,18.2,6258.49
AWS,us-east-1,m6i.4xlarge,16,64,6,247.0,2057.9,3312.7,0,1,70.1,1619.54
Azure,southeastasia,D2s_v5,2,8,5,474.4,1294.0,4501.5,0,0,87.4,755.35
GCP,europe-west2,e2-medium,2,4,4,586.2,2336.4,4020.3,0,1,63.8,620.96
Azure,uksouth,B2ms,2,8,13,606.7,644.9,15566.1,0,0,6.7,2014.59
AWS,ap-southeast-1,m6i.2xlarge,8,32,10,515.9,3678.5,7512.1,0,1,38.4,3249.72
Azure,southeastasia,B2ms,2,8,5,325.0,3105.4,10694.3,1,1,51.0,1420.99
Azure,uksouth,D4s_v5,4,16,4,526.1,929.2,11844.1,1,1,17.4,1576.33
Azure,eastus,D4s_v5,4,16,20,688.7,3328.8,7440.1,0,0,79.6,3698.88
AWS,us-east-1,t3.medium,2,4,6,350.2,182.7,6293.8,0,0,14.9,670.56
AWS,eu-west-2,t3.medium,2,4,10,492.9,100.6,16844.8,0,0,64.4,1641.18
AWS,us-east-1,t3.large,2,8,7,264.0,2344.6,898.8,0,1,42.3,428.33
GCP,asia-southeast1,e2-medium,2,4,14,265.3,678.8,13170.5,0,1,86.5,1283.79
Azure,eastus,D4s_v5,4,16,13,202.8,1992.7,13091.4,0,1,79.6,1725.11
Azure,uksouth,D16s_v5,16,64,18,625.8,981.1,17289.0,1,0,15.1,11302.57
GCP,asia-southeast1,e2-standard-2,2,8,11,476.1,3404.7,19922.5,1,1,37.2,2291.44
GCP,europe-west2,n2-standard-16,16,64,5,614.6,95.0,9100.4,0,1,16.8,3369.84
AWS,ap-southeast-1,m6i.2xlarge,8,32,9,285.9,3030.1,6428.0,0,1,84.0,1915.5
GCP,us-central1,n2-standard-2,2,8,5,423.2,1208.2,15263.7,1,1,42.2,1610.1
Azure,southeastasia,D2s_v5,2,8,18,593.6,2240.4,14483.8,0,1,54.6,2614.13
AWS,us-east-1,t3.large,2,8,13,451.6,2022.6,1801.1,0,0,17.7,826.3
Azure,southeastasia,D4s_v5,4,16,1,196.7,3958.8,9869.4,1,1,93.2,1307.33
Azure,southeastasia,D2s_v5,2,8,10,219.8,2739.4,32.6,0,1,72.1,494.65
AWS,eu-west-2,m6i.4xlarge,16,64,15,193.8,2820.9,19802.9,1,1,78.2,4391.86
Azure,uksouth,D2s_v5,2,8,20,201.0,2224.0,11517.5,1,0,19.6,1701.98
GCP,europe-west2,n2-standard-16,16,64,17,287.5,3289.1,1581.4,0,1,66.0,4580.32
GCP,asia-southeast1,n2-standard-4,4,16,15,559.0,3080.9,10115.2,0,0,84.5,2897.25
GCP,asia-southeast1,e2-medium,2,4,10,591.6,826.8,4226.8,0,1,21.4,651.24
GCP,europe-west2,n2-standard-4,4,16,10,700.6,3946.6,13034.0,0,1,82.1,2842.13
GCP,asia-southeast1,n2-standard-2,2,8,3,728.9,3459.3,6072.9,0,1,34.1,1057.21
GCP,us-central1,e2-medium,2,4,10,431.9,2058.5,4307.1,0,0,86.0,645.56
Azure,uksouth,D16s_v5,16,64,13,659.1,1337.1,3902.9,1,1,45.2,7707.66
GCP,us-central1,n2-standard-8,8,32,15,209.9,1374.6,13795.0,1,1,23.1,2525.33
Azure,eastus,D4s_v5,4,16,10,202.0,1106.3,19896.1,0,1,32.9,2039.05
Azure,southeastasia,B2ms,2,8,12,251.2,515.3,8334.6,0,0,14.7,1059.06
AWS,eu-west-2,m6i.4xlarge,16,64,4,567.0,3667.4,9095.4,1,0,41.8,3106.63
AWS,eu-west-2,m6i.2xlarge,8,32,8,334.4,646.9,6129.6,1,1,64.4,1791.72
Azure,eastus,D16s_v5,16,64,3,254.7,328.7,17492.7,0,1,73.4,2119.49
Azure,southeastasia,B2ms,2,8,7,341.0,1823.3,17131.5,0,1,27.0,1772.16
Azure,southeastasia,D16s_v5,16,64,18,405.6,2681.0,8004.2,0,1,74.8,7587.5
Azure,uksouth,D16s_v5,16,64,16,390.7,552.9,5938.8,1,1,20.1,6046.19
Azure,eastus,D2s_v5,2,8,13,688.3,2276.4,3875.9,1,0,50.6,1447.8
Azure,uksouth,D8s_v5,8,32,4,330.8,2457.5,1403.2,1,0,28.3,963.68
GCP,asia-southeast1,n2-standard-16,16,64,9,358.5,3666.2,6865.2,1,0,72.1,3774.14
GCP,us-central1,e2-standard-2,2,8,7,540.0,853.5,4512.8,0,1,11.4,705.96
Azure,uksouth,D2s_v5,2,8,9,528.1,3478.2,2216.1,1,1,37.8,997.24
Azure,southeastasia,D2s_v5,2,8,5,414.1,3958.0,1304.3,0,1,50.3,681.55
Azure,southeastasia,D4s_v5,4,16,11,427.3,1104.5,13176.3,0,1,68.8,2254.02
AWS,eu-west-2,m6i.large,2,8,13,431.9,44.1,1500.0,1,1,29.8,799.28
AWS,eu-west-2,m6i.large,2,8,7,742.7,3666.9,11706.2,0,0,33.7,1806.53
AWS,ap-southeast-1,m6i.large,2,8,10,189.5,1111.4,19107.6,1,1,21.9,1942.91
Azure,southeastasia,D8s_v5,8,32,17,607.5,1758.7,4174.5,1,1,78.3,5131.66
AWS,eu-west-2,m6i.2xlarge,8,32,15,426.0,2324.5,10350.1,0,1,89.7,3828.99
AWS,us-east-1,m6i.large,2,8,1,313.3,2012.4,10811.4,0,0,29.7,1157.96
GCP,asia-southeast1,n2-standard-2,2,8,20,406.8,732.1,8279.7,0,0,58.4,1613.96
AWS,us-east-1,m6i.2xlarge,8,32,14,597.4,1342.2,16531.0,1,1,16.1,4722.1
GCP,asia-southeast1,n2-standard-4,4,16,9,335.1,1727.7,7896.8,1,1,64.0,1543.83
GCP,asia-southeast1,n2-standard-2,2,8,16,293.8,2930.9,16111.7,1,1,90.5,2155.76
Azure,uksouth,D4s_v5,4,16,13,337.2,2031.5,17724.4,1,0,64.6,2545.9
GCP,europe-west2,n2-standard-2,2,8,6,314.2,1781.3,12706.7,1,1,67.6,1459.72
Azure,uksouth,D16s_v5,16,64,6,305.2,2728.1,7750.0,1,1,58.7,2572.29
AWS,eu-west-2,m6i.xlarge,4,16,7,665.0,3384.9,2181.1,0,1,95.0,1503.3
Azure,eastus,D16s_v5,16,64,10,331.6,2774.1,9618.2,1,1,85.0,3739.94
AWS,ap-southeast-1,m6i.2xlarge,8,32,10,342.7,735.9,17567.7,0,0,84.1,3100.63
Azure,southeastasia,D8s_v5,8,32,10,248.0,1873.1,7747.9,0,1,78.3,1985.99
Azure,uksouth,D4s_v5,4,16,19,410.1,1570.9,3218.9,1,0,47.7,2108.89
AWS,us-east-1,m6i.4xlarge,16,64,14,584.2,1161.0,15154.3,0,0,27.6,7656.28
AWS,eu-west-2,t3.large,2,8,4,385.2,2903.0,12633.4,1,0,9.8,1530.11
GCP,asia-southeast1,n2-standard-4,4,16,19,631.6,2388.8,15661.8,0,0,25.5,3965.57
AWS,eu-west-2,t3.medium,2,4,5,733.1,926.6,4733.7,0,1,37.5,692.01
AWS,us-east-1,m6i.xlarge,4,16,15,454.3,989.9,4713.2,1,1,33.6,1896.55
GCP,europe-west2,e2-medium,2,4,13,533.4,301.8,6340.8,0,0,42.1,824.06
AWS,us-east-1,m6i.large,2,8,16,695.5,3644.4,4478.7,1,1,32.6,1806.03
Azure,uksouth,D4s_v5,4,16,13,287.0,3679.2,2062.0,1,0,68.3,1296.29
AWS,eu-west-2,t3.medium,2,4,7,275.0,1895.2,7063.8,0,1,64.7,898.61
AWS,eu-west-2,m6i.xlarge,4,16,4,204.7,1769.6,15480.5,0,0,41.3,1663.22
Azure,uksouth,D16s_v5,16,64,2,589.6,803.9,5825.3,0,1,59.1,1595.34
AWS,eu-west-2,m6i.xlarge,4,16,19,653.7,3518.9,12590.3,0,0,44.1,4016.86
GCP,europe-west2,e2-standard-2,2,8,11,184.2,3409.5,928.5,0,0,22.8,509.06
GCP,asia-southeast1,e2-medium,2,4,4,678.9,3056.7,4814.9,1,1,40.8,834.69
AWS,ap-southeast-1,m6i.2xlarge,8,32,12,648.5,653.3,19604.9,1,1,55.3,5248.24
AWS,eu-west-2,m6i.2xlarge,8,32,17,334.9,2206.1,10992.7,0,1,20.2,3557.85
AWS,us-east-1,m6i.large,2,8,9,700.0,2061.6,12471.5,1,1,50.3,1951.52
AWS,eu-west-2,t3.medium,2,4,7,435.4,2032.8,19686.3,1,1,18.5,1961.95
Azure,southeastasia,D8s_v5,8,32,17,507.9,1678.5,1031.6,0,1,75.6,4116.43
GCP,asia-southeast1,e2-standard-2,2,8,19,343.8,1660.7,15177.3,1,1,94.5,1918.62
Azure,southeastasia,D4s_v5,4,16,19,646.9,3450.1,11265.1,1,1,60.3,4221.72
AWS,us-east-1,m6i.4xlarge,16,64,10,272.9,1166.6,10199.8,0,1,60.1,3111.71
Azure,southeastasia,D16s_v5,16,64,2,702.5,2413.8,15334.0,1,1,61.0,2799.0
GCP,us-central1,e2-standard-2,2,8,9,492.6,2219.1,837.2,1,1,87.5,603.83
Azure,eastus,B2ms,2,8,19,303.8,1921.5,17490.1,0,1,8.6,2028.04
AWS,eu-west-2,t3.large,2,8,17,530.5,2260.6,6379.4,0,1,80.1,1578.69
GCP,europe-west2,n2-standard-4,4,16,12,336.1,2640.6,1759.3,0,1,10.6,1236.84
Azure,uksouth,D2s_v5,2,8,7,512.5,1831.8,6035.4,0,0,16.3,1034.29
GCP,europe-west2,n2-standard-4,4,16,7,386.6,2990.2,2483.0,1,0,61.3,1111.82
GCP,asia-southeast1,n2-standard-2,2,8,1,278.4,213.0,3842.3,1,1,52.5,449.0
GCP,europe-west2,e2-standard-2,2,8,12,560.1,236.1,17323.4,1,1,85.5,1904.18
GCP,asia-southeast1,n2-standard-16,16,64,13,564.4,507.2,13498.5,0,0,44.9,7605.01
Azure,southeastasia,B2ms,2,8,5,325.1,705.2,3404.6,0,1,6.8,514.39
Azure,uksouth,D2s_v5,2,8,19,221.2,311.3,9023.8,1,0,87.0,1319.22
GCP,europe-west2,e2-medium,2,4,5,201.4,1185.5,2453.5,1,0,13.9,397.7
AWS,eu-west-2,t3.medium,2,4,10,429.4,567.8,89.0,1,1,77.0,321.38
Azure,uksouth,D4s_v5,4,16,7,581.8,2515.1,3682.8,1,1,55.8,1455.61
Azure,southeastasia,B2ms,2,8,6,352.6,1060.0,9215.2,0,1,23.1,1122.13
AWS,ap-southeast-1,m6i.2xlarge,8,32,2,215.0,1047.3,16080.7,0,0,59.2,1623.09
AWS,ap-southeast-1,m6i.4xlarge,16,64,9,289.4,2610.2,11701.4,1,0,38.2,3535.94
AWS,us-east-1,m6i.2xlarge,8,32,18,697.2,1971.8,19126.8,0,0,82.4,6558.88
GCP,asia-southeast1,n2-standard-8,8,32,16,505.6,2884.3,3555.7,0,0,32.2,3903.19
AWS,eu-west-2,m6i.2xlarge,8,32,19,243.3,3144.1,11096.5,1,0,34.9,3277.09
AWS,eu-west-2,m6i.2xlarge,8,32,18,556.8,3054.4,11669.9,0,1,28.6,5632.06
AWS,eu-west-2,m6i.xlarge,4,16,2,589.4,1355.1,245.1,0,0,31.5,368.54
Azure,southeastasia,D4s_v5,4,16,6,419.9,1018.6,6939.2,0,1,40.6,1276.49
GCP,asia-southeast1,n2-standard-2,2,8,1,365.1,364.2,12683.7,0,1,18.1,1130.31
GCP,asia-southeast1,e2-medium,2,4,13,699.6,1762.3,6876.1,0,0,27.2,1060.43
AWS,eu-west-2,m6i.2xlarge,8,32,6,572.0,2670.1,16588.6,1,1,8.8,3187.27
GCP,asia-southeast1,n2-standard-2,2,8,12,348.1,296.3,14468.2,0,0,23.3,1651.06
AWS,ap-southeast-1,m6i.2xlarge,8,32,11,547.1,3619.3,18566.1,0,1,37.7,4436.31
Azure,uksouth,B2ms,2,8,13,223.6,585.9,18003.7,0,0,43.5,1781.07
Azure,southeastasia,B2ms,2,8,1,262.0,3988.2,604.4,0,0,66.4,405.92
GCP,asia-southeast1,e2-standard-2,2,8,15,302.0,3319.6,4382.3,0,0,22.0,966.31
GCP,asia-southeast1,e2-medium,2,4,14,287.6,1833.0,18603.6,0,1,93.1,1737.48
AWS,us-east-1,t3.large,2,8,9,412.2,1262.5,6513.9,0,1,66.4,977.06
AWS,eu-west-2,t3.large,2,8,15,491.8,2922.8,7093.1,1,1,78.6,1632.63
GCP,us-central1,n2-standard-2,2,8,16,366.8,771.2,14546.2,0,1,91.4,1828.99
Azure,uksouth,D16s_v5,16,64,20,456.0,3146.1,121.8,0,0,90.6,7963.86
Azure,uksouth,D2s_v5,2,8,19,519.0,1442.1,8858.3,0,1,70.9,1969.6
GCP,asia-southeast1,n2-standard-16,16,64,10,712.4,639.1,2583.3,0,0,71.5,6223.26
Azure,uksouth,D2s_v5,2,8,6,646.2,1421.1,10748.0,1,1,56.7,1567.86
Azure,eastus,D16s_v5,16,64,20,479.1,729.4,12919.0,1,1,66.7,8729.43
Azure,eastus,D16s_v5,16,64,3,597.3,239.7,16195.4,0,1,51.7,2703.91
Azure,uksouth,D4s_v5,4,16,13,712.7,846.8,13657.9,1,1,45.6,3307.07
Azure,uksouth,B2ms,2,8,20,194.6,21.3,7007.3,1,0,87.1,1005.99
GCP,us-central1,e2-standard-2,2,8,13,600.7,1264.2,13264.8,1,1,82.4,1779.09
AWS,ap-southeast-1,m6i.xlarge,4,16,20,352.7,113.6,5098.0,1,1,15.1,2059.58
Azure,southeastasia,D2s_v5,2,8,11,275.0,1612.1,15719.3,0,1,53.3,1790.17
GCP,asia-southeast1,e2-medium,2,4,7,242.1,3924.8,3520.9,1,1,56.3,762.09
Azure,eastus,B2ms,2,8,5,559.9,1141.2,18304.9,1,1,90.9,1899.16
GCP,asia-southeast1,n2-standard-2,2,8,7,654.6,2084.9,6935.0,0,0,31.8,1277.1
Azure,uksouth,D2s_v5,2,8,15,722.5,2207.5,11968.7,0,0,31.1,2392.76
AWS,ap-southeast-1,m6i.2xlarge,8,32,13,558.4,1830.1,5757.2,1,1,20.8,3867.74
GCP,asia-southeast1,n2-standard-2,2,8,18,367.7,2688.1,2985.4,0,1,14.1,1215.66
GCP,asia-southeast1,n2-standard-2,2,8,19,319.4,2655.8,3123.3,1,0,18.3,1216.31
GCP,europe-west2,n2-standard-4,4,16,7,363.9,530.1,19644.6,0,0,72.7,2165.1
Azure,uksouth,D2s_v5,2,8,8,362.9,2873.5,14334.3,0,0,31.5,1676.38
AWS,eu-west-2,t3.medium,2,4,9,626.2,2346.8,188.7,0,0,87.4,467.33
GCP,us-central1,n2-standard-8,8,32,12,447.9,2136.0,1346.1,0,0,54.3,2346.41
GCP,us-central1,n2-standard-4,4,16,10,422.0,2842.0,942.5,0,1,63.7,1131.67
AWS,ap-southeast-1,m6i.xlarge,4,16,5,428.4,3345.8,12111.8,1,1,33.1,1890.04
AWS,eu-west-2,t3.large,2,8,19,522.7,2944.7,15374.6,1,1,42.9,2501.85
GCP,asia-southeast1,n2-standard-2,2,8,9,220.1,470.6,13373.9,1,0,9.3,1381.54
AWS,eu-west-2,m6i.2xlarge,8,32,3,622.1,1514.7,12454.3,1,0,12.3,2035.16
AWS,us-east-1,t3.large,2,8,4,678.2,1790.7,11815.5,1,1,23.3,1458.36
AWS,ap-southeast-1,m6i.4xlarge,16,64,4,601.2,1685.8,307.9,0,1,23.9,2276.76
AWS,ap-southeast-1,m6i.2xlarge,8,32,6,683.0,2635.5,16645.7,0,0,37.6,3337.61
GCP,europe-west2,n2-standard-8,8,32,13,273.0,2320.7,15088.6,1,0,38.6,2990.75
GCP,asia-southeast1,n2-standard-4,4,16,12,417.2,80.5,1396.8,1,0,85.3,1267.65
Azure,eastus,D8s_v5,8,32,5,662.6,3002.9,5822.0,1,0,81.9,2078.76
Azure,uksouth,D16s_v5,16,64,17,234.8,271.9,15172.0,0,1,86.3,4589.86
AWS,us-east-1,t3.medium,2,4,13,615.6,2211.0,19660.1,0,1,22.8,2175.0
AWS,us-east-1,m6i.xlarge,4,16,20,235.5,419.3,15267.7,1,1,85.0,2274.68
AWS,ap-southeast-1,m6i.2xlarge,8,32,16,361.9,3627.1,5974.5,1,0,66.3,3423.83
AWS,ap-southeast-1,t3.medium,2,4,4,717.1,2458.7,13360.7,0,1,69.8,1516.45
Azure,southeastasia,D16s_v5,16,64,7,563.6,289.2,3662.8,0,0,92.1,3877.78
AWS,ap-southeast-1,m6i.large,2,8,8,608.5,3016.5,1718.2,0,1,49.4,933.07
GCP,us-central1,n2-standard-8,8,32,14,693.7,2983.7,18636.5,0,1,37.3,5325.92
Azure,uksouth,D16s_v5,16,64,8,600.9,3209.2,17516.9,1,1,25.1,5897.84
AWS,ap-southeast-1,m6i.2xlarge,8,32,14,588.3,368.7,19910.5,0,1,82.9,5177.2
AWS,us-east-1,m6i.2xlarge,8,32,15,675.9,3262.4,16235.5,0,0,67.2,5509.15
AWS,us-east-1,m6i.4xlarge,16,64,18,532.8,2087.1,18145.2,0,1,42.3,9201.58
Azure,southeastasia,D16s_v5,16,64,16,498.3,2044.9,14538.0,0,0,10.6,8582.47
GCP,europe-west2,e2-medium,2,4,16,563.0,2871.8,10472.5,0,1,23.2,1510.23
AWS,us-east-1,t3.large,2,8,9,572.5,3385.2,14418.4,1,1,19.3,1978.9
Azure,eastus,D16s_v5,16,64,7,626.6,2690.3,5967.5,1,0,54.5,4236.92
AWS,ap-southeast-1,m6i.2xlarge,8,32,18,469.1,1904.0,3968.8,1,1,29.4,4297.68
GCP,europe-west2,n2-standard-8,8,32,3,710.9,893.5,2002.1,0,0,82.7,1136.43
AWS,ap-southeast-1,t3.large,2,8,6,204.4,3286.7,11628.1,0,0,27.7,1493.7
Azure,eastus,D4s_v5,4,16,6,594.2,2698.6,6642.4,0,0,16.5,1515.17
Azure,uksouth,D2s_v5,2,8,13,343.2,495.3,3099.4,1,1,59.7,862.78
GCP,asia-southeast1,n2-standard-16,16,64,20,355.7,909.5,15704.1,0,1,8.8,7471.92
Azure,uksouth,D4s_v5,4,16,4,655.3,357.7,19329.5,0,1,81.3,2152.09
AWS,ap-southeast-1,m6i.2xlarge,8,32,6,654.2,2126.1,1222.6,0,1,17.5,1983.08
GCP,asia-southeast1,e2-medium,2,4,10,677.1,2549.0,12470.6,1,1,91.5,1638.97
GCP,europe-west2,n2-standard-8,8,32,12,329.0,2386.5,15958.7,0,0,31.4,3123.02
AWS,ap-southeast-1,m6i.4xlarge,16,64,1,601.2,1223.3,11229.9,1,0,78.6,1678.87
Azure,eastus,D4s_v5,4,16,3,319.7,1251.5,4986.7,1,0,26.6,770.57
Azure,uksouth,B2ms,2,8,14,651.5,2777.1,11886.5,1,0,8.4,2091.12
AWS,us-east-1,m6i.large,2,8,11,387.8,2615.2,6940.6,0,1,9.1,1257.46
GCP,us-central1,n2-standard-2,2,8,13,488.0,319.6,13361.1,1,1,19.0,1753.83
AWS,us-east-1,m6i.2xlarge,8,32,20,315.7,3095.7,5729.5,0,0,39.7,3140.42
AWS,ap-southeast-1,t3.medium,2,4,11,741.4,3876.6,4420.4,0,1,19.4,1129.41
Azure,uksouth,D2s_v5,2,8,3,646.6,1359.4,13341.9,1,1,39.0,1523.98
GCP,asia-southeast1,n2-standard-8,8,32,10,241.0,2757.6,19267.6,0,0,38.9,2837.88
AWS,ap-southeast-1,m6i.xlarge,4,16,2,641.8,1832.8,2377.2,0,1,10.5,646.8
AWS,eu-west-2,m6i.4xlarge,16,64,14,661.7,3135.7,17144.8,0,0,5.9,9397.24
AWS,us-east-1,m6i.4xlarge,16,64,15,268.2,3296.7,14877.0,0,0,85.4,4615.5
GCP,europe-west2,e2-medium,2,4,18,653.0,3486.9,3033.7,1,0,20.6,1053.35
GCP,europe-west2,n2-standard-2,2,8,6,191.6,3976.5,17533.1,0,1,24.8,1877.46
GCP,europe-west2,n2-standard-16,16,64,10,183.2,3121.4,19933.3,0,1,40.3,3482.66
AWS,us-east-1,t3.medium,2,4,9,423.6,2189.2,16981.3,1,1,8.4,1831.91
Azure,uksouth,D2s_v5,2,8,12,635.8,3549.5,12702.3,1,1,41.1,2295.85
GCP,asia-southeast1,e2-standard-2,2,8,7,307.6,1169.4,2729.4,0,1,6.2,507.36
GCP,us-central1,n2-standard-8,8,32,17,475.2,2510.9,7154.6,1,0,22.3,4008.07
Azure,uksouth,D2s_v5,2,8,14,234.0,3205.5,9832.2,1,1,70.6,1508.95
GCP,us-central1,e2-medium,2,4,3,527.6,2435.7,19449.2,1,1,53.4,1841.26
AWS,us-east-1,m6i.xlarge,4,16,11,291.5,3382.0,16703.2,1,0,93.2,2347.07
GCP,us-central1,n2-standard-2,2,8,8,518.6,357.7,7653.1,1,0,42.0,1135.74
GCP,europe-west2,n2-standard-2,2,8,14,666.8,21.7,1118.8,1,0,35.8,1129.04
GCP,us-central1,n2-standard-16,16,64,7,318.2,41.6,10696.0,1,1,62.7,2685.35
Azure,eastus,B2ms,2,8,6,319.3,3828.4,3810.4,1,1,22.0,843.13
Azure,southeastasia,D8s_v5,8,32,2,541.1,2456.1,13003.3,0,1,87.7,1717.44
Azure,southeastasia,D2s_v5,2,8,6,382.2,1146.5,8450.3,1,1,8.9,1161.72
AWS,us-east-1,m6i.2xlarge,8,32,19,568.8,2256.2,6822.0,0,0,63.7,4808.89
Azure,uksouth,B2ms,2,8,20,574.0,3924.3,8495.2,1,1,43.3,2071.35
GCP,europe-west2,n2-standard-16,16,64,15,382.6,1498.6,8615.9,1,1,78.0,5841.45
Azure,eastus,D2s_v5,2,8,2,585.8,1064.9,12457.5,0,0,17.2,1257.69
GCP,europe-west2,n2-standard-2,2,8,10,204.9,1674.1,15764.4,1,1,94.1,1699.88
AWS,eu-west-2,t3.medium,2,4,7,284.9,605.7,13547.1,1,1,7.8,1368.18
AWS,eu-west-2,m6i.4xlarge,16,64,1,603.0,1540.3,11973.8,1,1,53.0,1776.17
AWS,us-east-1,m6i.4xlarge,16,64,11,430.8,879.6,11301.0,1,1,15.2,4924.82
AWS,us-east-1,m6i.large,2,8,7,435.1,1746.3,18158.7,0,0,25.3,1917.2
GCP,us-central1,n2-standard-8,8,32,13,557.1,3355.9,11318.3,0,1,8.3,4000.05
GCP,us-central1,e2-standard-2,2,8,4,231.4,3751.5,19270.4,0,1,80.0,1865.66
GCP,europe-west2,n2-standard-8,8,32,7,694.8,3680.7,13017.7,1,1,27.1,3502.13
GCP,europe-west2,e2-medium,2,4,3,210.6,2823.6,9065.7,0,1,77.1,1036.16
AWS,us-east-1,m6i.4xlarge,16,64,17,304.8,2383.0,516.3,1,0,23.9,4297.11
Azure,eastus,D4s_v5,4,16,15,213.5,3083.6,5368.4,1,1,80.5,1416.48
GCP,europe-west2,n2-standard-8,8,32,5,368.7,3565.3,14393.8,0,0,94.2,2242.28
GCP,us-central1,n2-standard-2,2,8,16,633.7,2584.6,5577.2,0,1,50.0,1662.74
AWS,us-east-1,m6i.2xlarge,8,32,7,230.1,2778.5,16972.3,1,0,19.1,2288.51
Azure,eastus,D2s_v5,2,8,20,266.1,2773.6,10116.6,0,0,49.0,1627.68
Azure,eastus,D16s_v5,16,64,5,668.0,457.4,11951.5,1,0,57.1,3782.01
AWS,us-east-1,m6i.2xlarge,8,32,5,426.4,3831.3,10184.2,0,0,39.1,2057.37
Azure,uksouth,D8s_v5,8,32,10,582.6,3494.7,18111.9,0,1,30.6,4241.46
AWS,ap-southeast-1,t3.large,2,8,20,590.1,1989.5,13776.2,0,0,73.7,2490.46
Azure,eastus,D2s_v5,2,8,18,365.1,3772.2,10159.3,0,1,62.5,1825.16
Azure,uksouth,D2s_v5,2,8,3,670.2,1448.9,8651.6,1,0,68.2,1132.18
AWS,us-east-1,m6i.xlarge,4,16,7,577.0,1151.5,4089.5,1,0,31.2,1302.02
GCP,europe-west2,n2-standard-8,8,32,15,671.8,2641.1,15062.2,1,0,29.8,5762.04
AWS,ap-southeast-1,t3.medium,2,4,8,257.1,2511.6,6377.3,1,0,73.3,947.38
GCP,europe-west2,e2-medium,2,4,4,494.1,3258.4,3221.7,1,1,52.2,711.29
Azure,southeastasia,D4s_v5,4,16,13,297.7,2603.4,4236.7,1,0,44.1,1540.36
GCP,europe-west2,e2-standard-2,2,8,11,268.8,1810.1,4057.8,0,0,35.7,700.3
AWS,ap-southeast-1,m6i.large,2,8,9,225.2,109.6,2289.1,1,1,17.3,506.18
AWS,eu-west-2,m6i.large,2,8,9,241.5,3668.3,11982.9,1,1,33.3,1708.14
GCP,europe-west2,e2-medium,2,4,15,693.7,3355.2,16256.0,1,1,67.1,2081.7
AWS,us-east-1,m6i.2xlarge,8,32,14,609.0,1195.3,5693.0,0,1,65.1,3824.11
AWS,eu-west-2,m6i.4xlarge,16,64,2,467.9,2857.2,4499.4,0,0,29.0,1396.0
GCP,europe-west2,n2-standard-2,2,8,18,320.7,2949.2,19079.3,0,1,59.6,2327.39
AWS,eu-west-2,m6i.2xlarge,8,32,12,205.6,3165.5,8472.6,1,1,73.2,2113.96
GCP,asia-southeast1,n2-standard-16,16,64,18,594.5,3896.6,17770.1,1,0,6.8,11459.51
Azure,eastus,D2s_v5,2,8,14,658.9,658.6,16957.6,1,1,47.5,2361.21
GCP,us-central1,n2-standard-8,8,32,12,696.0,1321.4,11585.2,0,0,8.7,4344.33
GCP,us-central1,n2-standard-4,4,16,14,504.5,3149.8,2968.9,1,0,18.5,1897.63
Azure,uksouth,D16s_v5,16,64,15,547.3,858.2,6079.2,0,1,9.0,7536.16
GCP,europe-west2,e2-standard-2,2,8,3,350.7,125.1,10258.4,1,1,94.3,1017.26
GCP,asia-southeast1,n2-standard-4,4,16,2,433.1,703.1,2458.9,0,1,71.9,467.59
Azure,eastus,D8s_v5,8,32,4,472.1,1050.2,16915.7,1,0,69.9,2280.6
GCP,us-central1,n2-standard-8,8,32,18,315.5,3362.7,1570.9,1,1,81.9,2687.13
Azure,southeastasia,B2ms,2,8,14,435.2,1423.9,2362.5,0,1,67.1,893.34
AWS,ap-southeast-1,t3.medium,2,4,11,527.7,3595.4,13986.2,0,0,59.6,1772.52
GCP,europe-west2,n2-standard-16,16,64,4,607.3,3876.3,19197.3,0,0,72.4,3885.33
GCP,europe-west2,e2-medium,2,4,10,325.1,33.9,19334.8,0,1,27.9,1694.25
Azure,uksouth,B2ms,2,8,7,743.7,1409.3,4888.1,1,1,40.5,1064.73
GCP,asia-southeast1,e2-medium,2,4,3,333.2,656.3,14643.2,1,0,24.9,1351.06
GCP,us-central1,e2-standard-2,2,8,10,324.7,2047.8,2232.3,0,1,42.1,589.71
AWS,ap-southeast-1,m6i.large,2,8,5,330.6,3237.8,5466.8,1,1,6.1,1037.91
GCP,europe-west2,n2-standard-2,2,8,11,293.7,2805.8,13545.1,1,0,57.1,1762.39
GCP,europe-west2,n2-standard-16,16,64,6,248.8,2815.7,15877.7,1,1,78.6,2780.41
Azure,uksouth,B2ms,2,8,15,236.4,306.5,514.1,0,1,64.5,402.41
Azure,uksouth,D16s_v5,16,64,14,476.2,2093.3,7538.3,0,0,75.9,6480.28
Azure,eastus,B2ms,2,8,15,256.6,3401.3,5101.5,0,0,47.9,1029.41
AWS,ap-southeast-1,m6i.2xlarge,8,32,17,387.3,1296.3,10200.3,1,0,17.3,3882.2
Azure,southeastasia,D2s_v5,2,8,13,437.9,2648.9,17754.2,0,0,25.0,2273.34
Azure,eastus,B2ms,2,8,19,679.7,2240.7,9509.8,0,1,85.3,2111.41
GCP,europe-west2,n2-standard-8,8,32,1,373.4,510.2,14435.8,0,1,61.1,1353.13
AWS,us-east-1,m6i.xlarge,4,16,3,438.6,1986.8,3335.9,0,0,19.2,709.96
AWS,ap-southeast-1,t3.medium,2,4,18,535.5,2514.6,16783.4,0,0,61.3,2051.73
Azure,southeastasia,B2ms,2,8,8,393.8,1685.2,2586.2,1,1,8.1,731.61
AWS,ap-southeast-1,m6i.2xlarge,8,32,2,634.7,2179.9,17081.7,0,1,92.9,2181.12
GCP,asia-southeast1,e2-medium,2,4,12,627.0,1340.9,11971.4,1,1,5.8,1479.06
GCP,us-central1,n2-standard-4,4,16,8,476.6,1832.7,13838.4,1,1,75.0,2070.56
Azure,uksouth,D4s_v5,4,16,9,226.0,3198.9,17703.4,1,1,9.0,2239.09
AWS,ap-southeast-1,t3.large,2,8,20,358.9,2578.7,16641.4,0,0,40.3,2322.54
AWS,us-east-1,m6i.xlarge,4,16,12,442.1,3908.9,10327.8,1,1,54.3,2237.52
AWS,ap-southeast-1,t3.large,2,8,6,396.7,2475.6,1216.9,0,1,45.8,557.13
AWS,ap-southeast-1,t3.medium,2,4,16,657.3,1511.7,6540.8,0,0,61.9,1214.32
AWS,ap-southeast-1,m6i.2xlarge,8,32,20,493.4,649.2,8145.0,0,1,39.2,5030.73
AWS,us-east-1,t3.medium,2,4,16,476.8,3801.2,8487.3,0,1,30.7,1372.5
Azure,eastus,D2s_v5,2,8,15,288.4,2544.1,3801.8,1,0,64.2,987.96
Azure,eastus,D16s_v5,16,64,10,198.8,2306.0,11166.6,1,0,60.8,2849.19
Azure,uksouth,B2ms,2,8,12,325.2,3895.6,8014.4,1,1,62.3,1403.99
AWS,ap-southeast-1,m6i.2xlarge,8,32,18,576.0,3962.6,14456.6,1,0,12.2,6335.48
AWS,eu-west-2,m6i.large,2,8,12,717.8,3982.5,7418.7,0,1,17.6,1864.37
Azure,southeastasia,D16s_v5,16,64,5,365.0,875.8,2246.9,1,0,12.7,1991.58
GCP,europe-west2,e2-standard-2,2,8,7,471.9,192.8,12971.4,0,0,56.1,1288.97
Azure,eastus,D2s_v5,2,8,8,307.7,2010.3,521.0,1,0,14.8,497.29
AWS,eu-west-2,m6i.xlarge,4,16,10,632.2,3750.5,19140.8,1,1,59.8,3305.0
Azure,eastus,D4s_v5,4,16,13,361.5,273.7,4200.1,1,1,88.4,1383.65
GCP,europe-west2,n2-standard-8,8,32,11,383.1,2117.9,13915.7,1,1,78.5,3258.55
Azure,southeastasia,D4s_v5,4,16,17,736.9,1493.9,14941.8,0,0,71.6,4218.64
AWS,eu-west-2,t3.large,2,8,2,515.3,3009.7,15820.0,1,1,35.0,1786.8
Azure,uksouth,B2ms,2,8,6,694.4,1249.7,19495.2,1,0,56.7,2082.66
AWS,eu-west-2,m6i.2xlarge,8,32,1,690.7,2262.6,1357.0,1,0,49.5,662.83
GCP,us-central1,n2-standard-16,16,64,12,395.8,3100.1,14470.7,0,0,85.1,5002.72
AWS,ap-southeast-1,m6i.4xlarge,16,64,8,536.4,2873.4,9544.4,1,0,37.8,4816.57
GCP,us-central1,e2-medium,2,4,8,279.1,2314.0,7919.9,1,0,53.4,972.61
AWS,eu-west-2,t3.medium,2,4,17,616.3,1459.0,4975.2,0,0,7.4,1045.06
Azure,southeastasia,D4s_v5,4,16,4,623.3,2826.5,19376.3,0,1,74.0,2358.56
AWS,eu-west-2,t3.large,2,8,4,210.8,40.6,1155.3,1,1,86.6,254.39
AWS,ap-southeast-1,m6i.large,2,8,16,652.8,2945.1,7827.7,0,0,71.9,2069.94
GCP,europe-west2,n2-standard-4,4,16,4,682.1,1828.8,16231.4,1,1,52.5,2093.43
GCP,asia-southeast1,n2-standard-4,4,16,20,183.1,2878.2,4867.7,0,1,7.5,1476.22
AWS,eu-west-2,m6i.xlarge,4,16,11,732.6,1362.3,9654.1,1,1,59.0,2728.51
GCP,europe-west2,e2-medium,2,4,13,687.4,23.8,4578.7,1,1,19.9,792.8
GCP,us-central1,n2-standard-16,16,64,17,680.3,3707.8,13203.5,1,1,25.9,10199.88
AWS,ap-southeast-1,t3.large,2,8,20,395.4,1316.7,10200.2,1,0,24.9,1803.49
Azure,uksouth,D4s_v5,4,16,1,395.9,3429.8,2807.2,0,1,20.3,612.98
GCP,us-central1,n2-standard-8,8,32,6,214.9,1519.5,16204.2,0,0,43.4,1937.26
AWS,eu-west-2,m6i.2xlarge,8,32,16,351.2,2128.7,15933.1,0,1,94.4,3957.66
AWS,us-east-1,t3.medium,2,4,20,636.3,3358.8,15898.4,1,0,73.1,2276.49
Azure,eastus,D16s_v5,16,64,3,365.1,1929.8,11475.6,0,0,65.9,1982.66
AWS,eu-west-2,m6i.large,2,8,10,369.2,955.0,204.9,1,1,56.5,544.13
AWS,us-east-1,m6i.2xlarge,8,32,8,541.8,2281.4,6749.6,1,0,57.6,2486.82
AWS,us-east-1,m6i.xlarge,4,16,11,634.9,3587.6,7654.2,0,1,63.7,2338.32
Azure,eastus,B2ms,2,8,6,669.8,1177.5,19955.1,1,1,81.6,2122.32
AWS,ap-southeast-1,t3.large,2,8,10,555.4,539.3,8447.0,1,0,17.2,1333.22
GCP,asia-southeast1,n2-standard-2,2,8,17,418.0,2857.3,15309.4,1,0,70.2,2343.89
GCP,europe-west2,n2-standard-4,4,16,16,590.8,2411.5,11169.6,0,0,57.1,3158.14
AWS,ap-southeast-1,m6i.2xlarge,8,32,8,718.4,788.5,3309.2,0,1,56.4,2801.53
AWS,us-east-1,t3.large,2,8,19,415.4,2877.4,3936.0,0,1,50.3,1263.18
AWS,ap-southeast-1,t3.large,2,8,4,382.1,42.8,2309.7,0,0,34.3,344.07
GCP,asia-southeast1,e2-medium,2,4,9,569.1,1440.2,1345.9,1,1,34.2,501.55
AWS,eu-west-2,m6i.2xlarge,8,32,8,332.8,2224.4,9854.2,0,0,16.8,2178.14
GCP,us-central1,e2-medium,2,4,15,570.6,1509.7,6878.2,1,0,59.6,1043.7
Azure,uksouth,D16s_v5,16,64,1,277.9,2501.0,10285.2,0,0,59.1,1333.36
AWS,ap-southeast-1,m6i.xlarge,4,16,2,569.7,2868.1,5503.3,1,1,22.8,1064.4
AWS,us-east-1,t3.large,2,8,11,239.3,127.0,6385.8,1,0,32.3,877.99
GCP,asia-southeast1,n2-standard-16,16,64,4,390.9,2431.3,15638.9,1,0,48.4,2845.64
Azure,uksouth,D8s_v5,8,32,3,576.8,3283.9,9308.8,0,0,22.7,1811.39
Azure,southeastasia,D4s_v5,4,16,13,481.6,2065.5,17068.2,0,1,9.4,2950.45
GCP,asia-southeast1,n2-standard-8,8,32,18,208.7,3538.3,16533.3,0,1,55.6,3228.45
AWS,ap-southeast-1,m6i.2xlarge,8,32,7,534.7,3653.4,7155.9,0,0,6.9,2619.97
AWS,ap-southeast-1,m6i.xlarge,4,16,5,401.3,2633.9,12243.2,0,0,12.7,1726.61
GCP,asia-southeast1,n2-standard-4,4,16,3,705.9,3655.9,15948.2,1,0,21.9,2149.14
GCP,us-central1,n2-standard-8,8,32,3,261.5,2591.8,19677.9,0,1,86.7,2072.47
Azure,eastus,D8s_v5,8,32,10,552.1,3518.6,9542.5,0,1,11.5,3282.94
GCP,us-central1,e2-medium,2,4,4,398.2,1134.6,8050.1,0,1,20.5,877.42
Azure,eastus,D2s_v5,2,8,20,438.6,1321.5,949.6,1,1,88.7,1148.38
Azure,uksouth,D16s_v5,16,64,4,421.8,1121.6,8527.1,1,0,37.5,2356.0
GCP,europe-west2,n2-standard-16,16,64,8,688.6,2576.7,9765.0,1,0,54.2,5799.43
GCP,asia-southeast1,n2-standard-8,8,32,5,357.1,2156.6,6796.3,0,1,16.7,1536.32
Azure,uksouth,D4s_v5,4,16,4,717.5,2310.1,9779.2,1,0,17.7,1695.62
GCP,europe-west2,n2-standard-16,16,64,12,614.3,3590.5,16467.5,1,1,20.2,7872.96
AWS,eu-west-2,t3.medium,2,4,19,702.0,1206.9,16806.8,0,0,54.4,2110.58
Azure,eastus,D4s_v5,4,16,20,420.2,1415.1,7126.1,1,0,10.6,2500.47
GCP,us-central1,e2-standard-2,2,8,16,489.9,531.6,689.2,1,1,6.3,685.25
Azure,southeastasia,D4s_v5,4,16,18,686.6,1571.9,6388.3,0,0,53.4,3469.99
GCP,us-central1,n2-standard-2,2,8,7,470.7,2177.5,273.6,0,0,58.0,511.46
AWS,ap-southeast-1,t3.medium,2,4,6,233.7,2388.1,13163.9,0,1,84.0,1471.15
Azure,eastus,B2ms,2,8,2,239.6,807.3,5655.0,0,0,21.8,572.2
Azure,eastus,B2ms,2,8,7,703.9,3333.4,12957.8,0,1,5.9,1749.23
Azure,southeastasia,D8s_v5,8,32,2,381.8,910.5,18326.9,0,0,69.3,1888.69
GCP,us-central1,n2-standard-16,16,64,15,542.2,1490.3,9453.7,0,1,33.3,7309.49
AWS,us-east-1,m6i.large,2,8,13,719.1,2163.2,14623.3,0,1,63.8,2308.58
AWS,eu-west-2,t3.large,2,8,15,691.1,3812.1,69.6,1,1,75.3,1372.49
Azure,uksouth,B2ms,2,8,4,639.1,1426.8,9217.1,1,1,48.2,1215.02
GCP,europe-west2,n2-standard-8,8,32,8,463.6,3667.2,11002.5,0,1,76.1,2810.74
GCP,asia-southeast1,e2-medium,2,4,1,270.7,106.2,18941.3,0,0,14.7,1501.71
GCP,asia-southeast1,n2-standard-16,16,64,19,463.3,2653.8,481.0,0,0,21.9,7741.65
Azure,southeastasia,D16s_v5,16,64,11,594.9,3858.5,16965.5,0,0,59.3,7696.91
GCP,us-central1,n2-standard-2,2,8,14,584.0,2059.7,17407.8,0,1,6.8,2398.16
Azure,uksouth,B2ms,2,8,8,440.6,684.1,3786.6,1,0,74.4,748.88
AWS,us-east-1,m6i.large,2,8,14,229.1,1577.3,910.8,1,0,50.7,547.12
Azure,eastus,D2s_v5,2,8,3,331.2,3787.3,7671.0,0,0,54.6,1033.27
AWS,eu-west-2,m6i.2xlarge,8,32,6,243.4,48.5,17684.2,0,1,24.9,2128.47
GCP,asia-southeast1,e2-medium,2,4,19,348.7,1299.8,17084.8,0,0,31.4,1665.44
AWS,eu-west-2,m6i.xlarge,4,16,2,678.5,165.8,12677.6,0,0,63.5,1407.45
AWS,eu-west-2,m6i.large,2,8,2,382.6,54.7,19623.7,0,1,6.6,1695.78
GCP,us-central1,e2-medium,2,4,14,270.5,3166.8,11089.2,1,1,94.8,1343.32
Azure,eastus,D4s_v5,4,16,9,389.3,3624.8,16423.8,0,0,84.9,2338.34
AWS,ap-southeast-1,t3.medium,2,4,11,518.4,3992.6,19690.5,0,0,85.8,2214.31
GCP,asia-southeast1,n2-standard-4,4,16,16,216.8,1304.1,17931.2,0,0,65.1,2265.04
AWS,eu-west-2,t3.large,2,8,18,345.7,2745.6,14524.2,0,1,71.8,2086.02
AWS,ap-southeast-1,m6i.xlarge,4,16,3,415.4,239.8,18954.0,0,1,80.4,1881.69
Azure,southeastasia,D4s_v5,4,16,19,505.4,483.0,51.6,0,0,56.5,2159.76
AWS,us-east-1,m6i.xlarge,4,16,1,696.0,1322.1,14095.5,0,1,10.7,1459.68
AWS,us-east-1,m6i.2xlarge,8,32,20,642.4,905.3,10564.6,1,1,73.6,6088.47
Azure,southeastasia,D8s_v5,8,32,16,260.3,2213.1,8454.2,0,0,89.2,2804.5
AWS,eu-west-2,m6i.large,2,8,16,387.5,2537.4,10234.0,0,1,89.2,1802.75
Azure,uksouth,D8s_v5,8,32,10,478.1,1076.2,19273.1,0,0,94.7,3621.2
AWS,eu-west-2,m6i.xlarge,4,16,11,193.4,3340.9,9945.7,0,1,38.2,1632.63
Azure,uksouth,D8s_v5,8,32,9,306.8,1004.3,11682.8,1,0,15.0,2266.2
GCP,us-central1,n2-standard-2,2,8,1,491.6,2576.3,8548.5,0,1,46.7,946.32
AWS,eu-west-2,t3.large,2,8,14,425.2,3121.8,8519.8,1,1,9.1,1657.75
GCP,asia-southeast1,n2-standard-2,2,8,16,426.9,800.6,17269.7,1,1,82.1,2269.64
AWS,ap-southeast-1,m6i.xlarge,4,16,3,330.0,2408.1,3040.7,0,1,35.1,728.31
GCP,asia-southeast1,e2-medium,2,4,11,596.5,1772.6,1837.3,1,1,46.2,637.36
AWS,eu-west-2,m6i.2xlarge,8,32,19,623.7,2339.5,10829.0,0,1,78.1,6016.99
AWS,us-east-1,m6i.large,2,8,4,658.7,1709.5,18180.0,1,1,36.3,2002.9
GCP,asia-southeast1,e2-medium,2,4,8,711.3,1033.7,5624.3,0,1,70.5,788.94
GCP,asia-southeast1,e2-standard-2,2,8,19,209.4,388.7,1763.4,0,0,43.5,462.62
GCP,europe-west2,n2-standard-16,16,64,18,293.7,2832.6,15266.5,1,1,25.1,6022.65
GCP,asia-southeast1,n2-standard-2,2,8,10,657.5,2171.6,4780.8,0,1,20.9,1327.74
GCP,asia-southeast1,n2-standard-8,8,32,13,594.7,988.0,17519.9,1,1,22.6,4851.45
AWS,eu-west-2,m6i.xlarge,4,16,14,305.7,2750.6,15620.7,1,0,7.8,2503.75
Azure,southeastasia,D4s_v5,4,16,12,575.6,1017.7,11081.4,1,0,64.3,2692.88
GCP,europe-west2,n2-standard-2,2,8,15,506.0,1283.9,5061.3,0,1,76.1,1357.57
AWS,eu-west-2,t3.medium,2,4,17,284.8,3869.3,13719.8,1,0,59.3,1828.28
GCP,us-central1,n2-standard-16,16,64,6,598.1,1322.3,17524.5,1,1,59.0,4283.42
GCP,us-central1,e2-medium,2,4,6,466.1,1159.7,4299.9,0,1,80.6,555.07
AWS,eu-west-2,m6i.2xlarge,8,32,1,626.7,803.5,4844.6,0,0,60.2,749.48
GCP,asia-southeast1,e2-standard-2,2,8,3,462.0,2990.4,9282.0,1,1,58.0,1213.75
GCP,us-central1,e2-standard-2,2,8,20,327.4,352.3,10838.9,1,0,75.0,1435.06
Azure,uksouth,D8s_v5,8,32,19,334.2,137.1,6588.2,0,1,37.4,3278.82
Azure,eastus,D2s_v5,2,8,6,551.7,2151.3,18215.5,1,1,39.5,2021.02
GCP,europe-west2,e2-standard-2,2,8,12,221.8,3834.5,6101.3,1,0,90.1,1084.34
GCP,asia-southeast1,e2-standard-2,2,8,8,529.0,3318.9,10180.5,1,0,17.7,1537.07
GCP,europe-west2,e2-standard-2,2,8,18,687.9,3921.9,17697.0,1,0,43.5,2690.09
Azure,uksouth,D16s_v5,16,64,18,504.8,3385.3,3875.4,1,1,5.4,8524.46
AWS,ap-southeast-1,m6i.2xlarge,8,32,6,494.3,298.6,3412.9,0,1,24.3,1633.6
Azure,eastus,B2ms,2,8,2,274.6,1463.6,13757.7,0,0,27.6,1302.0
AWS,us-east-1,m6i.4xlarge,16,64,9,341.8,3619.2,13105.8,0,0,10.3,3749.52
AWS,ap-southeast-1,m6i.large,2,8,8,324.6,437.1,18821.5,1,1,67.2,1952.55
Azure,uksouth,D16s_v5,16,64,4,639.2,2050.9,16969.1,1,1,62.3,3825.72
Azure,uksouth,B2ms,2,8,15,619.9,3600.1,16777.7,0,0,45.0,2468.03
GCP,us-central1,n2-standard-2,2,8,18,702.8,3891.9,15366.3,1,0,90.2,2797.97
Azure,southeastasia,D8s_v5,8,32,4,712.5,393.9,17279.3,1,1,17.2,2742.78
Azure,eastus,D8s_v5,8,32,5,717.0,2246.1,17954.6,1,1,74.8,3080.49
GCP,europe-west2,e2-standard-2,2,8,5,653.8,2359.9,19318.6,0,0,37.5,1955.91
AWS,eu-west-2,m6i.xlarge,4,16,5,610.9,2845.3,6620.4,0,1,28.7,1509.65
Azure,uksouth,B2ms,2,8,9,454.7,1560.3,14590.6,0,0,58.2,1723.51
Azure,eastus,B2ms,2,8,12,360.1,24.3,17321.9,1,1,12.5,1863.82
GCP,us-central1,e2-medium,2,4,1,653.9,1842.0,18623.0,1,0,93.0,1681.51
GCP,europe-west2,n2-standard-8,8,32,14,401.8,3010.3,18177.5,0,0,58.0,4008.34
AWS,us-east-1,m6i.large,2,8,18,677.4,2592.3,4660.8,0,0,89.5,1783.21
Azure,eastus,D4s_v5,4,16,3,412.9,519.9,19608.6,1,1,25.4,1952.88
AWS,ap-southeast-1,m6i.xlarge,4,16,2,185.0,985.3,19569.1,0,1,60.4,1772.67
AWS,eu-west-2,m6i.large,2,8,12,251.0,3278.3,18791.5,1,1,14.2,2196.65
GCP,us-central1,e2-standard-2,2,8,3,738.5,197.5,17179.4,1,1,45.7,1621.66
GCP,asia-southeast1,n2-standard-16,16,64,4,281.3,2999.9,14514.4,0,1,28.4,2356.17
GCP,europe-west2,n2-standard-4,4,16,8,346.9,1055.5,18931.1,0,1,89.4,2156.54
GCP,asia-southeast1,n2-standard-2,2,8,7,404.0,2907.1,7525.5,0,0,22.6,1178.08
AWS,eu-west-2,m6i.large,2,8,9,574.0,2443.0,8802.4,0,0,77.0,1547.5
Azure,southeastasia,D16s_v5,16,64,6,416.5,2224.2,883.8,0,1,30.4,2533.63
AWS,us-east-1,m6i.xlarge,4,16,14,521.1,2342.6,5114.2,1,0,13.3,2093.07
Azure,eastus,D8s_v5,8,32,11,503.8,3544.9,12478.3,0,0,24.3,3604.05
AWS,eu-west-2,m6i.2xlarge,8,32,14,491.9,945.4,4446.9,1,0,66.9,3425.0
GCP,asia-southeast1,n2-standard-8,8,32,5,401.6,3859.4,13800.2,0,1,11.8,2343.11
GCP,europe-west2,e2-standard-2,2,8,5,484.3,1579.8,5093.3,0,1,8.1,755.66
GCP,us-central1,n2-standard-8,8,32,19,390.9,1664.7,12479.2,0,0,81.5,3956.33
AWS,ap-southeast-1,t3.large,2,8,17,472.8,2506.5,4256.3,1,1,7.0,1390.58
Azure,southeastasia,D2s_v5,2,8,6,514.5,1215.0,7412.4,1,1,62.4,1144.69
GCP,europe-west2,e2-standard-2,2,8,3,556.6,2436.4,4742.1,1,0,56.7,797.9
Azure,southeastasia,D2s_v5,2,8,17,355.2,3138.8,6559.3,0,1,17.4,1538.31
GCP,us-central1,n2-standard-16,16,64,1,549.7,938.8,4176.4,0,0,85.4,867.61
Azure,southeastasia,D8s_v5,8,32,19,473.3,2680.3,7457.5,1,0,94.5,4921.0
AWS,ap-southeast-1,t3.large,2,8,8,267.2,311.0,7825.4,1,1,17.5,995.79
GCP,europe-west2,n2-standard-16,16,64,17,567.9,818.0,15337.0,1,0,56.1,9720.83
AWS,us-east-1,m6i.2xlarge,8,32,16,710.0,2670.4,19290.8,0,1,70.8,6262.61
GCP,asia-southeast1,n2-standard-8,8,32,10,268.5,3899.6,14522.7,1,1,43.0,2852.27
GCP,asia-southeast1,n2-standard-4,4,16,16,446.5,2381.0,7866.9,0,1,20.1,2441.39
Azure,uksouth,D2s_v5,2,8,19,377.0,1014.2,14857.2,0,1,5.8,2045.1
Azure,uksouth,D2s_v5,2,8,18,336.6,29.6,6889.9,0,1,24.7,1282.68
AWS,ap-southeast-1,t3.large,2,8,16,247.4,2773.2,13346.9,1,0,85.5,1850.79
AWS,us-east-1,m6i.4xlarge,16,64,4,295.5,2198.1,18374.9,0,1,43.6,2644.52
AWS,us-east-1,m6i.4xlarge,16,64,11,215.7,3755.7,17338.7,1,0,56.1,3681.67
AWS,eu-west-2,t3.medium,2,4,6,540.9,339.5,11691.8,1,0,79.5,1272.32
Azure,eastus,D16s_v5,16,64,9,593.7,671.5,11330.5,0,1,79.9,5292.36
AWS,eu-west-2,t3.large,2,8,15,193.1,222.0,18078.4,0,0,23.0,1799.13
Azure,uksouth,D4s_v5,4,16,16,560.5,479.8,17910.8,1,1,86.1,3562.88
AWS,eu-west-2,m6i.xlarge,4,16,8,733.5,496.1,15139.0,1,1,43.0,2598.73
Azure,eastus,D4s_v5,4,16,5,408.6,2550.0,11529.0,0,0,41.8,1570.87
AWS,eu-west-2,m6i.large,2,8,3,241.1,1264.3,3437.8,1,0,57.4,538.49
AWS,eu-west-2,m6i.4xlarge,16,64,12,557.4,1751.1,8954.2,0,1,53.6,6452.06
GCP,asia-southeast1,e2-medium,2,4,18,628.8,2025.1,3389.1,0,0,88.9,892.59
AWS,us-east-1,m6i.large,2,8,4,581.9,3523.0,13620.3,0,1,62.3,1707.62
AWS,us-east-1,m6i.2xlarge,8,32,6,711.9,3430.2,6678.3,1,1,80.9,2558.77
GCP,europe-west2,n2-standard-16,16,64,20,373.3,2214.9,15800.8,1,0,58.3,7848.99
Azure,eastus,B2ms,2,8,10,543.9,3057.0,15680.3,1,0,89.4,2031.94
GCP,asia-southeast1,e2-standard-2,2,8,16,353.6,1299.5,8255.1,0,1,44.1,1249.14
GCP,us-central1,n2-standard-8,8,32,7,711.2,381.9,3059.0,0,1,12.1,2277.45
AWS,us-east-1,m6i.xlarge,4,16,18,549.8,2214.7,18384.7,0,0,80.9,3624.85
AWS,eu-west-2,m6i.2xlarge,8,32,1,463.8,2099.5,7216.6,1,0,42.5,1084.63
AWS,us-east-1,m6i.2xlarge,8,32,6,310.7,3178.5,8985.9,1,0,6.7,1847.38
AWS,ap-southeast-1,m6i.2xlarge,8,32,16,616.3,3355.9,18839.3,1,0,68.8,6246.02
GCP,europe-west2,e2-standard-2,2,8,19,408.0,3552.7,12102.3,0,1,87.3,1856.64
GCP,us-central1,e2-standard-2,2,8,19,618.6,664.5,11974.8,0,1,56.2,1804.62
AWS,us-east-1,m6i.xlarge,4,16,19,665.1,1166.4,10576.3,0,0,40.5,3504.22
AWS,ap-southeast-1,t3.medium,2,4,5,490.5,440.6,12350.0,1,0,42.4,1288.04
GCP,us-central1,e2-medium,2,4,17,643.0,2785.5,14976.2,1,0,8.4,1824.29
GCP,asia-southeast1,n2-standard-8,8,32,1,310.1,463.3,18978.4,1,1,21.4,1747.84
AWS,us-east-1,m6i.xlarge,4,16,7,729.4,1380.8,10086.1,0,0,71.9,2017.78
AWS,eu-west-2,t3.large,2,8,8,630.7,2846.6,15835.5,1,0,71.3,2076.88
GCP,asia-southeast1,n2-standard-4,4,16,18,351.9,990.5,17341.9,1,1,38.1,2896.31
Azure,uksouth,D16s_v5,16,64,17,627.8,2519.1,18873.9,0,1,90.6,10946.96
AWS,ap-southeast-1,t3.large,2,8,1,326.6,2494.5,3136.3,0,1,53.1,545.44
AWS,ap-southeast-1,m6i.xlarge,4,16,12,259.0,1762.9,9723.5,0,1,8.9,1750.72
GCP,europe-west2,e2-standard-2,2,8,10,223.4,3095.9,13203.1,0,1,41.9,1510.28
Azure,eastus,D16s_v5,16,64,5,737.2,2655.5,8378.7,1,0,28.4,3960.28
GCP,us-central1,e2-standard-2,2,8,4,591.3,2578.4,1396.1,1,0,56.4,535.24
AWS,us-east-1,m6i.2xlarge,8,32,18,708.0,2412.2,3922.6,0,1,9.4,5471.95
GCP,europe-west2,e2-standard-2,2,8,19,411.9,3461.4,10173.2,0,1,62.3,1784.56
AWS,eu-west-2,m6i.2xlarge,8,32,13,401.3,2157.6,289.3,1,0,10.2,2389.24
GCP,us-central1,e2-medium,2,4,7,394.0,2745.4,4954.9,0,0,34.0,727.47
AWS,ap-southeast-1,t3.large,2,8,9,373.9,847.7,3735.8,0,0,43.3,713.77
GCP,europe-west2,n2-standard-2,2,8,6,739.6,3696.2,1518.0,0,1,67.0,904.33
AWS,ap-southeast-1,m6i.xlarge,4,16,2,377.2,3942.3,3645.7,1,0,75.0,892.6
GCP,asia-southeast1,n2-standard-2,2,8,16,571.3,560.4,12164.4,0,0,27.2,2033.71
Azure,southeastasia,D4s_v5,4,16,16,198.0,3304.3,10119.8,1,1,8.2,1926.13
AWS,eu-west-2,t3.large,2,8,10,264.4,1446.9,3306.1,1,1,54.5,742.62
GCP,europe-west2,n2-standard-16,16,64,7,416.9,531.9,777.3,1,1,69.7,2659.62
Azure,uksouth,D8s_v5,8,32,16,583.6,35.7,535.0,1,1,52.8,4074.29
Azure,southeastasia,D16s_v5,16,64,6,590.6,3007.8,10135.3,0,0,37.3,4330.28
AWS,ap-southeast-1,m6i.2xlarge,8,32,8,306.0,2133.4,7567.8,0,0,29.7,1934.56
GCP,europe-west2,n2-standard-2,2,8,1,540.7,53.8,13201.0,1,0,56.1,1206.73
AWS,ap-southeast-1,m6i.xlarge,4,16,14,663.1,3119.4,10907.6,0,1,76.0,3362.16
GCP,us-central1,n2-standard-2,2,8,18,332.3,681.0,7850.7,1,0,14.1,1345.52
GCP,us-central1,n2-standard-8,8,32,14,404.8,1697.4,15958.5,0,0,12.1,3541.33
AWS,ap-southeast-1,m6i.xlarge,4,16,12,604.4,2709.5,3592.4,1,0,83.0,2148.57
GCP,us-central1,n2-standard-4,4,16,12,268.6,3833.9,5044.1,0,1,60.4,1369.86
AWS,us-east-1,t3.large,2,8,18,679.3,3423.2,6616.0,0,0,58.3,1856.48
Azure,uksouth,D4s_v5,4,16,13,256.5,1647.2,3553.4,1,1,24.1,1223.83
AWS,eu-west-2,t3.large,2,8,16,624.7,3639.7,17608.6,0,0,57.8,2633.07
GCP,europe-west2,n2-standard-4,4,16,19,356.7,3456.5,15849.5,0,0,39.6,2978.99
GCP,europe-west2,n2-standard-16,16,64,16,676.2,3505.9,14426.8,0,1,90.5,10463.74
Azure,uksouth,B2ms,2,8,12,230.9,2280.6,7802.2,1,0,70.8,1145.59
AWS,ap-southeast-1,m6i.2xlarge,8,32,1,257.5,606.5,11981.6,0,0,77.8,1240.43
AWS,ap-southeast-1,m6i.large,2,8,16,730.8,1576.0,2998.8,1,0,54.2,1717.25
GCP,asia-southeast1,n2-standard-4,4,16,1,322.8,843.4,4278.4,1,0,58.6,569.75
GCP,europe-west2,n2-standard-2,2,8,10,230.9,1636.7,8070.4,0,1,83.7,1078.04
AWS,ap-southeast-1,t3.large,2,8,8,351.6,3521.1,13808.3,1,1,70.0,1875.43
AWS,ap-southeast-1,m6i.2xlarge,8,32,13,193.9,2008.8,3059.2,1,0,74.9,1599.14
GCP,asia-southeast1,n2-standard-8,8,32,2,604.1,994.0,7871.9,1,1,32.3,1364.69
GCP,asia-southeast1,e2-medium,2,4,4,286.4,3607.9,15677.9,1,0,26.5,1666.26
Azure,southeastasia,D16s_v5,16,64,18,312.3,1486.8,10014.4,0,1,43.8,6067.05
GCP,asia-southeast1,n2-standard-2,2,8,11,303.8,3472.8,14947.3,1,0,5.6,1906.25
GCP,europe-west2,n2-standard-2,2,8,13,602.3,3852.0,7599.9,1,0,30.3,1850.05
GCP,europe-west2,n2-standard-4,4,16,20,636.6,3834.8,4356.7,1,1,89.0,3465.54
Azure,eastus,D8s_v5,8,32,6,623.3,2787.6,1065.8,0,1,19.2,1816.63
AWS,us-east-1,m6i.xlarge,4,16,11,365.9,3879.6,9494.8,1,0,63.5,1985.84
Azure,uksouth,D2s_v5,2,8,9,391.6,2831.3,11147.7,1,1,50.5,1656.32
GCP,asia-southeast1,n2-standard-16,16,64,19,481.4,3466.5,7803.6,0,1,31.8,8895.97
AWS,us-east-1,m6i.4xlarge,16,64,4,584.3,2507.9,10649.9,0,0,79.4,2863.71
Azure,southeastasia,D16s_v5,16,64,15,338.5,3907.5,637.9,1,0,21.2,5041.73
GCP,europe-west2,e2-medium,2,4,1,706.4,3347.8,9281.8,0,0,83.6,1115.74
GCP,us-central1,n2-standard-16,16,64,10,196.8,55.3,14109.1,1,1,67.6,2736.5
Azure,uksouth,D16s_v5,16,64,17,681.8,1210.9,19484.3,0,0,40.3,11643.79
Azure,southeastasia,B2ms,2,8,17,351.1,3971.5,18172.4,0,0,52.2,2361.49
Azure,southeastasia,D4s_v5,4,16,19,224.6,1359.1,18352.3,1,0,46.6,2577.48
GCP,europe-west2,e2-standard-2,2,8,19,496.2,1454.7,888.1,1,1,37.8,983.79
AWS,us-east-1,m6i.4xlarge,16,64,1,329.4,1646.6,19845.4,1,1,57.3,2088.02
Azure,uksouth,D4s_v5,4,16,16,651.6,3714.4,12730.9,0,1,80.1,3676.61
GCP,asia-southeast1,n2-standard-16,16,64,10,624.3,796.4,12062.6,1,0,65.8,6394.91
AWS,eu-west-2,m6i.2xlarge,8,32,5,361.4,2662.5,13537.5,0,1,78.7,2189.44
GCP,us-central1,n2-standard-4,4,16,19,443.2,1455.3,2348.3,1,1,13.4,2026.46
Azure,uksouth,B2ms,2,8,17,477.0,1709.5,13243.3,0,1,25.0,2024.23
Azure,uksouth,D8s_v5,8,32,17,398.6,2235.4,19402.3,1,1,48.2,4624.86
GCP,europe-west2,n2-standard-8,8,32,15,591.2,822.0,8981.9,0,1,93.6,4743.16
GCP,europe-west2,n2-standard-4,4,16,16,424.6,3385.6,3105.5,0,0,81.6,1925.63
AWS,us-east-1,t3.medium,2,4,20,671.9,1408.0,17198.1,0,1,59.9,2149.87
Azure,uksouth,D2s_v5,2,8,1,594.1,1690.9,11746.1,1,0,49.6,1249.82
AWS,ap-southeast-1,t3.large,2,8,7,262.2,1753.0,18879.6,1,0,9.5,2012.28
Azure,eastus,D4s_v5,4,16,6,387.4,469.1,6911.6,1,1,92.5,1191.47
Azure,eastus,D2s_v5,2,8,19,440.3,448.0,4603.1,1,1,82.9,1352.05
GCP,europe-west2,e2-medium,2,4,8,404.1,2456.5,2492.1,1,1,20.4,602.28
Azure,uksouth,D2s_v5,2,8,1,270.3,3612.4,19950.9,0,1,74.6,1924.73
GCP,europe-west2,n2-standard-4,4,16,13,406.1,3935.6,15072.7,0,0,59.7,2663.82
GCP,europe-west2,n2-standard-8,8,32,14,441.7,1184.3,10403.6,1,1,18.2,3694.87
Azure,eastus,D2s_v5,2,8,6,461.5,666.9,19247.6,1,1,7.6,1985.93
GCP,asia-southeast1,e2-medium,2,4,13,414.9,997.2,14902.7,0,1,17.1,1477.18
Azure,eastus,D4s_v5,4,16,16,733.5,3971.4,15683.9,1,0,34.5,4075.91
GCP,us-central1,n2-standard-2,2,8,14,207.7,3306.6,19945.9,0,0,40.1,2081.79
GCP,asia-southeast1,n2-standard-8,8,32,16,692.9,481.5,6102.5,1,0,75.9,5339.35
GCP,us-central1,n2-standard-4,4,16,6,458.4,135.3,5059.8,1,0,47.4,1038.04
AWS,eu-west-2,m6i.xlarge,4,16,4,316.3,1384.6,14098.5,0,0,23.8,1575.67
AWS,us-east-1,m6i.4xlarge,16,64,19,401.1,1730.9,19696.5,1,0,81.5,7645.39
Azure,southeastasia,D8s_v5,8,32,5,661.0,3631.7,17449.7,1,0,87.9,3321.23
Azure,southeastasia,D16s_v5,16,64,13,205.4,3427.0,928.1,1,0,90.5,2767.26
Azure,uksouth,D16s_v5,16,64,2,455.2,427.2,17450.7,0,1,12.2,2225.62
AWS,us-east-1,m6i.xlarge,4,16,18,576.7,348.2,3198.1,1,1,89.1,2388.1
GCP,us-central1,n2-standard-16,16,64,6,387.8,994.6,11399.7,1,1,80.9,2883.4
Azure,uksouth,D2s_v5,2,8,7,542.3,922.8,11204.3,1,0,20.5,1473.77
AWS,ap-southeast-1,t3.large,2,8,17,618.0,400.1,14807.2,1,1,66.0,2387.37
GCP,asia-southeast1,e2-standard-2,2,8,11,473.6,256.6,1027.6,0,0,9.2,487.97
AWS,eu-west-2,m6i.2xlarge,8,32,8,647.1,1694.5,10965.2,0,1,9.8,3276.06
AWS,eu-west-2,t3.medium,2,4,17,292.9,2528.4,11540.9,1,0,67.9,1511.01
GCP,asia-southeast1,n2-standard-4,4,16,9,375.7,2913.0,13721.3,1,0,63.4,2194.45
AWS,ap-southeast-1,m6i.2xlarge,8,32,2,337.5,1799.0,12612.5,0,0,28.6,1518.66
AWS,ap-southeast-1,m6i.large,2,8,19,614.8,3556.3,1683.6,0,0,56.6,1745.6
Azure,uksouth,B2ms,2,8,20,278.5,1355.5,3441.2,0,1,49.2,923.98
AWS,eu-west-2,t3.large,2,8,15,680.1,3274.7,4794.4,1,0,81.0,1675.49
Azure,eastus,D2s_v5,2,8,5,598.1,2684.8,11300.7,0,0,65.1,1471.63
Azure,uksouth,D8s_v5,8,32,9,441.7,2844.2,12209.9,0,1,68.2,2958.27
Azure,uksouth,B2ms,2,8,7,381.0,1002.0,19238.3,0,0,41.1,1836.74
GCP,europe-west2,e2-standard-2,2,8,9,211.1,156.5,11372.2,1,0,75.3,1158.56
AWS,us-east-1,t3.medium,2,4,9,568.4,3338.8,9926.9,1,0,45.9,1425.53
AWS,eu-west-2,t3.large,2,8,19,605.5,2080.6,3550.9,0,0,68.5,1505.38
GCP,europe-west2,n2-standard-4,4,16,15,339.4,2179.9,10531.9,1,1,89.8,2228.28
Azure,southeastasia,D8s_v5,8,32,10,480.4,567.3,4091.4,1,0,92.6,2627.99
Azure,uksouth,D8s_v5,8,32,1,334.4,645.9,19513.6,1,1,60.9,1853.27
AWS,us-east-1,m6i.4xlarge,16,64,12,234.7,97.1,1648.3,1,0,54.3,2369.7
Azure,uksouth,D8s_v5,8,32,7,585.7,3865.4,7155.2,0,0,72.4,2677.22
AWS,eu-west-2,m6i.4xlarge,16,64,2,719.4,3620.6,7933.5,0,0,58.1,2155.27
GCP,us-central1,e2-medium,2,4,4,223.4,449.8,19539.0,1,0,62.3,1655.9
Azure,eastus,B2ms,2,8,19,532.8,2290.2,3723.2,0,1,58.2,1352.3
AWS,us-east-1,m6i.2xlarge,8,32,6,635.4,720.1,18659.6,0,1,32.5,3091.24
AWS,ap-southeast-1,m6i.large,2,8,17,197.9,2053.8,1716.0,0,1,12.5,698.38
AWS,us-east-1,m6i.4xlarge,16,64,6,485.4,2563.4,19246.1,0,0,36.9,4089.79
GCP,us-central1,n2-standard-2,2,8,5,230.0,3944.5,19078.7,1,1,58.8,2001.23
GCP,us-central1,n2-standard-8,8,32,14,574.0,2109.8,2954.8,0,1,61.6,3500.08
GCP,us-central1,e2-standard-2,2,8,2,384.9,2565.5,10430.9,0,0,17.6,1112.64
GCP,europe-west2,n2-standard-16,16,64,13,548.4,2235.7,4915.2,0,1,61.9,6551.96
AWS,eu-west-2,t3.large,2,8,8,585.0,227.7,11101.7,1,0,15.8,1464.77
AWS,us-east-1,m6i.large,2,8,15,215.8,913.6,16494.7,0,0,34.3,1768.04
AWS,ap-southeast-1,t3.medium,2,4,20,588.6,408.0,18265.0,0,1,48.6,2089.4
GCP,asia-southeast1,e2-standard-2,2,8,7,590.1,2173.0,10586.1,1,0,40.3,1432.0
AWS,ap-southeast-1,m6i.2xlarge,8,32,9,477.8,3925.9,7328.1,0,0,62.0,2961.64
GCP,us-central1,n2-standard-16,16,64,2,426.9,60.5,1420.1,0,0,20.1,787.82
GCP,asia-southeast1,n2-standard-8,8,32,18,622.6,2808.8,4494.7,1,0,64.5,5466.2
GCP,asia-southeast1,n2-standard-4,4,16,20,310.5,1300.3,12896.0,1,0,77.8,2597.35
GCP,us-central1,n2-standard-4,4,16,17,262.4,3581.2,2018.3,0,1,43.6,1326.88
AWS,us-east-1,t3.medium,2,4,5,438.1,3401.9,16019.1,1,0,82.1,1748.04
AWS,eu-west-2,m6i.2xlarge,8,32,10,705.2,1595.6,7219.5,0,1,80.1,3657.36
Azure,southeastasia,D8s_v5,8,32,15,724.7,3983.2,18476.1,0,1,92.0,6666.71
AWS,eu-west-2,m6i.4xlarge,16,64,2,241.6,2370.7,14010.9,1,1,56.6,1875.62
GCP,asia-southeast1,n2-standard-8,8,32,20,343.5,580.7,109.8,0,0,13.6,3004.58
AWS,eu-west-2,m6i.4xlarge,16,64,2,595.0,251.0,10994.2,1,1,43.2,2049.49
GCP,us-central1,e2-medium,2,4,5,216.6,478.8,19557.9,1,1,16.4,1688.74
Azure,southeastasia,B2ms,2,8,14,525.5,3256.7,8084.6,0,0,5.2,1616.78
GCP,us-central1,n2-standard-8,8,32,6,228.6,3387.9,159.0,0,0,48.4,777.77
GCP,europe-west2,e2-medium,2,4,19,315.5,1017.8,12143.6,0,1,38.9,1343.51
Azure,uksouth,D4s_v5,4,16,4,223.4,2367.2,485.3,1,0,64.4,474.3
GCP,europe-west2,e2-medium,2,4,3,542.9,3217.9,15855.0,0,0,80.4,1596.96
AWS,us-east-1,m6i.large,2,8,20,682.9,1297.3,403.7,0,1,72.5,1455.54
GCP,us-central1,n2-standard-4,4,16,15,677.7,170.0,14733.4,1,1,52.8,3250.82
Azure,southeastasia,B2ms,2,8,14,571.1,358.5,7478.5,0,0,54.0,1436.81
AWS,us-east-1,m6i.2xlarge,8,32,9,550.8,2779.5,16290.5,1,1,64.5,3434.97
Azure,eastus,D2s_v5,2,8,11,540.1,873.5,7511.3,1,0,26.3,1334.69
GCP,us-central1,e2-medium,2,4,17,288.1,2440.7,353.0,1,1,41.3,458.8
Azure,uksouth,D8s_v5,8,32,13,568.3,2930.7,4486.9,0,0,10.1,3811.17
Azure,southeastasia,B2ms,2,8,16,395.2,2525.8,1109.6,0,1,7.4,911.98
GCP,europe-west2,n2-standard-16,16,64,8,678.7,3282.7,18240.9,0,1,39.7,6395.61
AWS,ap-southeast-1,m6i.large,2,8,9,436.7,2070.4,15883.1,1,0,69.0,2062.88
Azure,uksouth,B2ms,2,8,1,276.1,1894.8,17010.8,0,0,24.1,1572.17
AWS,eu-west-2,t3.large,2,8,11,491.9,3342.6,7796.4,1,1,27.9,1570.07
AWS,eu-west-2,m6i.2xlarge,8,32,8,269.3,441.0,1901.1,0,0,51.7,1093.65
GCP,us-central1,n2-standard-2,2,8,12,213.8,3704.9,1160.6,1,1,75.8,700.75
GCP,asia-southeast1,n2-standard-8,8,32,17,550.3,1013.9,4048.4,1,0,82.6,4560.68
GCP,europe-west2,n2-standard-4,4,16,19,249.2,2592.9,6917.4,1,0,72.3,1854.45
AWS,ap-southeast-1,m6i.2xlarge,8,32,1,696.1,2307.5,10076.1,1,0,54.0,1456.89
AWS,eu-west-2,t3.large,2,8,20,570.8,3685.4,4509.7,1,0,50.1,1882.18
GCP,us-central1,e2-standard-2,2,8,15,488.7,3155.0,6377.3,0,1,62.1,1287.61
AWS,us-east-1,m6i.xlarge,4,16,20,352.3,2265.8,8257.4,1,0,23.4,2346.35
AWS,eu-west-2,t3.medium,2,4,12,203.0,400.9,19433.8,0,1,76.5,1774.47
AWS,us-east-1,t3.medium,2,4,16,461.6,835.6,17554.0,1,1,29.5,1914.39
AWS,eu-west-2,t3.large,2,8,15,689.4,932.8,15727.3,0,1,8.2,2387.94
Azure,eastus,D4s_v5,4,16,1,489.6,37.7,19886.9,0,1,66.2,1696.7
Azure,eastus,D2s_v5,2,8,15,255.8,1796.5,6710.7,0,1,17.9,1089.22
GCP,us-central1,n2-standard-4,4,16,12,390.6,2489.1,3593.1,0,0,13.5,1425.04
AWS,eu-west-2,t3.large,2,8,7,542.3,460.7,14189.7,0,1,16.3,1622.54
AWS,us-east-1,m6i.2xlarge,8,32,8,517.5,2438.2,19179.2,0,0,35.6,3481.85
Azure,uksouth,D2s_v5,2,8,6,375.5,1490.6,2800.1,1,1,32.8,667.52
Azure,uksouth,B2ms,2,8,8,586.5,2850.7,4053.9,1,1,19.1,1069.17
Azure,eastus,D2s_v5,2,8,20,282.1,1289.1,14502.3,0,1,19.6,1854.24
AWS,us-east-1,m6i.large,2,8,20,626.9,1076.4,14501.6,1,1,33.1,2531.2
AWS,eu-west-2,t3.large,2,8,5,252.9,3704.3,3238.6,0,0,56.9,716.02
AWS,ap-southeast-1,m6i.4xlarge,16,64,19,743.7,3768.7,17931.8,0,1,53.3,14056.89
GCP,us-central1,n2-standard-4,4,16,10,531.8,2641.7,6642.8,0,0,43.5,1806.82
Azure,southeastasia,D8s_v5,8,32,10,193.1,2767.4,8252.9,0,1,6.2,1829.55
AWS,ap-southeast-1,t3.medium,2,4,15,728.1,3536.9,9681.5,0,1,56.5,1694.56
AWS,eu-west-2,t3.medium,2,4,6,304.5,440.4,10495.2,0,1,77.0,1064.32
Azure,southeastasia,D2s_v5,2,8,15,494.2,716.6,14361.7,0,1,25.3,2098.97
Azure,southeastasia,D8s_v5,8,32,3,636.4,2793.9,16589.5,1,1,65.0,2498.71
Azure,eastus,D4s_v5,4,16,3,537.6,3477.4,13208.3,1,0,17.6,1686.66
AWS,ap-southeast-1,m6i.large,2,8,16,708.2,3230.3,13034.7,1,1,90.3,2642.27
Azure,eastus,D4s_v5,4,16,8,390.5,1204.8,6522.6,0,1,44.2,1285.68
GCP,europe-west2,e2-standard-2,2,8,6,356.2,314.2,4489.7,1,1,19.7,633.81
GCP,us-central1,e2-standard-2,2,8,1,715.9,512.8,7663.0,0,1,48.5,734.43
Azure,uksouth,B2ms,2,8,6,594.8,2731.7,7243.7,1,1,79.3,1210.47
Azure,southeastasia,B2ms,2,8,3,472.5,3684.9,169.6,1,1,65.8,516.68
AWS,ap-southeast-1,m6i.2xlarge,8,32,6,371.8,1418.4,6802.5,0,0,33.6,1709.06
Azure,eastus,D16s_v5,16,64,3,496.2,1512.9,10784.2,1,0,86.6,2295.95
GCP,asia-southeast1,e2-medium,2,4,3,464.1,1285.3,17747.7,1,1,66.8,1617.91
AWS,eu-west-2,m6i.2xlarge,8,32,15,331.2,2650.5,17460.8,0,1,9.4,3761.22
GCP,us-central1,e2-standard-2,2,8,14,376.4,987.6,4386.1,0,1,32.4,791.41
Azure,southeastasia,D4s_v5,4,16,1,699.4,414.4,13649.4,0,0,63.6,1320.57
AWS,eu-west-2,t3.large,2,8,11,575.7,2282.3,10230.8,1,1,37.3,1753.49
Azure,uksouth,D8s_v5,8,32,9,181.6,2268.8,14080.6,0,0,5.0,2075.1
GCP,asia-southeast1,n2-standard-8,8,32,9,584.8,2658.8,14147.7,0,0,71.4,3679.71
Azure,uksouth,B2ms,2,8,2,383.7,2119.8,15252.4,1,1,75.3,1585.39
AWS,eu-west-2,t3.medium,2,4,15,348.9,33.4,4710.2,1,1,75.7,743.11
AWS,ap-southeast-1,t3.large,2,8,8,201.2,3724.0,15804.2,0,0,33.4,1788.17
Azure,eastus,D2s_v5,2,8,2,411.7,1516.0,18281.4,0,0,11.0,1631.16
GCP,asia-southeast1,n2-standard-2,2,8,7,419.3,1903.1,5829.4,0,1,67.7,962.68
GCP,europe-west2,n2-standard-16,16,64,6,286.0,554.7,14883.5,0,1,93.5,2699.57
GCP,us-central1,e2-medium,2,4,17,427.1,3822.6,3990.5,1,0,85.3,915.6
AWS,us-east-1,m6i.xlarge,4,16,4,605.3,3387.0,6953.1,1,0,71.6,1421.49
GCP,us-central1,n2-standard-4,4,16,12,736.9,995.1,11459.6,0,1,83.2,2720.64
Azure,uksouth,D2s_v5,2,8,9,576.6,545.8,531.4,0,0,94.9,653.13
GCP,us-central1,e2-standard-2,2,8,17,375.4,2045.5,19485.4,1,0,52.3,2156.76
AWS,eu-west-2,m6i.2xlarge,8,32,7,181.7,958.9,3862.9,1,0,39.9,1004.01
GCP,asia-southeast1,n2-standard-4,4,16,12,184.3,771.2,18625.6,0,0,32.9,1978.53
AWS,ap-southeast-1,m6i.large,2,8,10,190.3,3809.9,7831.8,0,1,55.8,1303.33
Azure,eastus,D8s_v5,8,32,17,328.9,1979.1,11203.5,0,1,66.2,3465.7
GCP,europe-west2,n2-standard-8,8,32,3,580.1,3296.7,10814.5,1,0,11.9,1944.2
GCP,asia-southeast1,e2-standard-2,2,8,16,425.4,2002.2,19747.9,1,1,15.0,2272.0
GCP,asia-southeast1,n2-standard-4,4,16,18,498.9,1035.1,10434.8,1,0,60.3,2975.01
GCP,asia-southeast1,e2-medium,2,4,17,610.6,1246.7,12707.5,0,1,22.4,1534.4
Azure,southeastasia,B2ms,2,8,12,500.2,2593.8,8811.6,1,1,86.0,1642.0
AWS,eu-west-2,m6i.4xlarge,16,64,19,266.2,2033.7,11694.6,1,1,75.4,5394.37
GCP,europe-west2,n2-standard-4,4,16,10,465.8,111.8,2598.9,0,1,91.9,1246.34
GCP,asia-southeast1,n2-standard-8,8,32,2,190.1,2906.5,3430.1,1,1,28.8,796.27
GCP,europe-west2,e2-medium,2,4,10,622.6,1714.9,12216.7,1,0,30.5,1499.76
Azure,southeastasia,D4s_v5,4,16,6,741.9,938.8,18257.2,0,1,32.4,2572.68
AWS,ap-southeast-1,m6i.xlarge,4,16,7,487.3,163.0,16956.9,1,1,29.7,2311.08
AWS,ap-southeast-1,m6i.4xlarge,16,64,18,625.6,806.6,7441.6,0,1,20.7,10361.83
AWS,eu-west-2,t3.large,2,8,19,553.3,84.5,14100.2,1,0,39.6,2209.6
AWS,us-east-1,m6i.2xlarge,8,32,10,323.9,958.6,11465.2,0,0,40.8,2353.39
AWS,eu-west-2,m6i.large,2,8,9,291.1,3586.7,19483.0,1,0,63.1,2255.09
Azure,southeastasia,D8s_v5,8,32,13,252.6,296.2,19869.8,0,1,45.5,3149.01
Azure,uksouth,D2s_v5,2,8,17,670.0,1389.7,13920.2,0,0,37.9,2512.65
AWS,ap-southeast-1,m6i.4xlarge,16,64,4,527.7,3104.9,15121.0,0,1,6.6,3423.09
GCP,europe-west2,e2-medium,2,4,9,271.8,1641.5,18383.4,1,1,63.8,1797.52
Azure,uksouth,D4s_v5,4,16,20,691.2,3002.7,383.1,0,0,44.0,3195.67
AWS,eu-west-2,m6i.xlarge,4,16,3,467.2,2788.6,1307.4,1,0,19.1,711.54
GCP,us-central1,n2-standard-8,8,32,14,617.4,2083.7,19137.2,0,1,19.4,5022.94
Azure,eastus,D8s_v5,8,32,17,511.1,1588.5,11127.7,0,0,24.3,4444.77
Azure,eastus,D4s_v5,4,16,1,613.8,3680.3,7881.0,1,0,80.9,1151.98
GCP,europe-west2,n2-standard-2,2,8,5,288.3,2523.3,8612.6,1,0,34.2,1135.52
AWS,eu-west-2,m6i.large,2,8,12,470.2,1704.8,8013.4,0,0,74.6,1462.63
GCP,us-central1,n2-standard-8,8,32,15,618.0,1672.8,10184.5,0,1,66.6,4715.74
AWS,us-east-1,t3.large,2,8,20,258.3,2302.6,1264.8,0,0,43.6,710.38
AWS,eu-west-2,t3.medium,2,4,18,446.5,301.9,17957.2,0,0,83.7,1876.44
AWS,ap-southeast-1,m6i.2xlarge,8,32,9,246.9,1506.0,18681.7,0,0,23.4,2713.96
GCP,asia-southeast1,e2-medium,2,4,3,509.5,1525.4,6040.2,0,0,75.0,716.58
AWS,ap-southeast-1,t3.medium,2,4,9,691.9,2320.9,9932.8,0,1,10.7,1442.12
AWS,eu-west-2,m6i.large,2,8,13,348.1,3959.9,12688.5,0,1,92.2,1921.63
Azure,southeastasia,D2s_v5,2,8,11,354.5,2798.3,16667.5,0,0,62.3,2057.69
GCP,europe-west2,n2-standard-4,4,16,11,329.7,941.0,14496.7,1,0,17.9,2112.78
AWS,ap-southeast-1,m6i.4xlarge,16,64,6,573.6,3042.1,9120.1,0,1,68.2,3958.01
AWS,ap-southeast-1,t3.medium,2,4,9,531.4,1193.9,603.5,1,1,22.6,451.11
AWS,ap-southeast-1,t3.large,2,8,6,607.0,3796.5,11485.5,0,0,13.7,1668.55
GCP,europe-west2,e2-standard-2,2,8,10,639.2,3396.1,13957.5,0,0,83.6,1835.49
GCP,us-central1,n2-standard-16,16,64,20,673.4,2051.7,1385.8,1,0,15.0,10907.24
AWS,eu-west-2,m6i.large,2,8,8,657.8,3061.8,8153.9,1,0,21.3,1603.6
Azure,uksouth,D8s_v5,8,32,20,490.4,2589.3,13551.5,0,1,49.8,5572.44
Azure,uksouth,D8s_v5,8,32,14,466.3,3070.9,351.4,0,1,30.1,3057.01
GCP,asia-southeast1,n2-standard-16,16,64,4,736.5,3994.1,14397.0,0,0,85.7,4039.18
AWS,us-east-1,t3.medium,2,4,7,735.3,1047.1,9269.3,1,1,69.9,1199.94
GCP,europe-west2,n2-standard-16,16,64,19,625.4,130.0,16371.0,0,1,49.7,11079.81
GCP,europe-west2,n2-standard-4,4,16,8,356.5,1075.5,13621.2,1,0,46.9,1900.4
GCP,asia-southeast1,n2-standard-4,4,16,10,704.4,3603.9,3705.8,0,1,79.1,2157.71
AWS,us-east-1,m6i.large,2,8,12,422.3,3206.9,15923.2,1,1,43.1,2186.25
GCP,asia-southeast1,n2-standard-4,4,16,3,369.1,3544.7,9531.0,0,1,46.8,1322.21
Azure,eastus,D4s_v5,4,16,20,738.0,3478.6,14755.1,1,1,20.8,4514.63
GCP,us-central1,n2-standard-16,16,64,17,475.0,3875.7,2931.6,0,1,32.6,6727.62
GCP,asia-southeast1,n2-standard-16,16,64,2,320.7,2386.1,1227.1,0,0,31.2,843.64
AWS,eu-west-2,t3.medium,2,4,5,707.7,1567.7,11705.4,1,0,14.1,1396.74
Azure,southeastasia,D8s_v5,8,32,1,329.5,1433.1,19145.2,1,1,43.7,1876.84
GCP,us-central1,n2-standard-8,8,32,13,569.5,2115.0,12223.9,1,0,8.8,4139.7
GCP,asia-southeast1,n2-standard-16,16,64,13,224.3,1393.2,14229.9,1,0,74.8,3853.27
Azure,eastus,B2ms,2,8,5,634.2,873.5,18116.4,0,1,76.9,1803.99
Azure,uksouth,D16s_v5,16,64,5,522.1,2903.8,17919.5,1,0,66.8,4032.91
AWS,us-east-1,m6i.2xlarge,8,32,10,400.5,3054.3,6000.2,1,1,29.1,2407.55
Azure,eastus,B2ms,2,8,5,728.9,1829.7,2941.2,0,1,94.6,713.48
GCP,us-central1,e2-medium,2,4,5,459.7,1354.8,15589.4,1,0,74.1,1512.84
GCP,asia-southeast1,n2-standard-16,16,64,18,473.8,3402.7,7547.8,1,1,26.8,8473.49
Azure,eastus,D4s_v5,4,16,10,565.5,3849.2,5983.8,0,1,14.4,1956.93
Azure,eastus,D8s_v5,8,32,14,449.0,996.4,1324.3,0,1,77.9,2768.68
GCP,us-central1,n2-standard-16,16,64,15,516.1,2634.9,13044.4,0,0,43.4,7014.99
Azure,southeastasia,B2ms,2,8,3,477.2,2618.4,14344.1,1,1,21.4,1587.52
GCP,europe-west2,n2-standard-16,16,64,19,685.3,1452.7,5157.1,0,0,50.5,11513.93
GCP,us-central1,e2-medium,2,4,20,528.2,1520.0,18375.8,0,0,47.7,1907.1
GCP,europe-west2,e2-medium,2,4,19,721.3,3843.9,16377.9,0,1,39.5,2181.37
Azure,uksouth,D2s_v5,2,8,11,700.6,3882.2,18953.5,0,1,93.9,2722.18
GCP,asia-southeast1,n2-standard-2,2,8,4,723.2,2763.0,10726.1,1,1,90.0,1554.65
GCP,europe-west2,n2-standard-16,16,64,1,679.8,3653.1,8001.8,0,1,45.6,1603.64
Azure,uksouth,D16s_v5,16,64,11,506.1,1364.6,5442.4,1,1,69.0,5323.08
GCP,us-central1,n2-standard-16,16,64,9,326.6,3586.3,12183.7,0,0,21.3,3485.27
AWS,us-east-1,m6i.4xlarge,16,64,17,377.2,3060.1,10860.8,0,0,8.7,6131.36
Azure,southeastasia,D4s_v5,4,16,16,247.6,3233.4,12949.8,1,0,55.9,2369.94
Azure,southeastasia,D4s_v5,4,16,14,342.7,3900.6,11420.1,0,1,17.3,2411.56
GCP,europe-west2,n2-standard-2,2,8,9,724.3,3075.2,4849.9,0,1,79.4,1387.83
AWS,us-east-1,m6i.2xlarge,8,32,19,393.1,1067.4,19901.1,0,0,87.0,4588.7
Azure,uksouth,D2s_v5,2,8,4,658.1,3859.3,6566.4,0,1,60.0,1164.21
GCP,asia-southeast1,n2-standard-4,4,16,18,433.1,1491.6,5069.0,1,1,83.5,2303.74
Azure,eastus,D16s_v5,16,64,19,301.6,1040.0,18718.2,1,1,56.9,6122.12
GCP,europe-west2,n2-standard-8,8,32,6,305.1,1393.8,17970.1,1,1,39.8,2473.65
GCP,us-central1,n2-standard-4,4,16,3,364.5,3826.9,6304.5,1,1,25.5,1116.58
Azure,eastus,D4s_v5,4,16,14,567.2,790.1,14172.6,1,0,70.9,2852.9
GCP,asia-southeast1,n2-standard-4,4,16,9,491.8,964.5,13562.2,1,1,78.4,2236.88
AWS,ap-southeast-1,t3.medium,2,4,14,268.4,1741.6,17181.8,1,0,60.1,1796.98
AWS,us-east-1,m6i.4xlarge,16,64,4,433.9,1726.0,7235.7,1,1,14.6,2212.01
GCP,us-central1,n2-standard-8,8,32,14,461.0,680.0,7261.0,1,0,86.1,3195.27
Azure,southeastasia,D4s_v5,4,16,18,718.3,1274.5,7085.8,1,1,76.1,3642.87
GCP,us-central1,n2-standard-16,16,64,6,282.5,3900.0,15620.7,0,0,86.6,2819.23
GCP,us-central1,e2-medium,2,4,16,344.9,2874.2,513.5,1,0,16.1,499.09
Azure,eastus,B2ms,2,8,3,569.5,574.5,2926.1,1,0,23.0,481.75
AWS,ap-southeast-1,t3.medium,2,4,5,284.2,1076.1,3771.2,0,1,88.8,504.72
Azure,southeastasia,B2ms,2,8,12,185.0,3537.0,14555.2,0,1,68.8,1738.67
GCP,asia-southeast1,n2-standard-8,8,32,18,466.5,1713.1,14025.8,0,0,25.5,4878.21
GCP,europe-west2,n2-standard-4,4,16,13,667.6,282.6,7951.4,0,1,24.9,2599.91
Azure,uksouth,D2s_v5,2,8,12,552.7,2376.8,12954.5,0,1,20.7,2012.21
AWS,us-east-1,m6i.2xlarge,8,32,2,594.8,498.1,13363.9,1,1,19.6,1723.42
AWS,eu-west-2,m6i.4xlarge,16,64,16,252.5,2472.4,15476.8,1,1,19.0,5075.24
Azure,uksouth,D16s_v5,16,64,18,392.5,2102.9,15373.8,1,0,11.9,7718.43
Azure,eastus,D16s_v5,16,64,7,345.4,2876.0,13482.1,0,1,94.5,3337.07
AWS,ap-southeast-1,t3.large,2,8,17,597.5,2375.2,8777.1,0,0,17.3,1958.39
Azure,eastus,D16s_v5,16,64,12,543.8,3290.3,9262.2,1,1,27.5,6362.37
AWS,eu-west-2,m6i.large,2,8,10,620.2,975.6,3999.7,0,1,25.6,1123.3
AWS,eu-west-2,m6i.4xlarge,16,64,2,496.2,3516.1,10874.5,1,1,17.3,2138.18
Azure,uksouth,D4s_v5,4,16,14,208.0,758.5,6381.6,1,0,23.3,1278.26
AWS,eu-west-2,t3.large,2,8,16,251.4,1641.7,6127.8,1,0,50.2,1093.9
GCP,asia-southeast1,e2-medium,2,4,18,340.6,3846.3,18630.8,1,1,80.1,2083.22
AWS,us-east-1,m6i.2xlarge,8,32,14,456.0,3403.1,14585.6,0,0,62.8,3967.12
GCP,europe-west2,n2-standard-4,4,16,20,721.0,3398.4,15506.4,0,1,83.8,4615.31
GCP,us-central1,n2-standard-2,2,8,20,510.6,2252.3,3516.3,1,1,36.4,1539.15
GCP,us-central1,n2-standard-2,2,8,14,319.7,1418.6,6698.0,0,0,18.4,1091.78
GCP,asia-southeast1,e2-standard-2,2,8,10,648.1,3848.1,12152.7,0,1,42.4,1874.36
GCP,europe-west2,n2-standard-4,4,16,1,317.9,1923.0,10153.6,1,0,21.3,1162.94
GCP,us-central1,e2-standard-2,2,8,6,471.3,2949.7,1145.0,1,0,9.8,564.88
GCP,asia-southeast1,n2-standard-2,2,8,1,262.7,1860.9,3150.3,0,0,23.0,461.08
Azure,southeastasia,D4s_v5,4,16,20,677.8,1238.4,12550.6,0,1,77.1,4228.1
Azure,uksouth,B2ms,2,8,17,276.3,1747.7,2576.7,0,1,10.9,792.88
AWS,us-east-1,t3.medium,2,4,3,342.1,2602.1,3849.4,0,1,35.0,606.79
AWS,us-east-1,t3.large,2,8,3,578.3,689.8,5842.5,1,1,68.2,787.38
GCP,asia-southeast1,n2-standard-8,8,32,11,652.9,2871.1,2972.6,0,0,56.5,3580.63
Azure,eastus,D16s_v5,16,64,4,526.5,1676.5,13517.2,1,1,21.9,2983.28
AWS,us-east-1,m6i.xlarge,4,16,2,493.2,3789.6,14989.7,0,1,78.4,1773.24
GCP,asia-southeast1,e2-medium,2,4,15,239.6,2611.1,2408.7,1,0,80.1,620.24
AWS,us-east-1,m6i.large,2,8,15,254.6,159.6,14421.1,0,1,53.6,1591.69
GCP,europe-west2,n2-standard-4,4,16,5,606.0,3400.2,6424.9,1,1,9.6,1559.61
Azure,eastus,D8s_v5,8,32,9,324.3,2766.8,10863.8,0,0,38.1,2280.78
GCP,europe-west2,e2-medium,2,4,15,192.0,907.4,1065.0,0,1,49.3,281.14
Azure,uksouth,D4s_v5,4,16,13,672.8,2942.7,8645.9,1,0,73.1,2923.51
Azure,southeastasia,D2s_v5,2,8,7,201.9,345.2,1078.4,1,1,82.1,350.66
AWS,ap-southeast-1,m6i.xlarge,4,16,12,532.0,513.2,13979.3,1,1,90.9,2646.35
AWS,eu-west-2,m6i.2xlarge,8,32,5,595.5,434.3,534.8,1,1,67.5,1374.51
Azure,eastus,B2ms,2,8,10,480.8,1587.6,10377.0,0,1,60.2,1428.7
AWS,us-east-1,m6i.2xlarge,8,32,7,454.7,34.5,17196.3,1,1,94.8,2771.83
Azure,eastus,D2s_v5,2,8,20,379.2,3944.5,8612.4,1,0,41.4,1860.85
AWS,ap-southeast-1,m6i.xlarge,4,16,18,188.8,3596.0,15837.2,1,0,74.4,2499.7
GCP,europe-west2,n2-standard-2,2,8,16,213.6,2914.6,2111.3,1,1,19.8,873.04
GCP,europe-west2,n2-standard-4,4,16,17,655.0,217.3,8557.5,0,1,67.6,3128.24
Azure,uksouth,B2ms,2,8,8,548.1,551.8,17202.5,0,1,68.3,1860.95
GCP,asia-southeast1,e2-medium,2,4,5,722.0,2884.2,11859.9,0,1,44.7,1384.28
GCP,us-central1,n2-standard-8,8,32,14,437.2,2938.6,8841.7,0,0,94.4,3286.88
Azure,eastus,D8s_v5,8,32,19,634.6,290.7,6683.2,1,0,55.0,5420.58
AWS,ap-southeast-1,m6i.xlarge,4,16,20,395.9,3465.2,19444.2,0,1,15.1,3577.87
Azure,southeastasia,D16s_v5,16,64,9,313.5,3606.1,13414.5,1,1,39.3,4009.5
AWS,ap-southeast-1,t3.large,2,8,16,658.7,527.7,5249.0,0,1,14.1,1506.11
Azure,eastus,D16s_v5,16,64,8,231.8,34.9,1583.2,0,1,75.0,1609.04
GCP,us-central1,n2-standard-8,8,32,19,262.7,1161.0,4784.1,0,1,49.6,2469.61
AWS,us-east-1,m6i.large,2,8,17,349.9,852.7,19569.1,1,0,66.0,2324.98
AWS,us-east-1,t3.medium,2,4,16,454.7,2053.5,15467.3,0,0,92.4,1742.48
AWS,eu-west-2,m6i.xlarge,4,16,2,408.5,2443.0,11803.9,1,0,36.5,1454.54
GCP,asia-southeast1,e2-standard-2,2,8,12,477.5,2260.2,11259.9,1,0,35.1,1611.72
GCP,europe-west2,e2-standard-2,2,8,3,740.7,3092.7,8345.0,1,1,69.9,1201.04
Azure,southeastasia,D2s_v5,2,8,13,437.4,2684.7,8830.2,0,1,74.9,1643.63
Azure,uksouth,D2s_v5,2,8,5,347.2,3782.7,10140.9,1,1,45.7,1418.33
Azure,southeastasia,B2ms,2,8,3,654.7,812.1,5373.6,0,0,23.2,728.62
AWS,us-east-1,m6i.2xlarge,8,32,4,328.3,1241.0,16919.8,0,1,78.8,1986.94
Azure,uksouth,D8s_v5,8,32,13,296.3,2022.9,2364.8,1,1,12.2,2107.76
AWS,ap-southeast-1,m6i.2xlarge,8,32,14,526.3,236.3,1906.8,1,0,83.3,3380.73
GCP,asia-southeast1,n2-standard-16,16,64,4,734.7,396.7,10957.6,0,1,9.2,3465.76
GCP,asia-southeast1,n2-standard-16,16,64,10,570.6,2806.7,3619.4,0,1,91.8,5333.67
AWS,ap-southeast-1,t3.large,2,8,18,644.0,3239.2,7226.2,0,0,43.2,2062.85
GCP,europe-west2,n2-standard-16,16,64,6,413.0,3613.4,5780.2,1,1,73.3,3095.48
AWS,us-east-1,t3.large,2,8,15,499.9,2681.8,13421.1,0,1,32.0,2040.64
Azure,southeastasia,D2s_v5,2,8,9,447.2,295.7,2964.8,0,1,58.1,744.4
Azure,eastus,B2ms,2,8,13,392.7,2037.1,6831.9,0,1,7.3,1178.49
GCP,asia-southeast1,e2-medium,2,4,7,384.0,3795.4,895.6,0,0,67.9,497.59
GCP,us-central1,n2-standard-2,2,8,1,361.8,3096.0,3767.3,0,0,63.7,595.31
AWS,us-east-1,m6i.2xlarge,8,32,14,595.7,1967.9,6807.3,1,1,73.7,4062.36
AWS,ap-southeast-1,m6i.2xlarge,8,32,19,560.2,2700.7,12216.2,0,1,80.9,6031.48
Azure,southeastasia,B2ms,2,8,10,706.3,3992.0,9723.9,0,0,26.4,1859.99
AWS,eu-west-2,m6i.2xlarge,8,32,2,363.4,3142.1,13096.0,0,1,47.3,1749.68
GCP,asia-southeast1,n2-standard-2,2,8,5,230.7,524.6,4210.3,0,1,29.0,528.09
AWS,eu-west-2,t3.medium,2,4,18,538.1,82.8,18269.5,0,0,53.1,1938.18
AWS,eu-west-2,m6i.2xlarge,8,32,10,613.8,2062.3,3520.5,1,1,27.6,3069.71
Azure,southeastasia,D4s_v5,4,16,4,360.3,907.6,10914.8,0,1,90.7,1432.84
GCP,asia-southeast1,e2-medium,2,4,8,507.0,1418.9,15687.1,1,1,8.5,1581.63
Azure,southeastasia,B2ms,2,8,9,468.1,1520.0,15847.6,1,1,60.8,1883.71
GCP,asia-southeast1,n2-standard-2,2,8,17,514.0,3798.5,6287.7,1,0,14.7,1875.21
GCP,us-central1,e2-medium,2,4,6,266.5,2403.5,15963.4,1,1,35.8,1595.12
Azure,southeastasia,D16s_v5,16,64,8,716.9,422.8,8465.6,0,1,30.1,5860.47
AWS,eu-west-2,m6i.2xlarge,8,32,18,408.5,2434.7,17871.8,0,0,29.2,4622.81
AWS,ap-southeast-1,m6i.xlarge,4,16,17,628.3,2677.0,19665.4,1,0,67.9,4264.19
AWS,ap-southeast-1,m6i.large,2,8,18,376.9,1581.2,14960.0,0,0,76.0,2118.46
GCP,europe-west2,e2-standard-2,2,8,3,538.4,3550.5,12863.5,0,0,37.3,1446.71
Azure,uksouth,D2s_v5,2,8,13,315.3,998.7,3699.4,0,1,43.8,843.94
GCP,europe-west2,e2-medium,2,4,9,662.2,1783.8,1656.6,0,0,64.4,501.22
AWS,us-east-1,m6i.2xlarge,8,32,4,297.2,1966.1,3559.7,0,1,27.8,916.33
Azure,southeastasia,B2ms,2,8,15,346.9,2082.8,6644.9,0,1,89.7,1272.18
GCP,us-central1,n2-standard-16,16,64,20,221.7,1885.6,5005.0,0,1,26.0,4124.77
AWS,us-east-1,m6i.2xlarge,8,32,4,280.8,1216.6,2166.0,1,0,65.0,768.33
AWS,us-east-1,t3.medium,2,4,11,384.3,593.9,16094.1,1,1,78.7,1610.26
AWS,ap-southeast-1,m6i.4xlarge,16,64,11,379.4,318.7,19819.4,1,1,26.2,5320.02
Azure,southeastasia,D4s_v5,4,16,2,718.9,230.1,17873.4,1,1,9.9,1936.69
AWS,us-east-1,m6i.2xlarge,8,32,19,509.8,887.0,5535.6,1,1,6.9,4378.75
AWS,eu-west-2,t3.medium,2,4,15,448.9,1391.9,10230.3,1,0,74.3,1399.26
AWS,eu-west-2,t3.medium,2,4,7,669.4,2032.0,10636.7,0,0,11.3,1346.48
AWS,ap-southeast-1,t3.medium,2,4,7,248.4,2813.9,12089.5,1,1,68.3,1466.29
GCP,europe-west2,n2-standard-8,8,32,3,230.4,1766.7,18457.7,0,1,86.8,1911.34
Azure,uksouth,B2ms,2,8,2,595.9,2807.2,15884.9,1,1,20.2,1659.89
Azure,eastus,B2ms,2,8,2,546.0,2826.9,3154.7,1,1,55.1,626.93
AWS,eu-west-2,t3.large,2,8,6,251.2,1582.0,18039.3,0,1,66.1,1789.47
GCP,us-central1,n2-standard-16,16,64,16,534.5,627.3,1460.1,0,1,26.4,6786.05
GCP,europe-west2,e2-medium,2,4,8,400.1,1561.4,2314.7,0,0,18.1,434.77
Azure,southeastasia,D8s_v5,8,32,9,518.8,2443.3,12904.4,0,1,32.4,3427.85
GCP,europe-west2,n2-standard-16,16,64,4,594.2,685.1,12629.9,1,1,69.7,3196.45
GCP,europe-west2,e2-standard-2,2,8,7,400.7,2868.7,3984.5,0,0,78.7,789.98
Azure,uksouth,D8s_v5,8,32,18,671.4,2073.7,3528.8,1,0,83.3,5716.0
AWS,ap-southeast-1,t3.medium,2,4,10,603.4,3308.2,15296.9,1,0,82.2,1951.49
AWS,eu-west-2,m6i.xlarge,4,16,12,410.6,3093.7,3940.6,0,1,85.8,1664.11
GCP,europe-west2,e2-medium,2,4,11,578.1,433.6,16904.2,0,1,93.3,1621.3
AWS,eu-west-2,t3.medium,2,4,19,585.7,300.2,1622.0,0,0,29.9,654.48
AWS,us-east-1,m6i.4xlarge,16,64,11,655.0,1168.6,11098.9,0,1,44.5,6595.0
AWS,us-east-1,m6i.large,2,8,11,351.5,3241.9,18607.7,0,0,40.1,2178.23
AWS,eu-west-2,m6i.large,2,8,4,263.2,481.2,13080.9,1,1,39.4,1317.24
AWS,us-east-1,m6i.2xlarge,8,32,12,324.5,2156.7,15161.9,0,0,61.5,2915.16
Azure,eastus,B2ms,2,8,11,537.2,1658.2,6547.7,1,1,76.7,1240.07
AWS,ap-southeast-1,t3.medium,2,4,19,460.5,299.4,8568.3,1,0,67.2,1278.17
AWS,eu-west-2,m6i.4xlarge,16,64,11,580.1,2895.8,1327.2,1,1,50.9,5733.13
GCP,europe-west2,e2-standard-2,2,8,3,702.2,705.4,1492.1,0,0,66.5,334.98
GCP,asia-southeast1,e2-standard-2,2,8,20,611.7,2702.1,4458.2,0,0,82.4,1543.82
AWS,eu-west-2,m6i.xlarge,4,16,11,477.9,1682.4,1708.4,1,0,7.2,1450.18
AWS,eu-west-2,m6i.xlarge,4,16,19,577.1,36.8,6240.9,0,1,47.2,2771.3
Azure,eastus,D16s_v5,16,64,8,238.1,2038.9,3399.1,1,1,83.2,2000.96
AWS,ap-southeast-1,m6i.2xlarge,8,32,6,257.9,2947.5,8909.0,0,0,52.8,1719.04
GCP,us-central1,e2-medium,2,4,18,719.4,1119.0,12565.9,1,1,74.4,1609.26
Azure,southeastasia,D2s_v5,2,8,7,571.1,2871.4,4423.0,0,0,73.8,1028.55
Azure,eastus,D8s_v5,8,32,10,267.1,1827.9,17570.7,1,0,38.9,2712.88
GCP,us-central1,n2-standard-16,16,64,17,549.7,1416.6,18283.2,0,1,48.5,8759.83
GCP,europe-west2,n2-standard-16,16,64,4,480.7,1881.7,17174.2,0,1,14.3,3071.01
AWS,ap-southeast-1,m6i.xlarge,4,16,8,281.9,2359.5,2876.8,1,0,29.2,1008.47
Azure,southeastasia,D2s_v5,2,8,4,229.3,1968.0,1858.0,0,0,60.8,404.48
GCP,europe-west2,e2-medium,2,4,18,631.3,1690.6,3057.3,1,0,26.0,891.03
GCP,europe-west2,n2-standard-2,2,8,4,529.4,875.9,8567.4,0,1,87.9,1003.31
Azure,eastus,D8s_v5,8,32,2,479.7,703.8,12434.3,0,0,88.2,1515.2
Azure,uksouth,B2ms,2,8,11,687.3,780.8,3079.2,1,1,22.1,1049.38
Azure,uksouth,D8s_v5,8,32,18,619.9,1032.8,15665.2,1,0,34.1,6126.59
GCP,europe-west2,n2-standard-16,16,64,8,510.3,3008.3,15062.1,1,1,73.7,5046.45
Azure,uksouth,D16s_v5,16,64,2,392.2,909.4,7492.9,1,0,65.5,1456.23
GCP,europe-west2,n2-standard-8,8,32,6,707.3,2910.8,10553.6,1,0,58.3,3002.0
Azure,eastus,D4s_v5,4,16,16,696.1,3797.2,12603.7,0,0,5.2,3572.93
AWS,us-east-1,m6i.large,2,8,19,347.8,1942.9,217.3,1,1,63.6,873.57
AWS,us-east-1,m6i.xlarge,4,16,20,433.0,1055.4,17062.1,1,0,69.3,3234.91
Azure,eastus,D2s_v5,2,8,16,487.1,1667.1,16853.3,0,1,25.3,2333.52
AWS,ap-southeast-1,m6i.xlarge,4,16,4,556.2,2430.8,16201.4,1,1,80.3,2129.02
AWS,ap-southeast-1,m6i.2xlarge,8,32,15,674.1,926.6,8033.8,0,1,77.7,5034.74
AWS,ap-southeast-1,m6i.2xlarge,8,32,3,224.6,3375.3,15572.3,1,1,27.3,2021.37
AWS,ap-southeast-1,t3.large,2,8,11,301.9,148.4,11937.2,0,0,56.2,1373.33
Azure,uksouth,D2s_v5,2,8,10,665.1,2591.1,1683.2,0,0,63.8,1066.08
GCP,europe-west2,n2-standard-2,2,8,18,301.5,20.5,5150.2,0,0,62.9,1024.83
Azure,eastus,D4s_v5,4,16,10,400.4,941.0,4361.2,0,1,26.8,1260.37
AWS,eu-west-2,t3.medium,2,4,7,577.2,2036.6,17090.4,0,1,23.5,1813.75
Azure,eastus,D16s_v5,16,64,15,467.3,2994.8,10257.3,1,1,23.2,6742.54
Azure,uksouth,D16s_v5,16,64,11,315.2,2671.0,3050.9,0,1,64.0,3482.81
GCP,asia-southeast1,n2-standard-16,16,64,4,495.2,1514.1,9426.1,1,0,31.2,2736.87
Azure,southeastasia,B2ms,2,8,6,362.0,2218.7,1659.8,0,1,73.2,539.49
Azure,eastus,D8s_v5,8,32,4,226.0,1574.4,10683.0,1,0,50.5,1429.15
GCP,europe-west2,n2-standard-4,4,16,19,350.3,2431.5,5120.5,1,1,72.2,2166.79
AWS,eu-west-2,m6i.2xlarge,8,32,8,290.3,1694.1,7036.8,0,1,66.1,1760.5
AWS,eu-west-2,t3.medium,2,4,3,522.6,1619.5,8447.0,0,1,47.2,969.95
AWS,us-east-1,m6i.4xlarge,16,64,4,520.4,3009.0,12729.2,1,1,47.3,3019.16
GCP,asia-southeast1,e2-medium,2,4,1,671.4,3136.3,7317.6,0,0,91.1,912.52
Azure,uksouth,D2s_v5,2,8,13,401.5,2956.6,18239.9,0,1,23.4,2284.19
AWS,eu-west-2,m6i.4xlarge,16,64,9,357.0,3395.1,13675.5,1,1,68.2,4247.61
GCP,asia-southeast1,n2-standard-16,16,64,16,494.2,1917.9,5510.6,0,0,75.0,7464.77
GCP,europe-west2,n2-standard-2,2,8,7,509.3,2089.8,5474.2,1,0,35.1,1054.65
AWS,ap-southeast-1,m6i.2xlarge,8,32,20,427.8,407.4,13330.9,1,0,52.3,4825.79
AWS,eu-west-2,m6i.2xlarge,8,32,12,362.6,1140.4,8305.9,0,1,34.2,2679.57
Azure,southeastasia,D2s_v5,2,8,9,255.3,3048.0,2069.3,0,1,47.5,691.67
GCP,asia-southeast1,e2-standard-2,2,8,10,305.1,3813.5,6505.5,0,0,22.9,1116.5
GCP,us-central1,n2-standard-2,2,8,2,573.1,1678.1,17832.9,1,0,17.7,1697.35
Azure,eastus,D2s_v5,2,8,2,233.0,2629.5,4663.4,0,0,33.4,633.4
AWS,ap-southeast-1,m6i.xlarge,4,16,3,247.3,1863.9,14893.0,1,1,62.7,1707.33
AWS,eu-west-2,m6i.2xlarge,8,32,5,344.3,2059.7,16136.2,0,0,74.5,2230.32
AWS,us-east-1,m6i.4xlarge,16,64,11,585.5,2796.6,13401.2,1,0,26.3,6347.22
Azure,uksouth,D2s_v5,2,8,5,554.0,939.5,13129.8,0,1,28.3,1485.63
AWS,ap-southeast-1,t3.large,2,8,15,404.6,946.7,5901.6,1,1,92.6,1232.38
Azure,eastus,B2ms,2,8,9,554.2,1755.6,12980.5,0,1,26.9,1610.89
AWS,us-east-1,m6i.2xlarge,8,32,16,740.8,1269.4,18897.7,1,0,84.4,6305.11
Azure,eastus,D16s_v5,16,64,13,655.9,334.2,17017.6,1,1,35.6,8378.28
Azure,eastus,D8s_v5,8,32,3,503.9,609.5,18571.9,0,1,31.8,2159.86
GCP,europe-west2,n2-standard-8,8,32,9,498.4,1723.2,14388.9,0,1,14.7,3238.2
AWS,us-east-1,m6i.large,2,8,13,256.1,2209.5,5392.2,0,1,47.2,974.52
Azure,eastus,B2ms,2,8,7,444.6,3072.7,2004.4,0,0,50.4,676.02
AWS,eu-west-2,t3.large,2,8,7,580.6,3123.1,15564.5,1,0,18.3,1965.49
GCP,us-central1,n2-standard-2,2,8,18,536.3,3500.0,980.6,0,0,88.9,1275.81
AWS,eu-west-2,m6i.large,2,8,3,262.8,2550.3,4312.4,0,0,90.4,679.08
Azure,southeastasia,D8s_v5,8,32,2,200.1,1076.9,4135.3,1,0,81.1,693.53
GCP,asia-southeast1,n2-standard-16,16,64,11,288.4,1124.2,1300.1,0,0,80.5,2997.08
Azure,eastus,B2ms,2,8,8,256.0,1507.4,10310.7,1,1,29.4,1239.42
Azure,uksouth,D16s_v5,16,64,19,342.6,2014.7,19930.7,0,1,88.7,7223.02
AWS,us-east-1,m6i.2xlarge,8,32,10,421.0,3192.0,840.2,0,0,92.5,1927.64
Azure,eastus,D16s_v5,16,64,5,705.9,2529.9,761.0,1,0,56.1,3176.96
AWS,ap-southeast-1,t3.large,2,8,17,270.5,2462.9,17648.5,1,0,18.7,2205.28
GCP,europe-west2,n2-standard-2,2,8,19,246.5,116.9,15498.8,1,1,77.0,1853.77
Azure,uksouth,B2ms,2,8,15,238.8,2756.2,6373.3,0,0,81.4,1098.37
Azure,uksouth,B2ms,2,8,5,683.5,1822.7,14154.8,0,1,15.7,1632.01
GCP,europe-west2,e2-standard-2,2,8,3,377.4,984.4,14500.0,0,0,18.3,1337.85
AWS,us-east-1,m6i.2xlarge,8,32,16,575.9,1266.0,443.9,0,1,31.1,3683.41
AWS,ap-southeast-1,m6i.xlarge,4,16,1,652.8,1148.7,12678.4,0,0,21.1,1379.3
Azure,southeastasia,D4s_v5,4,16,19,235.3,2546.0,1211.3,1,0,54.6,1397.25
GCP,europe-west2,n2-standard-4,4,16,14,739.6,1117.6,6468.8,1,0,36.3,2875.53
AWS,us-east-1,m6i.2xlarge,8,32,9,522.8,3319.5,10281.2,0,1,51.4,3007.52
GCP,asia-southeast1,e2-medium,2,4,20,252.8,975.1,10691.6,0,1,28.8,1195.7
Azure,southeastasia,D8s_v5,8,32,20,656.7,615.7,12275.1,0,0,49.0,6989.42
GCP,us-central1,n2-standard-16,16,64,8,388.4,266.5,7900.3,0,0,8.1,3119.04
Azure,southeastasia,D2s_v5,2,8,14,462.0,614.4,16110.6,1,1,72.5,2133.77
GCP,europe-west2,n2-standard-2,2,8,7,694.0,156.0,12553.6,1,1,43.2,1633.73
Azure,eastus,B2ms,2,8,4,632.7,1530.5,17743.9,1,0,54.0,1819.15
AWS,ap-southeast-1,m6i.xlarge,4,16,19,452.2,1713.2,11548.4,0,1,73.2,3041.11
Azure,southeastasia,D4s_v5,4,16,10,521.4,3947.7,5213.7,1,1,67.0,2014.3
GCP,europe-west2,n2-standard-2,2,8,8,682.6,1783.8,12153.9,1,1,11.1,1760.94
AWS,us-east-1,m6i.2xlarge,8,32,10,317.9,1411.7,125.2,1,1,16.6,1411.73
AWS,ap-southeast-1,t3.medium,2,4,17,530.6,402.9,19793.0,0,1,14.7,2092.66
AWS,eu-west-2,m6i.large,2,8,20,619.2,2504.3,12216.6,0,1,18.5,2545.18
GCP,us-central1,n2-standard-4,4,16,1,338.8,988.9,514.4,0,1,54.6,193.91
AWS,ap-southeast-1,t3.medium,2,4,19,513.5,3845.6,7000.1,1,0,79.5,1477.29
Azure,uksouth,D16s_v5,16,64,1,262.2,2219.0,4864.0,1,0,49.3,873.15
Azure,southeastasia,D8s_v5,8,32,15,740.4,1763.1,8551.0,1,0,48.8,6066.68
AWS,eu-west-2,m6i.2xlarge,8,32,2,666.4,3315.6,7020.0,0,1,73.5,1483.55
Azure,uksouth,D4s_v5,4,16,11,212.6,716.1,15635.3,1,1,20.1,1899.92
AWS,ap-southeast-1,m6i.4xlarge,16,64,3,600.3,3435.1,6822.7,0,1,42.4,2431.05
Azure,southeastasia,D16s_v5,16,64,2,216.4,436.9,16714.5,0,0,53.4,1789.55
AWS,us-east-1,t3.large,2,8,10,397.3,3727.1,18678.4,1,0,62.4,2270.44
Azure,southeastasia,D4s_v5,4,16,3,548.9,3200.4,6904.5,0,1,88.8,1216.24
Azure,eastus,D8s_v5,8,32,3,645.7,2808.6,140.3,1,0,41.3,1040.54
AWS,eu-west-2,m6i.2xlarge,8,32,20,265.3,2051.7,4966.3,0,0,40.7,2847.99
Azure,southeastasia,D16s_v5,16,64,9,414.0,1777.1,17737.6,1,1,23.5,5086.33
Azure,eastus,D4s_v5,4,16,4,340.9,2523.7,3684.9,1,1,25.5,870.04
Azure,eastus,D16s_v5,16,64,6,445.1,533.9,2369.7,0,1,26.1,2400.0
AWS,eu-west-2,t3.large,2,8,10,703.8,672.7,3669.3,0,1,21.6,1053.74
GCP,us-central1,n2-standard-16,16,64,15,339.1,3914.1,3662.4,1,1,50.0,4736.83
AWS,eu-west-2,t3.medium,2,4,17,185.6,1648.8,16558.7,1,1,28.4,1769.86
Azure,uksouth,D4s_v5,4,16,19,683.1,2155.1,18074.9,0,1,49.4,4435.01
Azure,eastus,B2ms,2,8,17,285.8,3746.9,11608.5,0,1,54.9,1668.08
GCP,europe-west2,e2-standard-2,2,8,5,508.5,1431.4,12740.6,0,1,71.1,1345.92
AWS,ap-southeast-1,m6i.2xlarge,8,32,12,559.4,2618.4,14978.6,1,1,65.2,4390.53
GCP,us-central1,e2-medium,2,4,13,356.4,3967.3,3145.2,1,0,91.7,765.26
Azure,uksouth,D8s_v5,8,32,18,258.3,3050.9,260.2,1,1,68.4,2335.45
Azure,uksouth,D16s_v5,16,64,10,206.3,3591.7,7223.9,1,1,35.5,2795.82
Azure,eastus,D2s_v5,2,8,11,537.0,1745.1,8540.6,0,1,61.0,1476.77
GCP,us-central1,n2-standard-8,8,32,5,714.7,2128.6,19538.0,1,0,33.0,3144.04
GCP,europe-west2,n2-standard-8,8,32,20,315.4,3892.9,13060.7,0,0,56.1,4077.57
Azure,uksouth,D2s_v5,2,8,6,186.2,1042.0,8699.4,1,1,64.2,1018.7
AWS,eu-west-2,m6i.2xlarge,8,32,18,725.0,3565.0,12403.5,1,0,20.7,6837.71
GCP,us-central1,e2-medium,2,4,16,564.4,72.9,15560.4,1,1,34.0,1647.77
Azure,uksouth,D16s_v5,16,64,16,203.1,802.1,446.4,0,0,64.4,2822.19
AWS,ap-southeast-1,m6i.2xlarge,8,32,9,217.5,2049.7,5207.0,0,1,33.7,1554.69
AWS,eu-west-2,m6i.xlarge,4,16,8,243.8,3469.6,14025.5,1,1,13.7,1944.48
GCP,us-central1,n2-standard-8,8,32,16,658.2,3316.4,15662.9,0,0,71.5,5579.4
Azure,southeastasia,D16s_v5,16,64,15,595.4,3220.2,11127.1,1,1,42.7,9579.95
GCP,us-central1,n2-standard-4,4,16,18,349.3,3880.6,7578.6,1,1,32.1,2216.52
AWS,eu-west-2,m6i.2xlarge,8,32,13,195.4,2055.1,724.0,0,0,86.7,1277.96
Azure,southeastasia,D16s_v5,16,64,4,667.5,1053.2,9016.7,1,1,64.3,3326.36
AWS,eu-west-2,m6i.2xlarge,8,32,5,657.8,1992.8,19893.2,0,0,74.6,3293.83
AWS,us-east-1,m6i.large,2,8,13,257.9,1577.1,12198.2,1,1,47.0,1545.67
AWS,us-east-1,m6i.large,2,8,14,222.3,1965.3,3485.2,0,1,22.8,782.97
AWS,us-east-1,t3.medium,2,4,3,334.0,955.4,5983.1,0,1,26.9,663.4
AWS,eu-west-2,m6i.xlarge,4,16,8,625.7,3962.0,10531.5,0,1,92.6,2300.85
GCP,us-central1,e2-standard-2,2,8,8,721.9,1754.2,6963.7,0,0,49.9,1085.94
GCP,asia-southeast1,n2-standard-4,4,16,7,364.2,489.8,15572.4,1,1,80.1,1933.68
GCP,us-central1,n2-standard-16,16,64,1,251.4,3541.7,1241.5,1,0,38.3,625.01
GCP,us-central1,n2-standard-4,4,16,5,500.9,555.5,15921.9,0,1,9.9,1811.02
AWS,ap-southeast-1,m6i.4xlarge,16,64,4,297.7,2955.4,2944.4,1,0,70.6,1592.3
AWS,ap-southeast-1,m6i.4xlarge,16,64,3,431.6,2379.3,9075.6,0,0,90.5,2112.17
GCP,us-central1,n2-standard-16,16,64,17,263.6,1589.1,17451.3,1,1,52.0,5183.58
GCP,asia-southeast1,n2-standard-8,8,32,4,618.7,3297.0,8026.8,0,1,28.6,2055.78
AWS,us-east-1,t3.large,2,8,18,647.7,1243.5,11329.5,1,1,64.7,2142.91
GCP,europe-west2,n2-standard-4,4,16,16,333.3,3277.7,7370.1,1,0,50.9,2069.03
Azure,southeastasia,D4s_v5,4,16,6,238.0,1675.7,11479.2,0,0,53.7,1429.25
Azure,southeastasia,D16s_v5,16,64,6,236.9,2949.0,2118.8,0,0,75.7,1698.72
AWS,us-east-1,m6i.4xlarge,16,64,20,502.7,1841.6,14953.5,0,1,86.1,8951.85
GCP,asia-southeast1,n2-standard-4,4,16,20,273.0,1079.6,1931.9,0,0,31.7,1398.7
AWS,us-east-1,m6i.xlarge,4,16,19,624.1,261.7,19355.5,0,1,52.7,3835.15
GCP,europe-west2,n2-standard-8,8,32,18,583.3,109.4,1367.5,0,1,65.2,4659.42
AWS,eu-west-2,m6i.2xlarge,8,32,3,398.1,3486.8,6621.7,1,0,66.3,1453.81
AWS,ap-southeast-1,m6i.4xlarge,16,64,17,411.9,3940.8,17151.5,1,1,29.8,7833.77
AWS,eu-west-2,m6i.xlarge,4,16,15,724.7,1899.7,15674.4,0,1,8.8,3727.86
AWS,eu-west-2,t3.medium,2,4,13,250.4,3187.7,9339.9,1,0,35.9,1259.46
AWS,eu-west-2,m6i.xlarge,4,16,4,418.5,906.7,3991.4,0,1,92.2,794.69
Azure,uksouth,D8s_v5,8,32,6,698.9,1957.0,12286.5,0,0,16.7,3031.74
GCP,asia-southeast1,e2-standard-2,2,8,9,579.4,2452.0,11051.0,0,0,9.2,1566.8
GCP,asia-southeast1,n2-standard-8,8,32,15,352.5,3573.6,9139.9,1,0,89.9,3454.91
GCP,asia-southeast1,n2-standard-2,2,8,10,183.8,1057.2,17098.2,1,1,71.5,1721.7
GCP,europe-west2,n2-standard-16,16,64,3,309.7,3182.5,12465.4,0,1,46.2,2076.01
GCP,us-central1,n2-standard-16,16,64,1,395.3,1346.9,3709.5,0,1,59.7,724.24
GCP,asia-southeast1,n2-standard-4,4,16,13,493.2,3729.1,8246.3,0,1,57.1,2370.29
Azure,uksouth,D8s_v5,8,32,1,674.1,3703.2,4165.5,1,0,94.6,972.54
AWS,eu-west-2,m6i.2xlarge,8,32,7,483.0,276.3,3544.1,1,1,70.0,1770.25
Azure,eastus,D4s_v5,4,16,20,362.4,1584.2,6310.6,1,0,15.0,2136.49
AWS,ap-southeast-1,m6i.4xlarge,16,64,4,366.9,657.6,6939.0,1,1,83.4,1999.78
Azure,eastus,D2s_v5,2,8,13,249.5,3096.9,1231.6,0,0,19.3,669.86
Azure,southeastasia,B2ms,2,8,13,732.6,1555.6,12972.9,1,0,27.7,2137.15
GCP,us-central1,n2-standard-16,16,64,13,313.9,2733.2,14953.4,0,0,46.3,4613.01
Azure,southeastasia,D4s_v5,4,16,1,690.5,2470.7,8426.9,1,0,80.0,1168.7
AWS,eu-west-2,m6i.large,2,8,8,713.3,2544.1,10873.1,0,0,69.2,1757.61
AWS,ap-southeast-1,m6i.large,2,8,18,664.9,1780.2,3370.7,0,0,52.1,1732.75
AWS,us-east-1,m6i.2xlarge,8,32,11,668.3,3758.9,8518.5,1,1,46.1,3973.25
Azure,southeastasia,D16s_v5,16,64,6,356.3,2629.2,12435.9,0,1,35.3,3322.39
GCP,asia-southeast1,n2-standard-16,16,64,19,521.9,2100.9,17524.4,1,1,80.9,10183.61
Azure,eastus,B2ms,2,8,12,405.5,3943.5,14427.7,1,0,68.3,1977.51
AWS,us-east-1,m6i.2xlarge,8,32,5,534.4,1771.0,17232.4,1,0,27.4,2676.49
AWS,us-east-1,m6i.large,2,8,1,400.9,707.3,12118.7,1,0,15.3,1192.46
GCP,europe-west2,n2-standard-8,8,32,9,200.3,1246.8,12181.5,0,1,68.3,1922.73
Azure,uksouth,D8s_v5,8,32,14,471.1,3868.0,10035.5,0,1,77.6,3891.7
AWS,ap-southeast-1,m6i.xlarge,4,16,14,657.2,399.1,13554.2,1,0,42.1,3236.88
AWS,ap-southeast-1,t3.medium,2,4,5,203.9,1720.5,16801.4,0,0,77.6,1601.8
AWS,eu-west-2,t3.large,2,8,18,517.4,2886.3,12219.4,0,1,73.5,2208.5
GCP,europe-west2,n2-standard-4,4,16,18,318.1,1978.1,9745.3,1,1,21.7,2266.46
Azure,southeastasia,B2ms,2,8,20,466.5,3450.3,9050.0,0,1,44.6,1951.81
AWS,eu-west-2,t3.medium,2,4,3,524.9,3312.8,2708.1,0,1,43.3,612.33
AWS,ap-southeast-1,m6i.4xlarge,16,64,8,336.1,704.3,5431.6,0,1,67.5,2831.97
AWS,eu-west-2,t3.medium,2,4,10,378.6,2024.4,11398.9,0,0,67.6,1348.5
AWS,ap-southeast-1,m6i.4xlarge,16,64,12,680.1,1926.5,3414.1,0,1,36.0,7528.28
AWS,eu-west-2,t3.medium,2,4,12,368.1,2765.9,12954.5,0,1,89.3,1560.38
GCP,europe-west2,n2-standard-4,4,16,20,385.9,2704.9,278.4,0,1,95.0,1898.65
AWS,ap-southeast-1,t3.large,2,8,2,497.2,1338.6,19060.9,0,1,43.7,1870.22
AWS,ap-southeast-1,m6i.large,2,8,1,404.4,1311.8,14108.4,0,0,54.8,1378.94
GCP,asia-southeast1,n2-standard-4,4,16,10,610.1,1671.7,17038.8,1,0,85.4,2873.23
AWS,eu-west-2,m6i.4xlarge,16,64,12,296.7,251.5,15827.6,0,1,90.3,4409.7
GCP,us-central1,n2-standard-16,16,64,19,624.5,3604.6,16667.5,0,0,25.5,10785.61
GCP,asia-southeast1,n2-standard-2,2,8,19,704.4,837.0,17519.5,0,0,91.2,2930.0
AWS,eu-west-2,m6i.4xlarge,16,64,14,307.9,3207.1,16398.5,1,1,43.8,5285.57
AWS,ap-southeast-1,t3.medium,2,4,4,712.2,3887.8,18176.7,0,1,77.7,2044.92
Azure,eastus,B2ms,2,8,20,392.8,253.9,19967.7,0,1,70.3,2287.93
GCP,europe-west2,e2-medium,2,4,17,395.1,993.2,5496.9,0,1,47.0,794.22
GCP,asia-southeast1,n2-standard-2,2,8,15,561.9,983.1,783.8,0,0,93.1,1040.46
GCP,europe-west2,e2-standard-2,2,8,4,432.7,3153.6,19106.7,0,1,39.0,1920.89
GCP,europe-west2,e2-standard-2,2,8,8,642.8,2812.0,4997.6,0,1,55.2,1022.95
Azure,uksouth,D16s_v5,16,64,19,592.4,3017.7,7820.8,0,1,48.0,10345.53
GCP,europe-west2,e2-standard-2,2,8,14,694.4,1233.0,16905.7,1,0,79.5,2255.73
GCP,asia-southeast1,n2-standard-8,8,32,20,335.9,3971.9,18740.0,1,1,32.3,4848.14
AWS,eu-west-2,t3.large,2,8,20,649.1,1599.0,1130.7,0,1,16.1,1454.92
GCP,us-central1,n2-standard-2,2,8,19,605.1,1539.2,8738.8,0,0,73.1,1976.87
GCP,europe-west2,n2-standard-4,4,16,15,585.7,2767.2,9928.1,0,1,40.5,2943.46
AWS,eu-west-2,m6i.xlarge,4,16,15,506.8,2009.5,2159.0,1,1,68.6,2024.6
GCP,asia-southeast1,n2-standard-4,4,16,1,227.6,1998.1,3769.9,0,0,89.0,537.51
GCP,us-central1,n2-standard-8,8,32,13,627.5,1057.0,18499.5,0,1,26.8,4764.69
GCP,europe-west2,n2-standard-8,8,32,20,666.7,1296.3,15376.4,1,1,67.7,7187.13
GCP,europe-west2,e2-standard-2,2,8,11,304.2,1624.8,1260.4,0,1,66.5,497.63
Azure,southeastasia,B2ms,2,8,10,338.8,1612.3,10935.6,0,0,34.9,1352.46
AWS,ap-southeast-1,m6i.2xlarge,8,32,9,667.9,3831.1,16949.9,0,0,48.3,4237.71
GCP,europe-west2,n2-standard-2,2,8,20,321.6,3174.3,10124.7,1,0,76.3,1852.68
GCP,asia-southeast1,n2-standard-4,4,16,3,695.4,2600.3,16063.2,1,1,86.9,2005.97
AWS,ap-southeast-1,t3.large,2,8,9,620.1,2980.4,17032.5,0,0,49.8,2138.19
Azure,southeastasia,B2ms,2,8,18,387.0,2219.3,15094.4,0,0,80.4,2078.94
AWS,ap-southeast-1,m6i.xlarge,4,16,13,494.2,924.7,9797.6,0,0,46.5,2343.7
AWS,eu-west-2,m6i.large,2,8,15,502.2,1289.1,18419.4,1,1,44.3,2466.94
GCP,us-central1,e2-standard-2,2,8,16,586.4,3580.7,18008.9,0,1,33.2,2369.45
GCP,europe-west2,n2-standard-16,16,64,12,696.5,3499.3,14549.9,0,1,73.2,8416.47
Azure,eastus,D8s_v5,8,32,1,305.8,3180.0,10400.9,1,1,34.2,1334.25
AWS,ap-southeast-1,t3.large,2,8,3,594.5,74.0,8550.2,1,0,90.8,993.77
AWS,eu-west-2,m6i.large,2,8,20,188.1,1316.4,15498.6,1,0,24.7,1870.92
AWS,us-east-1,t3.medium,2,4,6,431.4,3780.9,11709.1,0,1,10.1,1457.86
AWS,eu-west-2,m6i.large,2,8,17,313.6,1328.8,12199.1,0,1,5.4,1733.05
GCP,asia-southeast1,e2-standard-2,2,8,2,579.5,80.3,18160.2,0,1,46.2,1522.22
GCP,asia-southeast1,e2-medium,2,4,17,485.0,2453.2,4050.1,1,0,60.9,926.33
GCP,asia-southeast1,e2-medium,2,4,7,483.6,3657.8,16025.3,0,0,41.3,1740.33
Azure,southeastasia,D8s_v5,8,32,14,278.2,2553.5,8561.8,0,1,72.0,2723.99
AWS,us-east-1,t3.medium,2,4,9,236.5,1370.7,7447.2,0,1,58.9,879.4
AWS,eu-west-2,m6i.large,2,8,3,385.8,397.0,11218.6,0,0,61.3,1135.76
AWS,ap-southeast-1,m6i.xlarge,4,16,11,330.6,3951.0,8462.5,1,1,21.0,1962.53
GCP,us-central1,n2-standard-16,16,64,10,718.5,353.9,12318.9,0,0,52.7,6582.22
GCP,asia-southeast1,n2-standard-16,16,64,16,369.7,1849.4,12718.2,1,1,92.0,6409.5
Azure,uksouth,B2ms,2,8,5,528.9,327.9,681.0,1,1,43.6,390.84
AWS,eu-west-2,m6i.4xlarge,16,64,19,518.5,1222.5,8650.8,1,1,40.0,9141.16
Azure,eastus,B2ms,2,8,18,731.2,3452.7,114.8,0,0,13.5,1370.88
Azure,southeastasia,B2ms,2,8,11,723.7,522.3,9093.6,1,1,92.1,1673.93
Azure,uksouth,D16s_v5,16,64,6,617.9,3503.5,18352.1,0,0,62.5,5008.66
AWS,ap-southeast-1,m6i.4xlarge,16,64,13,275.2,1746.6,5673.3,0,0,49.2,3677.22
Azure,southeastasia,D2s_v5,2,8,9,579.1,420.7,971.8,0,1,41.7,700.61
AWS,us-east-1,t3.medium,2,4,14,417.7,1792.2,17868.9,0,1,64.1,1901.22
GCP,asia-southeast1,e2-medium,2,4,4,582.8,521.0,5603.9,0,0,88.7,598.66
AWS,us-east-1,m6i.large,2,8,17,393.6,2794.5,6969.1,1,1,74.4,1551.47
Azure,southeastasia,D8s_v5,8,32,12,663.8,2969.6,8268.8,1,0,56.0,4601.91
GCP,asia-southeast1,n2-standard-2,2,8,20,429.4,452.4,2497.6,1,0,35.5,1245.2
Azure,uksouth,B2ms,2,8,17,675.0,198.0,15474.6,1,0,38.4,2415.08
GCP,us-central1,n2-standard-8,8,32,19,250.8,695.6,12289.2,1,0,66.7,2906.82
GCP,us-central1,n2-standard-16,16,64,15,627.8,3647.5,1610.3,0,0,24.5,7773.92
GCP,us-central1,e2-medium,2,4,19,386.5,2671.1,12204.8,0,1,74.1,1462.76
GCP,europe-west2,n2-standard-2,2,8,3,292.9,1217.8,18720.8,1,1,17.7,1765.12
Azure,uksouth,D8s_v5,8,32,2,434.0,3359.2,950.6,0,0,65.7,731.48
GCP,asia-southeast1,n2-standard-8,8,32,6,462.5,2714.0,3369.8,0,1,13.4,1737.76
GCP,asia-southeast1,n2-standard-16,16,64,10,683.1,1128.5,12827.3,0,1,47.6,7083.39
AWS,us-east-1,t3.large,2,8,3,703.5,1962.9,17860.8,0,0,74.6,1849.32
AWS,eu-west-2,t3.large,2,8,18,719.3,3873.9,12916.7,0,0,59.7,2600.32
Azure,uksouth,D16s_v5,16,64,2,529.4,1270.6,6028.5,1,0,91.8,1583.64
Azure,southeastasia,B2ms,2,8,14,302.9,631.0,4231.7,1,0,30.4,864.95
GCP,us-central1,n2-standard-4,4,16,13,382.8,3938.9,19063.9,0,0,93.0,2812.27
Azure,southeastasia,B2ms,2,8,4,492.5,2020.0,754.5,1,1,31.5,486.5
Azure,eastus,D16s_v5,16,64,9,638.4,2463.0,13475.8,1,0,18.2,5939.31
AWS,eu-west-2,t3.large,2,8,14,743.0,3135.0,14586.3,0,0,18.0,2457.97
GCP,asia-southeast1,n2-standard-8,8,32,20,732.5,1305.4,4821.0,1,1,25.1,6874.97
GCP,us-central1,n2-standard-2,2,8,13,336.2,3114.2,6465.8,0,0,76.0,1218.11
GCP,us-central1,e2-medium,2,4,15,341.3,2585.0,9017.6,0,0,74.7,1125.05
GCP,us-central1,n2-standard-8,8,32,2,291.9,1122.3,10456.5,0,0,83.3,1175.74
AWS,us-east-1,t3.large,2,8,19,680.8,3399.2,4590.4,0,0,92.8,1749.29
AWS,us-east-1,m6i.xlarge,4,16,13,342.7,3273.3,901.4,1,0,41.6,1254.73
Azure,eastus,D2s_v5,2,8,13,474.8,3927.7,14970.5,0,1,73.5,2166.95
AWS,ap-southeast-1,t3.large,2,8,14,299.8,202.0,16765.8,0,1,63.1,1893.6
GCP,europe-west2,n2-standard-4,4,16,12,358.9,3526.2,12848.8,0,0,69.9,2264.8
AWS,ap-southeast-1,t3.large,2,8,2,651.8,3575.7,13024.5,0,1,44.3,1540.99
Azure,southeastasia,D8s_v5,8,32,2,242.9,3974.1,6644.7,1,1,63.1,1181.36
GCP,asia-southeast1,n2-standard-16,16,64,4,188.7,1941.1,1103.7,0,1,24.5,917.52
GCP,europe-west2,e2-medium,2,4,4,484.1,1853.6,19050.5,1,0,69.8,1791.59
AWS,eu-west-2,m6i.large,2,8,12,624.2,3742.0,14411.7,1,0,25.3,2370.29
Azure,eastus,B2ms,2,8,16,672.0,3667.8,1699.5,0,1,75.1,1332.88
Azure,eastus,D4s_v5,4,16,14,440.4,2184.5,19428.1,0,0,6.5,2992.92
AWS,eu-west-2,t3.medium,2,4,1,368.0,1391.1,10606.6,0,1,59.1,1111.77
GCP,us-central1,e2-standard-2,2,8,4,205.7,2134.0,14830.8,1,1,84.0,1467.28
GCP,us-central1,e2-medium,2,4,15,525.3,671.5,14834.2,0,1,90.4,1463.05
Azure,southeastasia,B2ms,2,8,16,257.4,2970.4,13476.5,1,0,50.4,1852.07
GCP,europe-west2,n2-standard-8,8,32,16,527.9,2038.9,15462.1,0,0,78.6,5030.89
Azure,uksouth,D2s_v5,2,8,9,684.9,780.9,5486.1,1,0,88.5,1257.01
AWS,us-east-1,m6i.xlarge,4,16,6,680.3,150.9,8456.1,1,1,55.5,1674.09
Azure,eastus,D2s_v5,2,8,19,223.0,1983.3,3832.9,1,1,68.8,964.63
Azure,eastus,D8s_v5,8,32,6,648.9,361.5,15327.2,1,0,5.5,2866.41
Azure,uksouth,D8s_v5,8,32,14,639.7,466.4,8311.1,0,0,49.9,4530.85
AWS,us-east-1,m6i.large,2,8,16,619.7,3554.6,16877.1,1,0,48.5,2676.06
GCP,asia-southeast1,e2-medium,2,4,20,212.7,2713.9,5662.0,1,0,70.9,930.87
Azure,eastus,D16s_v5,16,64,1,505.4,46.3,18528.2,1,0,6.1,1925.28
Azure,uksouth,D4s_v5,4,16,11,711.6,2094.0,7109.2,1,0,39.2,2499.06
GCP,us-central1,n2-standard-4,4,16,10,611.7,3395.9,1965.6,1,0,43.2,1701.95
Azure,southeastasia,D4s_v5,4,16,2,684.5,1600.2,11860.7,1,1,9.4,1502.72
Azure,uksouth,D2s_v5,2,8,9,368.9,2470.9,758.2,1,1,44.6,702.73
Azure,eastus,D16s_v5,16,64,17,599.5,2747.4,5523.6,0,0,60.3,8709.38
AWS,ap-southeast-1,m6i.4xlarge,16,64,5,447.8,966.5,13761.6,1,1,18.6,3276.29
GCP,europe-west2,n2-standard-8,8,32,14,485.9,1207.2,11049.6,0,0,56.9,3846.6
Azure,eastus,B2ms,2,8,14,700.7,1968.4,1986.2,0,1,73.8,1135.98
GCP,us-central1,e2-medium,2,4,16,568.9,2256.4,16411.7,0,1,94.7,1838.41
GCP,europe-west2,n2-standard-16,16,64,4,657.1,1674.0,17490.0,1,1,8.6,3796.56
AWS,ap-southeast-1,t3.large,2,8,20,231.2,1506.4,6960.9,0,0,14.3,1176.46
GCP,asia-southeast1,e2-medium,2,4,13,326.0,1640.2,12273.9,1,1,25.0,1385.34
GCP,us-central1,n2-standard-4,4,16,9,443.3,1902.2,15410.3,1,1,14.5,2254.98
GCP,europe-west2,n2-standard-8,8,32,10,636.5,1841.5,8296.2,1,1,79.7,3728.85
AWS,ap-southeast-1,m6i.large,2,8,11,474.6,252.1,15592.1,1,0,87.5,1979.92
Azure,southeastasia,D16s_v5,16,64,4,629.3,1777.1,263.5,0,0,43.7,2444.83
Azure,southeastasia,D4s_v5,4,16,3,362.3,2911.6,7378.4,1,1,83.9,1215.82
AWS,us-east-1,m6i.2xlarge,8,32,5,255.2,239.6,19533.8,0,0,74.6,2114.02
AWS,ap-southeast-1,m6i.xlarge,4,16,9,598.4,2852.7,8644.7,0,1,72.5,2165.87
AWS,ap-southeast-1,t3.medium,2,4,12,683.6,2428.0,511.6,0,0,62.8,646.21
AWS,ap-southeast-1,m6i.2xlarge,8,32,15,374.1,1907.2,16960.7,0,1,21.3,4061.44
AWS,us-east-1,m6i.4xlarge,16,64,16,673.5,2329.4,2265.4,1,0,36.3,8945.7
Azure,eastus,D2s_v5,2,8,13,458.3,702.9,6252.6,0,1,44.7,1204.21
GCP,us-central1,e2-standard-2,2,8,7,639.5,3149.1,8710.0,0,1,82.8,1290.85
AWS,eu-west-2,m6i.large,2,8,19,688.3,3030.6,13397.3,0,0,27.9,2697.85
AWS,us-east-1,m6i.2xlarge,8,32,14,511.5,3542.7,9476.9,1,1,81.1,3949.02
GCP,asia-southeast1,n2-standard-16,16,64,15,400.9,3204.7,8152.3,0,1,51.0,6209.74
GCP,us-central1,e2-medium,2,4,18,232.8,1367.6,13187.0,0,0,81.2,1315.96
Azure,uksouth,D4s_v5,4,16,2,670.5,3213.1,16371.4,0,1,31.3,1858.66
AWS,ap-southeast-1,m6i.large,2,8,11,279.5,2022.2,12915.7,0,0,9.4,1604.68
AWS,us-east-1,m6i.large,2,8,18,278.1,2507.0,11412.4,0,0,69.4,1681.88
AWS,ap-southeast-1,t3.medium,2,4,2,386.9,2195.4,6503.9,0,1,79.6,829.53
GCP,asia-southeast1,e2-standard-2,2,8,3,477.8,1295.7,12746.7,1,0,56.6,1374.47
Azure,southeastasia,D16s_v5,16,64,15,522.6,3320.1,4393.7,0,1,71.9,7794.95
AWS,eu-west-2,m6i.xlarge,4,16,3,439.8,967.1,9287.0,0,1,38.0,1169.48
AWS,eu-west-2,t3.large,2,8,19,199.2,2130.7,1308.3,0,1,42.7,651.99
Azure,uksouth,D4s_v5,4,16,5,630.6,1975.0,11329.3,0,1,20.8,1835.51
GCP,europe-west2,n2-standard-8,8,32,16,213.0,3184.8,10015.1,0,0,10.1,2541.31
AWS,eu-west-2,t3.medium,2,4,13,206.1,1809.7,7225.5,1,0,91.5,969.66
AWS,eu-west-2,t3.large,2,8,19,199.8,3924.0,16718.6,1,0,76.8,2164.44
AWS,eu-west-2,t3.large,2,8,5,263.0,490.5,4996.1,0,1,50.7,612.58
Azure,eastus,D16s_v5,16,64,4,546.9,451.3,13356.8,1,0,39.4,2896.97
GCP,us-central1,n2-standard-16,16,64,17,331.5,189.3,11248.1,1,1,77.2,5360.8
GCP,asia-southeast1,n2-standard-2,2,8,13,731.5,1865.7,787.8,0,1,20.9,1291.18
GCP,us-central1,e2-medium,2,4,16,350.8,2380.9,15030.8,0,1,18.5,1657.92
Azure,eastus,D8s_v5,8,32,2,389.1,2505.7,15610.9,1,0,63.1,1806.43
Azure,eastus,B2ms,2,8,14,604.1,972.0,12423.2,0,1,45.7,1827.04
AWS,us-east-1,m6i.2xlarge,8,32,16,180.4,2014.1,3686.8,0,0,50.1,1597.78
AWS,us-east-1,m6i.2xlarge,8,32,14,600.2,544.3,15430.1,0,0,28.4,4574.35
Azure,southeastasia,D4s_v5,4,16,1,694.7,2708.1,12457.5,0,1,59.3,1464.83
AWS,us-east-1,m6i.4xlarge,16,64,8,683.0,3852.8,16167.0,1,0,15.8,5922.03
Azure,southeastasia,D2s_v5,2,8,4,668.9,977.4,3208.2,1,0,21.8,711.17
Azure,eastus,D8s_v5,8,32,6,710.8,1956.8,5217.6,1,1,37.8,2420.5
Azure,southeastasia,D4s_v5,4,16,1,238.1,1287.7,15017.3,1,0,60.8,1456.72
AWS,us-east-1,t3.large,2,8,4,667.8,3906.4,16171.0,1,0,78.3,1985.51
Azure,southeastasia,D16s_v5,16,64,4,708.1,639.7,15542.1,1,0,13.3,4050.15
Azure,uksouth,D2s_v5,2,8,2,286.3,455.2,3924.4,1,0,16.1,494.18
GCP,europe-west2,n2-standard-4,4,16,17,319.2,904.7,13446.2,1,0,62.4,2374.57
Azure,uksouth,D16s_v5,16,64,16,385.6,2951.2,8316.7,0,0,10.4,6131.48
GCP,us-central1,n2-standard-16,16,64,2,588.9,2439.1,6538.6,1,0,33.4,1703.26
Azure,eastus,B2ms,2,8,7,329.8,3374.6,13655.3,1,0,25.9,1631.45
GCP,us-central1,n2-standard-4,4,16,13,295.6,3600.6,11467.6,1,0,54.2,2023.47
GCP,europe-west2,e2-medium,2,4,11,419.3,1712.9,9222.5,1,1,57.1,1179.35
GCP,us-central1,e2-medium,2,4,15,234.2,1615.4,105.9,1,0,31.1,310.48
AWS,eu-west-2,t3.medium,2,4,19,678.5,2737.6,17946.5,0,0,31.8,2330.54
AWS,us-east-1,m6i.2xlarge,8,32,18,210.4,3766.9,6541.2,0,1,90.8,2368.82
AWS,eu-west-2,m6i.4xlarge,16,64,11,334.6,1117.0,17975.0,0,1,57.2,4597.42
AWS,eu-west-2,m6i.2xlarge,8,32,5,527.1,513.0,9395.6,1,0,54.9,2080.53
AWS,ap-southeast-1,m6i.large,2,8,2,329.6,3845.0,5354.8,1,1,19.8,955.46
Azure,eastus,D2s_v5,2,8,12,684.5,978.7,3404.6,1,1,90.2,1230.98
AWS,ap-southeast-1,t3.medium,2,4,8,317.0,579.8,8588.7,0,1,5.9,957.76
AWS,eu-west-2,m6i.large,2,8,5,486.2,79.2,10177.0,1,0,70.0,1232.55
Azure,southeastasia,D8s_v5,8,32,5,554.2,3718.6,16065.1,1,1,36.5,2961.11
GCP,europe-west2,e2-standard-2,2,8,20,527.2,1265.5,18830.4,0,1,86.6,2438.98
AWS,eu-west-2,m6i.large,2,8,15,700.9,1077.3,6666.1,0,0,15.3,1814.73
AWS,ap-southeast-1,m6i.2xlarge,8,32,19,618.4,1397.4,7152.7,0,0,55.5,5847.11
GCP,us-central1,e2-standard-2,2,8,4,212.7,3526.3,865.1,1,1,25.1,477.05
Azure,uksouth,D16s_v5,16,64,14,683.4,2107.5,10649.8,1,0,14.9,9434.91
Azure,eastus,D16s_v5,16,64,6,510.8,521.3,2012.4,0,1,59.7,2723.76
AWS,us-east-1,m6i.xlarge,4,16,18,579.1,256.5,17909.4,1,1,65.6,3515.74
AWS,us-east-1,m6i.xlarge,4,16,10,268.2,2381.9,19138.2,1,0,20.9,2369.43
AWS,eu-west-2,m6i.large,2,8,19,568.1,455.1,6530.8,1,0,94.8,1841.69
GCP,us-central1,e2-medium,2,4,6,500.9,934.7,15014.1,1,0,43.3,1437.79
Azure,eastus,D16s_v5,16,64,13,559.6,1771.3,15959.9,0,1,90.8,7338.06
Azure,eastus,D4s_v5,4,16,19,617.4,444.4,10386.5,1,0,89.0,3391.63
Azure,uksouth,B2ms,2,8,11,308.3,2173.0,16051.5,1,0,36.9,1800.52
GCP,asia-southeast1,n2-standard-2,2,8,16,393.1,2405.1,13021.7,0,0,83.0,1913.8
GCP,us-central1,n2-standard-2,2,8,2,722.9,261.7,18059.1,0,0,55.8,1624.45
GCP,asia-southeast1,n2-standard-16,16,64,17,384.9,31.4,5018.1,0,1,72.7,6088.12
Azure,uksouth,B2ms,2,8,7,739.0,207.0,11641.5,0,1,24.3,1434.78
Azure,eastus,D8s_v5,8,32,2,532.5,421.4,5736.3,1,0,53.0,1002.47
GCP,asia-southeast1,e2-medium,2,4,11,452.3,2579.4,696.9,1,1,67.0,547.1
AWS,us-east-1,t3.medium,2,4,13,565.3,127.9,11135.7,1,1,51.8,1341.27
AWS,us-east-1,m6i.xlarge,4,16,12,264.0,1634.7,10208.5,1,0,72.5,1675.91
AWS,us-east-1,m6i.4xlarge,16,64,4,351.9,3565.2,8137.1,1,0,8.4,2176.42
Azure,uksouth,B2ms,2,8,10,532.4,2929.8,6499.8,0,1,17.1,1284.08
Azure,southeastasia,B2ms,2,8,15,586.3,994.3,8610.5,1,1,41.9,1687.74
AWS,eu-west-2,m6i.large,2,8,1,657.8,592.6,10019.0,0,0,20.2,994.33
Azure,southeastasia,D8s_v5,8,32,13,359.7,155.0,12159.0,1,0,66.2,3198.39
GCP,us-central1,e2-medium,2,4,20,509.7,3619.2,12837.9,1,0,67.4,1700.05
AWS,us-east-1,m6i.large,2,8,19,643.3,270.3,12664.0,0,1,19.9,2275.86
Azure,uksouth,D2s_v5,2,8,1,601.2,2936.0,12993.6,1,1,77.2,1458.61
GCP,us-central1,n2-standard-16,16,64,20,350.2,1035.5,19467.4,1,1,44.4,7098.51
Azure,southeastasia,D8s_v5,8,32,18,606.2,3905.2,336.9,0,1,86.9,5344.0
GCP,us-central1,e2-medium,2,4,5,535.5,419.9,12055.4,0,1,5.1,1152.99
Azure,eastus,D8s_v5,8,32,9,423.0,2856.2,12087.7,1,1,79.5,2721.45
AWS,ap-southeast-1,t3.large,2,8,2,190.0,3440.4,15035.9,0,1,34.0,1645.92
Azure,eastus,D4s_v5,4,16,19,739.9,1678.6,10784.6,1,0,80.4,3866.74
GCP,europe-west2,e2-medium,2,4,19,247.9,1986.0,11091.9,0,0,59.9,1247.77
GCP,europe-west2,n2-standard-8,8,32,4,480.2,2784.3,10283.5,1,1,75.7,2019.44
Azure,eastus,D8s_v5,8,32,12,215.8,2836.2,5437.5,1,0,39.7,1763.65
AWS,eu-west-2,m6i.xlarge,4,16,8,343.7,43.3,17097.7,0,0,91.3,2009.43
Azure,southeastasia,D8s_v5,8,32,17,438.3,3390.2,1429.9,0,0,40.5,3758.73
AWS,us-east-1,m6i.large,2,8,12,459.1,877.0,9809.0,1,0,34.9,1545.12
AWS,ap-southeast-1,m6i.2xlarge,8,32,1,681.1,3766.5,3783.6,1,0,9.1,1011.64
GCP,us-central1,n2-standard-8,8,32,1,695.5,2878.3,11310.0,1,0,71.3,1469.85
AWS,ap-southeast-1,m6i.large,2,8,2,210.8,809.5,13104.4,0,1,92.6,1254.79
AWS,eu-west-2,m6i.xlarge,4,16,16,451.2,1687.0,511.3,0,0,33.7,1674.64
GCP,europe-west2,e2-standard-2,2,8,13,527.2,1747.8,17561.4,0,1,77.0,2102.34
AWS,ap-southeast-1,m6i.large,2,8,19,520.3,129.8,14687.3,1,0,90.3,2421.91
AWS,eu-west-2,m6i.xlarge,4,16,16,421.9,352.7,18576.9,1,1,22.2,2970.73
GCP,europe-west2,e2-medium,2,4,19,377.1,1054.8,16107.4,1,0,86.1,1706.31
AWS,us-east-1,t3.medium,2,4,3,736.8,1505.7,17631.4,1,0,63.8,1785.05
AWS,eu-west-2,m6i.4xlarge,16,64,10,208.0,1592.4,18307.6,1,0,14.0,3425.52
Azure,southeastasia,D2s_v5,2,8,15,687.0,3964.3,12836.9,0,1,43.5,2576.31
AWS,eu-west-2,m6i.large,2,8,17,562.2,2465.4,18631.2,1,0,14.1,2870.62
AWS,eu-west-2,t3.medium,2,4,20,565.0,3106.2,16570.1,1,1,9.7,2196.48
Azure,eastus,D8s_v5,8,32,3,359.7,3364.9,18973.2,0,1,56.1,2208.16
GCP,europe-west2,e2-standard-2,2,8,9,711.8,2542.3,5353.1,0,0,10.3,1153.0
GCP,europe-west2,n2-standard-4,4,16,5,266.4,3597.5,37.0,0,1,60.6,599.38
AWS,ap-southeast-1,m6i.2xlarge,8,32,2,566.4,1534.6,3328.1,0,1,12.0,911.36
GCP,us-central1,n2-standard-8,8,32,7,181.2,3608.7,11541.0,0,1,41.4,1753.89
GCP,us-central1,e2-medium,2,4,15,311.8,852.3,232.5,1,1,73.8,308.79
GCP,us-central1,n2-standard-2,2,8,4,500.4,917.3,8510.0,0,0,63.6,974.8
GCP,us-central1,n2-standard-2,2,8,3,500.3,2498.6,19502.3,1,0,55.3,1971.25
GCP,us-central1,e2-medium,2,4,2,527.4,1204.5,13909.6,0,1,53.3,1272.46
AWS,eu-west-2,m6i.xlarge,4,16,1,222.8,3919.7,669.0,1,0,12.6,497.75
GCP,asia-southeast1,e2-medium,2,4,4,588.1,2324.2,1289.6,0,1,92.1,404.97
Azure,uksouth,B2ms,2,8,13,506.0,3826.8,6825.6,0,1,64.5,1541.25
GCP,asia-southeast1,n2-standard-2,2,8,5,227.2,425.0,19188.6,0,1,52.6,1710.36
Azure,uksouth,D2s_v5,2,8,9,585.2,925.3,10526.9,1,1,67.1,1635.34
AWS,eu-west-2,m6i.4xlarge,16,64,20,282.1,2963.5,18959.3,0,0,94.5,6468.25
GCP,asia-southeast1,e2-medium,2,4,16,460.3,3672.2,16619.1,1,1,28.5,2060.86
Azure,southeastasia,D2s_v5,2,8,5,351.5,2084.8,1522.4,0,1,22.1,512.05
GCP,asia-southeast1,n2-standard-4,4,16,17,442.0,1339.8,18013.7,0,0,45.1,3186.86
Azure,uksouth,B2ms,2,8,15,418.9,3843.0,17914.5,0,0,43.1,2314.44
Azure,eastus,D8s_v5,8,32,15,388.6,1402.8,18964.6,1,0,30.3,3969.89
Azure,uksouth,D2s_v5,2,8,1,422.1,1828.8,6405.0,0,1,11.7,770.67
AWS,us-east-1,m6i.2xlarge,8,32,14,297.5,2808.3,13920.0,0,0,53.2,3002.55
Azure,southeastasia,D4s_v5,4,16,1,545.0,1173.1,5002.0,0,1,7.9,658.37
Azure,eastus,D2s_v5,2,8,1,225.6,1628.2,19444.4,0,1,32.7,1768.96
Azure,uksouth,D8s_v5,8,32,13,323.5,624.8,13924.6,0,0,80.7,3023.68
GCP,asia-southeast1,n2-standard-8,8,32,9,193.2,1660.2,4082.5,0,0,77.2,1233.74
GCP,asia-southeast1,n2-standard-4,4,16,20,196.5,768.4,12337.5,0,0,32.0,1919.95
AWS,eu-west-2,m6i.4xlarge,16,64,10,667.3,1365.0,3985.6,1,0,83.4,6242.94
Azure,eastus,B2ms,2,8,4,712.3,2212.6,7315.4,1,0,69.7,1065.39
AWS,us-east-1,t3.large,2,8,1,319.7,462.1,4593.0,1,1,48.8,550.03
GCP,us-central1,n2-standard-4,4,16,17,323.3,3550.6,18162.5,0,1,27.1,2689.27
GCP,us-central1,n2-standard-4,4,16,13,221.6,2432.5,16093.6,1,0,76.3,2135.84
Azure,uksouth,D4s_v5,4,16,9,218.4,3662.5,14856.0,0,0,30.7,1913.22
Azure,southeastasia,D4s_v5,4,16,1,444.5,207.5,566.2,1,0,76.8,217.52
AWS,eu-west-2,t3.medium,2,4,4,335.4,235.3,19780.9,0,1,56.8,1765.85
Azure,eastus,D4s_v5,4,16,20,347.5,1003.7,11150.6,1,0,56.1,2450.0
AWS,eu-west-2,m6i.xlarge,4,16,20,361.8,2548.4,1.0,0,1,23.8,1739.11
AWS,ap-southeast-1,t3.medium,2,4,16,555.3,1761.1,12785.9,0,1,51.7,1700.75
GCP,us-central1,n2-standard-8,8,32,17,424.5,1755.6,19688.1,0,1,86.9,4485.25
Azure,southeastasia,D8s_v5,8,32,13,420.0,3936.0,1941.0,0,1,15.0,3018.92
GCP,us-central1,e2-medium,2,4,11,676.7,3479.0,292.7,1,1,53.1,621.73
GCP,europe-west2,n2-standard-2,2,8,1,277.7,2811.1,9206.6,1,1,17.7,1154.37
GCP,europe-west2,n2-standard-2,2,8,2,644.2,3230.5,1601.2,0,0,8.9,546.88
GCP,us-central1,n2-standard-4,4,16,8,278.6,3273.5,16838.3,0,0,11.8,2042.62
AWS,us-east-1,m6i.large,2,8,6,250.8,612.2,18728.7,0,1,93.6,1783.27
AWS,us-east-1,t3.large,2,8,17,589.8,2710.6,9261.6,0,1,50.1,1898.01
AWS,eu-west-2,m6i.4xlarge,16,64,6,546.0,1728.4,8516.0,1,0,25.2,3679.99
Azure,eastus,D8s_v5,8,32,9,426.0,1666.3,17501.9,0,1,47.2,3125.2
GCP,us-central1,n2-standard-16,16,64,20,577.5,3045.4,17981.9,0,1,94.8,10625.94
GCP,europe-west2,n2-standard-16,16,64,2,633.6,2624.7,4014.1,0,1,49.7,1630.71
AWS,eu-west-2,m6i.2xlarge,8,32,13,261.9,400.5,5174.2,0,0,75.1,1932.6
GCP,us-central1,n2-standard-16,16,64,18,683.1,2013.4,2010.2,0,0,33.8,9857.34
GCP,europe-west2,e2-standard-2,2,8,13,202.6,1742.5,16495.5,0,1,6.8,1686.37
Azure,eastus,D8s_v5,8,32,2,581.3,1629.2,15240.6,1,1,88.1,1958.87
GCP,asia-southeast1,n2-standard-4,4,16,7,679.5,1858.3,6357.8,1,1,50.1,1812.18
Azure,eastus,B2ms,2,8,8,542.3,3567.3,12993.5,0,0,19.9,1724.55
Azure,uksouth,B2ms,2,8,2,377.2,3995.3,6586.2,0,1,46.4,956.17
AWS,us-east-1,m6i.xlarge,4,16,13,547.3,1971.4,16886.7,0,1,93.4,3022.71
AWS,us-east-1,m6i.large,2,8,6,415.0,2339.2,10918.6,0,0,30.0,1394.93
AWS,eu-west-2,m6i.2xlarge,8,32,4,348.9,1230.2,7769.6,0,1,18.8,1394.46
GCP,asia-southeast1,n2-standard-2,2,8,14,715.4,2127.1,13088.4,0,0,44.3,2332.04
Azure,southeastasia,D2s_v5,2,8,15,523.3,1936.1,14228.6,1,1,16.2,2304.14
GCP,us-central1,e2-medium,2,4,1,606.3,924.7,16640.2,0,1,68.8,1445.26
AWS,ap-southeast-1,m6i.4xlarge,16,64,20,393.7,1192.4,18072.4,1,0,22.5,8420.46
AWS,ap-southeast-1,t3.large,2,8,10,239.0,521.2,5630.2,0,0,23.5,762.81
GCP,us-central1,n2-standard-8,8,32,17,627.4,3576.2,17714.9,1,1,85.7,5876.92
GCP,us-central1,e2-standard-2,2,8,2,357.2,3046.0,13884.0,0,1,29.8,1428.03
Azure,southeastasia,D8s_v5,8,32,12,714.5,2059.9,15662.9,0,1,71.7,5413.21
AWS,ap-southeast-1,t3.medium,2,4,17,644.7,2273.5,4363.0,0,0,60.8,1119.35
GCP,europe-west2,n2-standard-4,4,16,10,439.7,202.7,10982.4,0,1,28.0,1910.26
Azure,uksouth,B2ms,2,8,16,736.0,1027.8,16828.8,1,1,70.6,2618.06
Azure,southeastasia,D2s_v5,2,8,20,300.2,2204.2,2306.2,1,1,33.8,1132.11
GCP,europe-west2,n2-standard-2,2,8,3,525.1,2347.4,10762.6,0,0,81.7,1258.86
AWS,ap-southeast-1,t3.large,2,8,20,451.9,2055.6,3951.7,1,1,8.4,1442.03
GCP,asia-southeast1,n2-standard-16,16,64,4,636.1,3597.8,5848.2,1,1,84.3,3058.74
AWS,us-east-1,m6i.2xlarge,8,32,17,461.8,1382.6,17872.4,0,1,32.6,4573.63
AWS,ap-southeast-1,m6i.xlarge,4,16,5,449.7,933.1,12444.1,0,0,80.8,1611.02
AWS,us-east-1,t3.medium,2,4,3,325.3,77.2,15095.8,1,1,50.8,1379.65
AWS,eu-west-2,m6i.large,2,8,14,269.5,2066.9,18034.4,1,0,69.9,2149.79
Azure,eastus,D16s_v5,16,64,2,361.8,225.9,1664.4,0,1,75.2,764.11
Azure,uksouth,D4s_v5,4,16,1,636.8,3925.2,607.4,0,0,76.7,495.97
AWS,ap-southeast-1,m6i.large,2,8,15,344.9,912.8,10250.9,1,1,21.0,1647.02
Azure,uksouth,D2s_v5,2,8,15,366.9,965.9,2562.8,1,0,14.8,951.41
AWS,us-east-1,m6i.xlarge,4,16,6,662.4,1483.0,6859.3,1,0,37.3,1578.71
GCP,europe-west2,e2-standard-2,2,8,13,676.3,2497.8,15585.6,0,1,67.0,2105.87
AWS,us-east-1,m6i.4xlarge,16,64,12,327.9,2176.5,2226.6,1,1,19.2,3448.68
AWS,eu-west-2,m6i.2xlarge,8,32,3,495.4,1613.1,19615.0,0,1,42.5,2441.53
AWS,eu-west-2,m6i.4xlarge,16,64,5,557.8,2570.7,7142.0,0,1,80.2,3160.12
GCP,asia-southeast1,e2-medium,2,4,6,622.6,3257.4,9815.3,1,0,41.7,1325.7
AWS,eu-west-2,m6i.xlarge,4,16,6,229.4,3935.0,4893.2,0,0,15.4,1029.76
AWS,eu-west-2,m6i.4xlarge,16,64,13,458.5,2122.8,19095.9,0,1,38.2,6751.02
AWS,ap-southeast-1,m6i.large,2,8,3,398.0,3547.1,7563.2,1,0,37.0,1170.58
Azure,southeastasia,B2ms,2,8,20,332.5,2049.8,14488.6,1,0,57.5,2040.82
AWS,ap-southeast-1,m6i.large,2,8,17,279.6,797.7,15710.1,0,1,12.1,1886.07
AWS,ap-southeast-1,t3.large,2,8,14,389.1,1716.0,6740.9,0,0,53.7,1250.95
AWS,eu-west-2,t3.large,2,8,20,487.8,460.5,3070.5,0,1,61.6,1238.29
GCP,us-central1,n2-standard-4,4,16,5,550.2,1587.8,3152.2,0,1,87.4,950.53
Azure,southeastasia,D4s_v5,4,16,13,238.6,2136.1,13073.7,0,1,89.9,1979.58
Azure,eastus,D4s_v5,4,16,20,657.3,3272.2,14512.6,0,0,60.2,4027.05
AWS,eu-west-2,m6i.2xlarge,8,32,19,715.4,2593.7,11112.9,1,1,35.8,6832.65
AWS,eu-west-2,m6i.large,2,8,13,461.6,1025.9,10514.9,0,0,85.5,1641.23
Azure,eastus,D2s_v5,2,8,12,701.9,3968.2,2540.4,0,1,18.4,1399.5
Azure,uksouth,B2ms,2,8,19,734.2,592.7,9838.5,0,0,44.1,2148.14
GCP,us-central1,e2-standard-2,2,8,8,664.9,31.1,3199.3,0,0,35.9,625.75
Azure,southeastasia,D2s_v5,2,8,15,317.0,2585.4,11182.9,1,0,67.6,1741.09
AWS,eu-west-2,t3.large,2,8,6,422.5,1974.0,9041.6,1,1,70.2,1286.17
GCP,asia-southeast1,n2-standard-4,4,16,19,532.4,214.6,13180.0,1,0,89.2,3449.52
Azure,uksouth,D2s_v5,2,8,8,546.5,3503.0,3201.1,0,0,32.3,1011.87
GCP,asia-southeast1,n2-standard-4,4,16,1,491.5,2855.9,274.7,0,0,29.7,365.28
GCP,us-central1,e2-medium,2,4,8,668.6,1952.2,10148.8,1,1,83.6,1261.09
Azure,eastus,D8s_v5,8,32,9,349.2,2633.7,16284.4,1,1,14.4,2819.9
Azure,uksouth,D16s_v5,16,64,1,485.5,232.0,12501.7,0,1,27.1,1492.94
AWS,eu-west-2,t3.large,2,8,1,640.0,3221.0,17759.7,1,1,83.5,1856.67
GCP,europe-west2,e2-medium,2,4,5,213.0,2582.0,18901.7,0,1,91.5,1789.93
GCP,europe-west2,n2-standard-16,16,64,2,557.9,257.6,6144.6,0,1,8.4,1558.18
Azure,eastus,D2s_v5,2,8,10,327.3,2752.0,17914.0,1,0,19.0,2065.54
AWS,us-east-1,m6i.4xlarge,16,64,8,296.4,319.4,15369.7,0,0,89.1,3199.11
GCP,us-central1,n2-standard-16,16,64,11,479.8,3445.1,5358.1,1,1,85.4,5008.52
GCP,europe-west2,n2-standard-16,16,64,15,440.9,1504.4,8818.2,0,0,43.9,6495.07
AWS,us-east-1,m6i.2xlarge,8,32,11,243.9,675.3,13798.8,0,0,70.1,2333.18
AWS,eu-west-2,t3.medium,2,4,20,331.6,597.5,3066.0,0,1,35.6,631.74
AWS,eu-west-2,m6i.xlarge,4,16,12,623.5,2295.3,17020.9,1,0,58.1,3167.19
Azure,uksouth,B2ms,2,8,20,710.0,3386.0,18231.9,1,1,21.5,3168.81
AWS,ap-southeast-1,t3.large,2,8,17,658.4,2536.8,2845.6,1,1,74.1,1613.37
Azure,uksouth,D8s_v5,8,32,19,565.7,1263.0,17715.2,0,0,39.7,6159.42
GCP,us-central1,n2-standard-2,2,8,4,609.1,3875.9,17844.5,1,0,18.5,2025.6
GCP,europe-west2,n2-standard-16,16,64,15,690.9,3800.1,16499.5,1,1,10.3,10376.06
GCP,europe-west2,n2-standard-8,8,32,5,442.2,2277.9,14459.1,1,1,64.9,2358.72
AWS,ap-southeast-1,m6i.4xlarge,16,64,6,191.2,3783.8,15105.7,1,0,58.5,2672.64
AWS,us-east-1,m6i.4xlarge,16,64,2,466.5,781.9,15951.5,0,0,31.8,2104.38
Azure,southeastasia,B2ms,2,8,4,728.8,2501.9,16621.7,1,0,48.6,1911.02
AWS,eu-west-2,m6i.large,2,8,6,200.1,201.4,15976.7,1,1,87.1,1566.2
AWS,us-east-1,t3.medium,2,4,12,653.1,2988.7,932.6,0,1,36.5,657.66
AWS,ap-southeast-1,m6i.xlarge,4,16,2,261.9,2944.2,9088.3,0,1,8.6,1198.51
Azure,uksouth,D8s_v5,8,32,20,233.5,3460.1,7705.8,1,1,30.1,3043.5
GCP,us-central1,n2-standard-16,16,64,13,293.1,3315.8,18508.6,1,1,93.4,4772.56
Azure,eastus,D4s_v5,4,16,17,499.9,3525.3,5848.6,1,1,6.5,2499.68
Azure,southeastasia,B2ms,2,8,16,191.2,1128.6,8167.8,0,1,76.1,1081.8
AWS,us-east-1,m6i.large,2,8,5,630.3,1458.5,8462.2,0,0,38.8,1202.9
GCP,us-central1,e2-medium,2,4,17,564.6,388.8,18396.8,0,1,83.2,1876.84
AWS,ap-southeast-1,m6i.2xlarge,8,32,7,474.1,3443.3,19362.5,1,0,82.4,3523.19
AWS,us-east-1,m6i.2xlarge,8,32,15,672.7,32.6,8744.7,0,1,70.9,4601.86
AWS,eu-west-2,m6i.xlarge,4,16,16,339.7,3300.4,8389.8,1,0,75.2,2191.03
AWS,us-east-1,m6i.2xlarge,8,32,5,736.8,1174.9,18965.4,1,0,39.4,3165.2
Azure,eastus,D8s_v5,8,32,19,272.5,3779.9,2066.1,1,0,64.3,2625.08
Azure,uksouth,D2s_v5,2,8,20,673.2,218.3,10595.6,1,0,89.2,2464.12
AWS,us-east-1,m6i.4xlarge,16,64,8,313.6,501.7,17472.5,1,0,38.1,3618.89
AWS,eu-west-2,m6i.2xlarge,8,32,7,697.7,3879.2,11672.7,0,0,43.5,3435.26
AWS,ap-southeast-1,m6i.4xlarge,16,64,15,574.9,484.5,4601.4,0,1,67.2,8101.09
Azure,uksouth,D2s_v5,2,8,5,390.4,1449.6,12140.4,0,0,7.7,1306.78
Azure,uksouth,D2s_v5,2,8,7,653.0,321.4,11023.5,0,1,92.3,1498.37
AWS,us-east-1,m6i.4xlarge,16,64,8,470.1,1072.6,6085.4,1,0,56.3,3459.88
AWS,ap-southeast-1,m6i.4xlarge,16,64,8,691.4,3549.6,1382.1,0,1,24.0,5103.2
GCP,asia-southeast1,e2-medium,2,4,9,672.9,2919.4,15514.2,0,1,90.2,1707.07
GCP,europe-west2,e2-standard-2,2,8,11,359.7,3293.3,1654.0,1,0,33.1,778.29
AWS,us-east-1,t3.large,2,8,2,341.7,1622.7,10913.4,0,0,21.7,1147.87
Azure,eastus,D8s_v5,8,32,17,600.3,2077.3,1396.3,0,1,32.9,4360.95
Azure,eastus,D2s_v5,2,8,5,243.3,2628.6,16393.4,1,1,17.6,1737.89
Azure,eastus,B2ms,2,8,17,537.7,3474.2,19888.5,1,0,47.0,2751.83
GCP,us-central1,e2-medium,2,4,19,561.4,2490.8,6370.1,1,0,71.5,1156.08
GCP,us-central1,n2-standard-16,16,64,1,339.2,3118.7,14851.0,1,1,44.4,1782.68
AWS,us-east-1,m6i.large,2,8,10,714.1,1499.6,6747.1,1,1,88.8,1501.32
GCP,asia-southeast1,n2-standard-8,8,32,1,688.0,712.4,11227.2,0,1,52.6,1309.08
GCP,us-central1,n2-standard-16,16,64,11,295.0,61.1,18885.7,1,1,29.8,4059.7
AWS,us-east-1,m6i.xlarge,4,16,6,401.8,2090.9,9152.9,0,0,33.5,1465.37
Azure,southeastasia,B2ms,2,8,13,578.4,809.1,3904.6,0,1,85.1,1135.58
AWS,us-east-1,m6i.2xlarge,8,32,5,397.0,3871.9,391.7,0,0,14.4,1091.44
GCP,europe-west2,e2-standard-2,2,8,4,465.7,257.2,2543.7,1,1,24.8,439.19
AWS,eu-west-2,m6i.large,2,8,1,647.8,3688.3,12602.2,0,1,56.1,1495.3
GCP,us-central1,n2-standard-2,2,8,4,180.7,1120.1,13120.8,0,1,5.1,1250.37
Azure,uksouth,D16s_v5,16,64,11,481.5,541.7,12273.9,0,0,52.5,5827.09
Azure,southeastasia,B2ms,2,8,11,203.1,835.9,2315.3,0,1,86.2,487.93
GCP,asia-southeast1,n2-standard-16,16,64,13,335.4,1892.8,8837.7,0,1,42.9,4737.18
GCP,asia-southeast1,n2-standard-8,8,32,3,595.5,1961.1,18004.3,0,0,77.3,2350.92
AWS,us-east-1,m6i.large,2,8,1,597.8,2749.6,12041.8,0,1,36.3,1357.39
AWS,us-east-1,m6i.2xlarge,8,32,5,689.0,37.2,16906.1,0,1,81.2,2756.03
GCP,us-central1,n2-standard-2,2,8,10,318.3,1166.6,12245.5,1,1,88.8,1469.46
Azure,southeastasia,D16s_v5,16,64,2,183.3,993.1,13159.5,1,1,75.3,1571.63
Azure,southeastasia,D2s_v5,2,8,11,497.2,2551.1,6312.5,1,0,88.6,1443.1
GCP,europe-west2,e2-medium,2,4,15,282.9,692.4,3585.1,1,1,80.3,571.76
Azure,uksouth,B2ms,2,8,9,262.3,3506.0,1096.4,1,0,68.2,628.55
Azure,uksouth,D2s_v5,2,8,7,342.7,2281.0,6972.7,1,1,90.3,1098.77
GCP,europe-west2,e2-medium,2,4,6,699.7,2946.7,11562.8,0,1,77.8,1377.96
AWS,ap-southeast-1,t3.medium,2,4,9,532.7,2190.4,2862.1,1,0,24.1,728.07
GCP,europe-west2,e2-standard-2,2,8,6,533.5,2483.1,9415.6,0,0,60.7,1222.04
AWS,eu-west-2,m6i.4xlarge,16,64,12,220.0,655.6,12134.1,0,1,54.0,3319.18
Azure,southeastasia,D2s_v5,2,8,12,602.8,2947.1,14497.7,0,1,50.9,2265.79
AWS,ap-southeast-1,m6i.xlarge,4,16,6,240.7,988.1,9104.4,0,1,56.1,1244.09
GCP,asia-southeast1,n2-standard-8,8,32,13,545.9,977.6,15716.2,1,0,24.1,4549.55
AWS,eu-west-2,t3.large,2,8,3,330.8,2284.5,164.0,1,0,46.7,360.95
AWS,eu-west-2,m6i.xlarge,4,16,9,669.0,1625.2,18851.0,0,1,37.9,3021.2
AWS,ap-southeast-1,m6i.2xlarge,8,32,4,315.9,602.1,15213.8,0,1,53.3,1900.09
Azure,southeastasia,D8s_v5,8,32,19,280.7,1231.2,6966.8,0,1,22.4,3100.75
AWS,eu-west-2,m6i.4xlarge,16,64,3,399.1,555.3,7253.8,1,1,10.4,1763.82
AWS,eu-west-2,m6i.xlarge,4,16,18,181.5,2572.0,1873.6,0,0,60.5,1082.89
AWS,eu-west-2,m6i.xlarge,4,16,16,461.6,552.2,13444.5,0,1,57.9,2735.39
AWS,ap-southeast-1,m6i.large,2,8,12,478.7,3393.9,215.1,0,1,22.4,959.06
Azure,uksouth,D16s_v5,16,64,1,275.3,3991.1,17121.0,1,0,18.3,2040.1
Azure,eastus,B2ms,2,8,10,242.3,2237.0,18213.5,1,1,90.1,1902.53
AWS,eu-west-2,m6i.2xlarge,8,32,20,313.7,726.1,2262.8,1,1,80.8,2938.72
GCP,us-central1,n2-standard-8,8,32,15,412.7,160.2,10719.4,1,0,36.4,3343.07
Azure,southeastasia,B2ms,2,8,12,710.1,833.1,1413.9,1,0,66.0,1077.23
Azure,eastus,D2s_v5,2,8,15,412.7,3571.9,19162.6,0,0,79.3,2393.72
AWS,ap-southeast-1,t3.large,2,8,5,555.1,799.6,2888.7,0,0,72.4,584.31
Azure,eastus,D8s_v5,8,32,11,680.7,668.0,3656.2,0,1,43.9,3385.99
GCP,us-central1,e2-medium,2,4,16,229.8,3393.1,4038.0,0,0,39.7,724.6
GCP,us-central1,n2-standard-2,2,8,2,379.3,818.1,2718.3,0,1,25.1,386.14
GCP,europe-west2,n2-standard-4,4,16,6,554.8,2362.3,9633.7,1,1,68.9,1761.02
GCP,europe-west2,n2-standard-2,2,8,17,510.6,2543.1,10175.8,0,1,43.4,2000.48
AWS,eu-west-2,t3.medium,2,4,2,327.9,995.3,16028.7,1,1,6.8,1576.96
AWS,ap-southeast-1,t3.large,2,8,12,455.8,3673.1,7033.7,0,0,47.9,1458.43
AWS,ap-southeast-1,t3.large,2,8,7,189.9,3289.4,8071.7,0,1,80.8,1140.78
GCP,us-central1,n2-standard-2,2,8,20,448.0,3906.7,10217.1,0,0,49.1,2004.51
Azure,eastus,D8s_v5,8,32,20,575.9,175.2,14008.3,1,1,67.4,5632.73
GCP,us-central1,n2-standard-16,16,64,20,738.7,1843.2,8028.4,1,0,19.6,12466.12
AWS,ap-southeast-1,t3.medium,2,4,4,565.2,1874.6,10822.9,1,0,20.0,1295.36
AWS,ap-southeast-1,m6i.2xlarge,8,32,10,538.1,3688.7,14758.8,0,1,46.6,3825.13
AWS,ap-southeast-1,t3.medium,2,4,4,410.9,3117.3,7286.8,0,1,7.8,1021.59
GCP,us-central1,n2-standard-2,2,8,11,706.2,1704.1,2711.8,1,1,57.5,1182.68
AWS,eu-west-2,m6i.4xlarge,16,64,18,419.0,2613.2,4578.0,0,1,57.2,6832.23
GCP,us-central1,n2-standard-8,8,32,2,360.3,863.9,17853.5,1,0,49.3,1856.29
AWS,eu-west-2,m6i.4xlarge,16,64,15,650.2,497.5,17470.6,1,1,17.6,9588.34
GCP,europe-west2,n2-standard-4,4,16,11,709.8,1477.4,815.0,0,0,79.5,1854.22
AWS,ap-southeast-1,t3.large,2,8,8,743.7,711.1,16596.0,1,0,82.5,2080.57
Azure,uksouth,B2ms,2,8,10,421.9,3338.5,11589.8,0,1,45.2,1606.07
AWS,eu-west-2,m6i.large,2,8,18,408.8,3398.0,10928.9,0,1,44.6,2037.81
Azure,eastus,D16s_v5,16,64,9,566.1,611.9,10388.0,1,0,79.7,5041.7
Azure,uksouth,D4s_v5,4,16,9,586.2,317.4,8120.4,0,1,72.5,1846.23
AWS,us-east-1,m6i.4xlarge,16,64,19,223.6,382.8,10569.7,0,0,25.6,4139.72
AWS,ap-southeast-1,m6i.4xlarge,16,64,3,590.2,2570.0,1666.5,0,0,78.5,1898.13
Azure,eastus,D2s_v5,2,8,11,695.1,2402.9,5806.5,1,0,74.4,1491.96
AWS,ap-southeast-1,m6i.4xlarge,16,64,13,520.6,424.0,1889.3,1,0,18.7,6283.52
GCP,europe-west2,e2-medium,2,4,9,363.2,2160.2,55.8,1,1,77.3,390.45
GCP,asia-southeast1,e2-medium,2,4,1,259.5,1616.2,19261.2,1,1,90.0,1770.26
AWS,us-east-1,m6i.large,2,8,3,614.0,1730.4,9844.3,0,0,21.6,1197.2
AWS,us-east-1,t3.large,2,8,3,548.1,3019.8,18519.2,0,0,27.8,1873.34
AWS,us-east-1,m6i.2xlarge,8,32,10,415.4,2017.5,7881.1,0,1,26.6,2453.26
AWS,ap-southeast-1,m6i.large,2,8,14,722.7,1674.6,7747.6,0,0,73.6,1920.11
Azure,uksouth,D16s_v5,16,64,9,227.0,3867.6,4559.2,0,1,63.2,2475.58
AWS,ap-southeast-1,m6i.4xlarge,16,64,19,253.0,62.7,4249.0,0,0,35.7,4548.38
GCP,us-central1,n2-standard-4,4,16,5,676.6,3861.5,15058.8,1,1,94.1,2284.32
Azure,southeastasia,B2ms,2,8,20,616.1,2443.3,10134.1,0,1,86.1,2276.29
GCP,asia-southeast1,n2-standard-2,2,8,16,696.5,2211.6,6197.6,1,0,61.0,1976.16
GCP,asia-southeast1,n2-standard-2,2,8,17,680.4,2414.0,19531.6,0,1,93.3,2953.12
Azure,southeastasia,D4s_v5,4,16,19,608.8,2597.3,6533.4,1,1,66.7,3594.36
Azure,eastus,D16s_v5,16,64,17,559.6,1148.9,2834.1,1,0,58.5,7810.91
GCP,europe-west2,n2-standard-4,4,16,7,257.1,3200.6,19763.7,1,0,73.6,2290.69
Azure,uksouth,D8s_v5,8,32,6,246.8,3057.5,17266.6,0,1,11.0,2337.8
GCP,europe-west2,n2-standard-4,4,16,19,405.4,2609.5,10840.2,0,0,22.9,2738.95
GCP,asia-southeast1,n2-standard-16,16,64,1,512.7,720.1,11164.6,0,1,92.6,1503.92
AWS,ap-southeast-1,m6i.4xlarge,16,64,19,419.8,22.2,10865.8,0,0,53.7,7938.68
GCP,asia-southeast1,n2-standard-16,16,64,14,333.1,3597.5,2418.3,1,1,61.2,4592.98
GCP,europe-west2,e2-medium,2,4,19,328.2,3961.1,387.0,1,1,12.2,682.29
AWS,ap-southeast-1,m6i.2xlarge,8,32,17,600.0,49.5,17314.1,1,0,70.4,5967.1
GCP,asia-southeast1,e2-standard-2,2,8,11,702.4,1066.9,14300.6,0,1,39.9,1786.17
AWS,ap-southeast-1,m6i.large,2,8,10,454.2,904.8,19766.9,0,0,91.5,2187.62
GCP,us-central1,n2-standard-2,2,8,20,271.1,917.3,17703.6,1,1,72.9,2074.15
AWS,eu-west-2,t3.medium,2,4,19,410.3,522.8,4591.1,0,0,42.7,800.66
GCP,asia-southeast1,n2-standard-8,8,32,14,268.7,1535.4,4162.7,0,1,45.3,2166.08
Azure,southeastasia,D16s_v5,16,64,11,711.8,2725.9,6983.8,1,1,30.0,7994.96
GCP,us-central1,n2-standard-2,2,8,8,576.3,2774.3,6363.3,0,1,50.3,1216.75
AWS,us-east-1,m6i.2xlarge,8,32,5,732.5,2157.8,11241.5,1,1,37.1,2693.77
GCP,europe-west2,n2-standard-8,8,32,4,351.1,3960.8,9622.2,1,0,49.7,1817.04
GCP,us-central1,e2-medium,2,4,11,337.4,3230.5,16954.4,0,0,69.6,1727.09
Azure,uksouth,D16s_v5,16,64,2,372.2,1990.4,6052.4,0,0,92.5,1330.56
AWS,ap-southeast-1,m6i.2xlarge,8,32,3,737.7,3099.0,5671.5,1,0,69.4,1774.27
AWS,us-east-1,m6i.large,2,8,16,595.0,3010.9,18589.2,0,1,7.8,2747.64
AWS,eu-west-2,m6i.4xlarge,16,64,16,658.1,1629.5,6032.2,0,0,62.3,9366.9
GCP,europe-west2,n2-standard-4,4,16,8,493.3,2162.3,16612.7,0,1,25.2,2362.18
AWS,us-east-1,t3.large,2,8,3,203.0,282.7,16767.2,1,0,32.6,1532.52
AWS,ap-southeast-1,t3.medium,2,4,3,187.5,1434.0,16707.1,0,1,7.8,1568.87
Azure,southeastasia,B2ms,2,8,12,310.2,3558.0,17499.0,0,1,39.3,2139.95
AWS,ap-southeast-1,t3.medium,2,4,14,619.9,585.7,17959.1,0,0,9.6,1895.79
AWS,us-east-1,m6i.4xlarge,16,64,4,224.8,1366.4,15635.0,0,0,67.5,2132.45
AWS,eu-west-2,m6i.4xlarge,16,64,13,377.2,132.1,8836.5,1,1,46.8,4896.25
GCP,asia-southeast1,e2-medium,2,4,1,495.6,3705.1,5743.7,1,1,54.0,889.19
Azure,southeastasia,D4s_v5,4,16,18,351.6,1973.9,10590.2,1,0,67.3,2571.19
GCP,europe-west2,n2-standard-16,16,64,10,433.2,2871.8,7540.7,1,1,66.2,4570.24
GCP,us-central1,e2-medium,2,4,20,261.1,1544.3,4755.6,1,1,69.7,780.97
Azure,eastus,D4s_v5,4,16,18,366.9,3766.1,7602.2,0,1,45.5,2232.57
Azure,southeastasia,D8s_v5,8,32,1,667.8,1951.1,7022.5,0,1,93.0,1078.71
GCP,us-central1,n2-standard-2,2,8,12,638.1,798.5,14639.0,1,1,50.0,2104.91
Azure,southeastasia,D16s_v5,16,64,15,523.4,1103.0,8307.6,1,1,34.1,8206.15
AWS,us-east-1,m6i.xlarge,4,16,15,570.5,106.8,19415.7,1,1,84.6,3312.33
GCP,europe-west2,e2-standard-2,2,8,17,425.4,1429.6,13103.8,1,0,30.0,1821.99
AWS,us-east-1,m6i.2xlarge,8,32,20,376.8,3900.5,5195.2,0,1,67.5,3719.92
GCP,europe-west2,e2-medium,2,4,10,386.9,2984.1,3829.1,0,0,29.2,716.58
AWS,ap-southeast-1,t3.large,2,8,13,362.7,1637.1,15519.1,0,1,33.7,1920.46
Azure,uksouth,D2s_v5,2,8,1,315.6,484.4,2391.7,0,0,9.0,269.41
GCP,us-central1,n2-standard-4,4,16,5,738.2,2097.6,683.8,1,0,25.2,1003.39
AWS,eu-west-2,m6i.2xlarge,8,32,9,191.9,2171.5,13523.8,0,0,86.2,2058.7
AWS,us-east-1,t3.large,2,8,5,523.0,2414.3,5432.9,0,1,77.4,887.77
Azure,eastus,D4s_v5,4,16,2,311.2,876.5,18393.0,1,0,48.0,1700.4
GCP,asia-southeast1,n2-standard-16,16,64,14,600.1,1709.0,2037.4,1,1,70.0,7985.12
Azure,southeastasia,B2ms,2,8,3,531.4,3217.7,12493.7,0,1,6.4,1485.59
GCP,us-central1,n2-standard-8,8,32,7,627.4,427.7,18346.8,1,0,39.6,3226.77
GCP,us-central1,e2-medium,2,4,2,708.5,3750.9,10388.0,0,0,57.2,1216.99
AWS,eu-west-2,t3.large,2,8,18,524.6,799.4,18278.2,1,1,94.7,2468.9
AWS,ap-southeast-1,t3.large,2,8,3,497.0,3312.2,1215.0,0,1,43.6,544.25
AWS,us-east-1,t3.medium,2,4,11,538.1,3375.4,18118.9,0,0,32.6,2013.09
AWS,ap-southeast-1,m6i.xlarge,4,16,11,333.2,1555.4,6024.5,0,0,48.6,1457.62
GCP,us-central1,e2-medium,2,4,12,415.4,1778.9,15274.4,0,1,61.9,1578.94
AWS,ap-southeast-1,m6i.xlarge,4,16,19,500.3,2884.0,2284.3,0,1,45.5,2572.8
GCP,asia-southeast1,n2-standard-8,8,32,1,672.5,891.6,11258.0,1,1,85.6,1382.93
AWS,us-east-1,t3.medium,2,4,19,365.2,2789.3,1834.4,0,0,55.0,682.63
AWS,ap-southeast-1,t3.large,2,8,15,246.4,2669.5,13293.1,0,1,41.1,1782.43
GCP,europe-west2,n2-standard-8,8,32,12,466.8,3947.7,4591.2,1,0,69.2,3073.08
GCP,europe-west2,n2-standard-16,16,64,13,404.3,377.1,18474.4,1,1,41.1,6034.23
GCP,us-central1,e2-standard-2,2,8,6,537.3,144.4,19319.8,0,1,83.2,1780.48
Azure,eastus,D8s_v5,8,32,4,636.2,2670.0,4771.2,0,0,71.9,1638.43
AWS,us-east-1,m6i.4xlarge,16,64,17,541.7,519.1,16205.1,1,0,65.8,8654.45
AWS,us-east-1,m6i.2xlarge,8,32,16,658.8,3356.2,12530.1,1,1,72.9,5425.68
GCP,asia-southeast1,n2-standard-4,4,16,15,354.5,45.1,12069.8,0,0,29.1,2166.15
Azure,uksouth,D2s_v5,2,8,20,524.7,1676.0,13592.5,0,1,63.4,2464.67
Azure,uksouth,D2s_v5,2,8,19,369.0,914.3,15435.9,1,0,42.8,2175.74
GCP,us-central1,n2-standard-16,16,64,13,233.7,40.0,6541.8,1,1,26.0,2936.76
AWS,us-east-1,m6i.xlarge,4,16,2,282.7,1280.0,2959.8,1,0,28.5,523.79
Azure,uksouth,D8s_v5,8,32,6,206.7,3155.5,14306.9,0,0,57.6,1987.39
Azure,uksouth,B2ms,2,8,9,681.1,2220.2,6511.0,1,0,52.3,1345.1
AWS,us-east-1,t3.large,2,8,11,188.6,2357.5,7937.0,1,1,25.1,1130.91
AWS,eu-west-2,t3.large,2,8,17,308.5,2953.1,14227.2,1,0,76.0,2011.54
AWS,ap-southeast-1,m6i.large,2,8,2,740.3,733.0,1446.7,0,1,59.7,365.46
Azure,eastus,D16s_v5,16,64,7,683.8,585.3,3779.7,0,0,79.9,4142.34
Azure,southeastasia,D16s_v5,16,64,12,644.3,292.7,7137.9,0,0,13.9,7564.89
Azure,eastus,D8s_v5,8,32,14,383.9,2012.9,5851.3,0,0,54.6,2837.2
GCP,europe-west2,e2-standard-2,2,8,2,541.9,3847.3,471.2,0,1,78.5,457.93
Azure,southeastasia,B2ms,2,8,19,557.6,88.5,10207.1,0,1,12.5,1858.66
Azure,uksouth,D8s_v5,8,32,3,337.9,1320.5,13357.2,0,1,77.6,1670.42
Azure,eastus,D8s_v5,8,32,14,387.3,1685.1,11118.0,0,0,29.2,3301.96
AWS,eu-west-2,m6i.4xlarge,16,64,3,308.6,3564.2,15976.9,0,1,8.7,2418.27
Azure,uksouth,D2s_v5,2,8,12,682.9,2014.4,3147.5,1,1,89.5,1387.79
AWS,ap-southeast-1,m6i.2xlarge,8,32,16,233.9,2814.7,14086.7,1,1,64.6,3145.3
AWS,us-east-1,t3.large,2,8,3,683.2,3691.2,18472.2,1,1,67.2,2055.62
GCP,us-central1,e2-standard-2,2,8,15,196.1,1795.2,18951.5,1,0,41.8,1924.56
Azure,eastus,B2ms,2,8,3,382.0,1361.2,16931.0,0,1,13.8,1582.33
Azure,uksouth,D2s_v5,2,8,9,326.6,914.2,10509.0,1,0,32.0,1364.85
AWS,us-east-1,t3.medium,2,4,11,299.2,3537.1,13641.9,0,1,43.9,1640.33
AWS,eu-west-2,t3.large,2,8,12,416.8,598.6,5462.1,1,1,57.3,1048.86
Azure,uksouth,B2ms,2,8,4,211.3,1199.3,3136.0,0,1,93.3,457.54
GCP,europe-west2,n2-standard-4,4,16,12,534.2,3975.2,5566.1,0,1,36.8,2136.58
Azure,southeastasia,B2ms,2,8,8,298.3,256.8,2979.2,1,1,53.8,578.08
GCP,us-central1,e2-medium,2,4,16,505.6,3030.8,15139.6,0,1,56.4,1718.83
GCP,asia-southeast1,e2-medium,2,4,15,234.5,2463.6,15997.6,1,0,80.6,1699.01
GCP,us-central1,n2-standard-16,16,64,14,511.6,1623.4,13592.3,1,0,76.2,6750.15
GCP,europe-west2,n2-standard-16,16,64,11,290.7,2903.2,1378.4,0,1,52.6,3109.66
GCP,europe-west2,n2-standard-16,16,64,19,249.3,1221.4,8885.5,0,0,90.8,4986.59
AWS,us-east-1,m6i.large,2,8,6,441.1,2574.1,14056.0,0,1,55.1,1649.84
Azure,eastus,D4s_v5,4,16,11,581.5,577.6,18529.8,0,0,16.4,2805.55
GCP,europe-west2,n2-standard-8,8,32,14,240.5,471.0,8005.6,1,0,53.6,2160.41
AWS,eu-west-2,t3.large,2,8,3,219.9,1952.2,9996.5,1,0,39.9,1159.64
GCP,asia-southeast1,n2-standard-8,8,32,7,583.2,2325.6,3200.9,0,0,10.9,2248.67
AWS,ap-southeast-1,m6i.2xlarge,8,32,8,688.5,1670.9,14756.8,0,0,57.6,3730.21
GCP,asia-southeast1,n2-standard-2,2,8,6,343.6,3406.1,7964.9,0,1,24.6,1201.08
Azure,uksouth,D16s_v5,16,64,2,373.9,3945.3,15884.3,0,1,37.8,2305.15
Azure,southeastasia,D16s_v5,16,64,1,424.8,3715.8,1646.8,0,1,22.0,858.66
GCP,asia-southeast1,e2-standard-2,2,8,1,603.4,1478.3,17465.0,0,0,72.7,1560.79
Azure,eastus,D16s_v5,16,64,14,247.1,3469.6,5218.0,0,1,15.8,3553.3
GCP,europe-west2,n2-standard-4,4,16,5,647.4,2735.2,4269.0,0,0,85.2,1269.43
GCP,europe-west2,n2-standard-2,2,8,19,200.3,2713.2,15639.7,1,1,66.8,1991.21
Azure,eastus,D2s_v5,2,8,1,613.8,765.8,9682.0,0,0,54.2,954.58
AWS,us-east-1,m6i.large,2,8,4,431.8,596.7,1671.6,1,0,22.4,411.78
AWS,ap-southeast-1,t3.large,2,8,16,578.0,1679.7,11581.6,1,1,78.6,2185.48
AWS,us-east-1,t3.medium,2,4,2,373.7,2035.3,2709.9,0,1,59.3,450.51
AWS,eu-west-2,t3.medium,2,4,16,447.7,1839.5,13113.7,0,1,93.4,1662.32
GCP,asia-southeast1,n2-standard-16,16,64,6,495.0,3086.5,18409.4,0,1,66.3,4340.42
GCP,asia-southeast1,n2-standard-4,4,16,10,541.3,773.2,9872.2,0,1,21.3,2135.91
AWS,us-east-1,m6i.xlarge,4,16,18,442.0,2651.1,10297.8,0,1,13.4,2617.72
Azure,eastus,D16s_v5,16,64,12,554.1,3041.6,14300.4,0,0,63.8,6730.54
GCP,europe-west2,n2-standard-8,8,32,3,512.6,3087.6,11231.4,1,0,45.3,1898.57
Azure,southeastasia,B2ms,2,8,9,339.9,1327.8,11433.3,1,1,59.9,1439.06
AWS,eu-west-2,m6i.4xlarge,16,64,1,482.8,2317.1,6641.3,1,1,45.1,1284.49
Azure,uksouth,D16s_v5,16,64,19,392.2,2803.1,10979.3,0,0,51.1,7448.85
GCP,asia-southeast1,n2-standard-8,8,32,19,706.6,3988.0,3129.5,1,1,71.0,6604.41
AWS,eu-west-2,t3.large,2,8,16,299.9,2929.9,4590.8,0,1,58.9,1112.51
AWS,us-east-1,t3.large,2,8,6,427.6,3387.0,10966.9,1,0,21.4,1490.82
Azure,uksouth,D16s_v5,16,64,2,197.5,1104.1,1014.7,1,0,63.9,560.78
GCP,asia-southeast1,e2-standard-2,2,8,3,553.1,2134.1,16668.2,1,1,37.6,1714.19
GCP,europe-west2,n2-standard-4,4,16,10,220.2,2717.2,5939.4,0,1,33.3,1226.94
GCP,us-central1,n2-standard-2,2,8,20,189.1,526.5,16725.8,1,1,28.7,1826.23
AWS,eu-west-2,m6i.large,2,8,13,601.5,2133.8,4981.2,0,0,80.3,1439.35
Azure,southeastasia,D16s_v5,16,64,14,577.0,3773.4,5269.6,0,0,84.1,8173.93
Azure,southeastasia,D4s_v5,4,16,20,268.9,1466.1,16301.0,1,0,93.9,2718.5
AWS,ap-southeast-1,m6i.large,2,8,14,627.0,483.6,9976.7,0,0,30.4,1908.35
AWS,ap-southeast-1,t3.large,2,8,3,657.3,2041.2,15654.0,0,1,32.8,1704.96
GCP,us-central1,n2-standard-16,16,64,5,573.4,597.6,15103.2,1,0,55.8,3585.12
Azure,uksouth,D4s_v5,4,16,7,563.8,3970.8,15691.1,0,0,89.4,2425.65
Azure,southeastasia,D2s_v5,2,8,9,650.7,3762.2,9578.3,1,0,71.7,1923.97
Azure,southeastasia,D2s_v5,2,8,3,350.0,2525.5,7779.0,0,1,78.6,1023.15
GCP,europe-west2,e2-medium,2,4,20,608.2,979.3,19576.0,0,1,86.9,2089.03
AWS,ap-southeast-1,m6i.xlarge,4,16,15,365.5,944.7,585.1,1,0,32.5,1391.33
AWS,us-east-1,m6i.large,2,8,1,379.7,2997.1,2086.5,0,0,56.2,456.01
Azure,southeastasia,D4s_v5,4,16,4,563.0,964.0,8163.7,0,0,80.6,1280.62
Azure,uksouth,D16s_v5,16,64,16,517.9,485.9,428.6,0,0,14.8,7099.43
GCP,us-central1,n2-standard-4,4,16,3,400.2,821.8,87.9,1,1,88.6,381.61
AWS,eu-west-2,m6i.4xlarge,16,64,11,499.5,2603.9,6571.3,1,0,90.7,5488.99
GCP,europe-west2,e2-medium,2,4,18,206.6,325.1,14774.9,1,1,5.8,1440.96
AWS,eu-west-2,t3.large,2,8,9,485.5,2324.7,9158.2,0,0,31.1,1377.23
Azure,southeastasia,D2s_v5,2,8,10,449.0,1116.1,2731.6,1,0,58.4,895.88
GCP,europe-west2,e2-medium,2,4,4,337.7,1067.0,10967.8,1,0,69.7,1124.54
GCP,asia-southeast1,n2-standard-4,4,16,18,732.7,1260.6,4193.6,1,0,66.3,3446.08
GCP,europe-west2,n2-standard-16,16,64,17,621.6,2521.3,8712.2,1,1,19.3,10215.51
AWS,us-east-1,m6i.large,2,8,14,428.8,2331.2,7349.3,0,1,87.2,1432.95
AWS,us-east-1,m6i.xlarge,4,16,5,741.9,2917.8,12890.0,0,1,75.6,2080.16
GCP,asia-southeast1,e2-standard-2,2,8,19,663.7,2963.9,13027.5,0,1,82.9,2271.66
GCP,us-central1,n2-standard-2,2,8,9,622.6,235.3,16262.4,0,1,8.4,1907.13
Azure,eastus,D4s_v5,4,16,6,185.2,934.6,841.2,0,0,81.4,363.24
GCP,us-central1,n2-standard-8,8,32,13,310.7,388.7,17325.2,1,0,84.0,3028.59
AWS,eu-west-2,m6i.4xlarge,16,64,10,606.4,2739.5,8714.8,0,1,90.2,6081.73
Azure,eastus,D2s_v5,2,8,16,201.0,3412.7,8352.8,0,1,85.4,1307.22
AWS,eu-west-2,m6i.4xlarge,16,64,14,355.4,1227.5,2620.5,0,1,42.1,4411.92
GCP,europe-west2,e2-medium,2,4,9,230.2,3411.2,8502.0,0,0,74.1,1086.52
AWS,eu-west-2,t3.large,2,8,5,644.5,731.0,12530.0,0,0,16.2,1467.56
GCP,us-central1,n2-standard-2,2,8,11,325.4,2724.4,9524.5,1,1,82.1,1405.91
Azure,southeastasia,D4s_v5,4,16,17,717.1,1977.5,1934.1,0,0,39.2,3142.67
AWS,us-east-1,m6i.2xlarge,8,32,7,691.9,2378.5,732.8,0,0,62.8,1993.77
AWS,us-east-1,m6i.xlarge,4,16,8,196.5,633.5,6729.6,0,1,55.2,969.26
GCP,us-central1,e2-medium,2,4,6,714.6,3969.5,16228.8,1,0,21.1,1790.08
GCP,asia-southeast1,n2-standard-8,8,32,9,703.9,2839.3,6020.2,1,0,46.2,3600.09
AWS,eu-west-2,m6i.2xlarge,8,32,3,725.4,987.1,19331.8,0,1,39.5,2624.32
GCP,europe-west2,n2-standard-8,8,32,9,309.6,3444.2,13923.5,0,1,47.7,2638.49
AWS,ap-southeast-1,m6i.large,2,8,2,741.0,3441.9,6359.3,0,0,65.0,1028.98
Azure,southeastasia,D4s_v5,4,16,16,633.0,1212.1,6160.1,0,1,10.4,2891.25
Azure,uksouth,D8s_v5,8,32,5,675.6,3667.4,1455.3,0,0,88.8,1867.92
Azure,southeastasia,D2s_v5,2,8,5,294.6,2618.9,6662.8,1,1,81.7,1016.82
AWS,ap-southeast-1,m6i.large,2,8,6,184.1,636.9,19573.6,1,1,91.9,1889.6
GCP,europe-west2,n2-standard-8,8,32,17,615.9,773.1,14155.8,0,0,28.9,5549.33
GCP,us-central1,e2-standard-2,2,8,12,588.9,3759.5,17109.9,0,1,9.9,2115.74
GCP,us-central1,n2-standard-2,2,8,9,595.6,2260.4,3363.0,0,0,51.3,955.66
GCP,us-central1,n2-standard-2,2,8,2,597.6,261.9,11567.8,1,1,26.0,1168.43
AWS,ap-southeast-1,m6i.xlarge,4,16,7,197.6,246.8,15657.5,1,1,14.7,1751.54
AWS,us-east-1,t3.large,2,8,20,277.0,3827.6,17309.6,0,0,82.1,2249.9
Azure,southeastasia,D16s_v5,16,64,3,598.3,2522.3,1196.9,1,1,41.5,2031.22
AWS,eu-west-2,t3.medium,2,4,6,347.0,2407.2,2697.5,1,1,45.4,613.2
GCP,asia-southeast1,n2-standard-2,2,8,19,342.1,2228.4,17080.6,0,1,55.9,2151.47
Azure,southeastasia,D4s_v5,4,16,9,734.9,3983.9,11238.9,1,0,90.7,2837.6
Azure,eastus,D16s_v5,16,64,14,265.9,3282.7,9801.1,1,1,29.8,4136.05
Azure,eastus,B2ms,2,8,9,317.6,2847.4,12709.1,0,0,14.1,1515.13
AWS,us-east-1,t3.large,2,8,2,707.1,1337.8,15623.9,0,0,47.4,1532.29
GCP,europe-west2,n2-standard-4,4,16,16,641.8,2835.1,17263.6,1,0,28.7,3789.14
AWS,us-east-1,m6i.xlarge,4,16,4,200.3,2692.3,17505.5,1,1,5.3,1921.55
GCP,asia-southeast1,n2-standard-4,4,16,6,503.8,3635.9,10123.1,0,0,18.7,1848.49
GCP,us-central1,n2-standard-2,2,8,2,680.4,1934.1,9123.1,1,1,89.3,1121.74
GCP,asia-southeast1,e2-standard-2,2,8,15,203.8,530.7,6229.6,0,1,70.4,808.48
Azure,uksouth,D2s_v5,2,8,9,530.8,1159.4,3242.1,0,0,24.1,869.55
Azure,southeastasia,D2s_v5,2,8,2,448.1,1707.1,2654.5,1,0,88.6,541.52
AWS,eu-west-2,m6i.4xlarge,16,64,10,337.9,2681.8,101.2,1,0,22.3,3026.45
GCP,europe-west2,n2-standard-4,4,16,13,215.9,1582.1,12260.0,0,0,34.7,1719.83
GCP,europe-west2,n2-standard-2,2,8,10,524.0,981.8,2487.6,1,0,87.3,931.75
Azure,eastus,D16s_v5,16,64,7,437.1,3214.1,6358.1,1,1,56.5,3311.43
GCP,us-central1,n2-standard-8,8,32,20,595.1,2474.1,4380.0,1,0,61.7,5177.48
AWS,ap-southeast-1,m6i.xlarge,4,16,13,718.3,1372.6,5618.3,1,0,15.9,2640.05
GCP,us-central1,n2-standard-2,2,8,2,541.9,1500.1,5523.8,0,1,71.5,723.91
Azure,eastus,D8s_v5,8,32,19,413.3,2576.3,2419.4,1,0,54.5,3607.35
AWS,eu-west-2,m6i.2xlarge,8,32,17,664.1,1710.3,17900.9,1,1,75.1,6421.62
GCP,europe-west2,n2-standard-2,2,8,4,220.5,2058.2,12561.4,1,1,32.2,1391.71
AWS,us-east-1,m6i.2xlarge,8,32,19,657.7,2808.3,5921.9,1,1,36.4,5649.66
AWS,ap-southeast-1,t3.large,2,8,19,599.1,1927.0,2697.1,0,0,12.0,1432.29
AWS,us-east-1,m6i.2xlarge,8,32,4,283.7,2408.1,4752.5,0,0,60.7,1032.27
GCP,asia-southeast1,e2-standard-2,2,8,2,576.7,635.3,13540.6,1,1,39.8,1381.87
GCP,europe-west2,e2-standard-2,2,8,15,575.3,792.7,5723.0,1,0,90.0,1253.26
GCP,europe-west2,e2-standard-2,2,8,4,214.1,3317.6,5764.4,0,0,21.8,827.95
AWS,ap-southeast-1,m6i.4xlarge,16,64,20,351.2,3224.3,15185.3,0,1,50.3,7776.91
GCP,us-central1,n2-standard-2,2,8,6,742.0,3909.5,10592.9,0,1,81.5,1639.01
GCP,asia-southeast1,n2-standard-2,2,8,12,538.6,3412.3,7840.3,0,1,23.0,1701.88
AWS,ap-southeast-1,t3.large,2,8,16,688.9,1113.2,1121.4,0,0,92.4,1229.63
GCP,europe-west2,n2-standard-4,4,16,18,300.7,3686.3,11336.9,1,0,75.6,2419.56
GCP,us-central1,n2-standard-4,4,16,3,593.5,3810.8,12739.6,1,0,15.5,1735.59
Azure,eastus,D2s_v5,2,8,5,361.2,408.1,6180.5,0,1,17.9,762.73
AWS,eu-west-2,m6i.2xlarge,8,32,16,648.2,1898.9,14221.4,0,0,52.5,5735.29
AWS,us-east-1,t3.medium,2,4,20,402.8,3804.6,4177.5,0,0,60.7,1022.29
GCP,asia-southeast1,e2-standard-2,2,8,20,369.7,210.5,8627.2,1,0,24.8,1342.61
AWS,us-east-1,m6i.xlarge,4,16,7,203.8,3755.4,1473.8,0,0,58.5,695.26
GCP,us-central1,n2-standard-8,8,32,13,528.5,2237.6,12630.5,0,0,51.8,3918.53
GCP,us-central1,e2-standard-2,2,8,9,733.8,1755.5,1960.8,1,1,94.7,805.87
GCP,asia-southeast1,e2-standard-2,2,8,3,370.1,213.3,13061.2,0,1,35.2,1185.41
Azure,southeastasia,D16s_v5,16,64,6,453.3,3971.6,14443.9,0,1,24.1,4041.06
AWS,ap-southeast-1,m6i.4xlarge,16,64,18,571.5,727.1,19483.8,0,1,63.2,10479.97
AWS,us-east-1,m6i.4xlarge,16,64,19,304.8,3607.2,16770.1,0,0,19.8,6222.67
AWS,us-east-1,t3.medium,2,4,15,362.4,2845.9,6723.2,1,1,66.8,1122.54
GCP,europe-west2,n2-standard-2,2,8,15,619.0,2606.9,11492.1,1,1,9.6,2214.64
GCP,us-central1,n2-standard-8,8,32,5,665.1,3253.1,10559.1,0,0,17.7,2362.07
Azure,southeastasia,D4s_v5,4,16,20,318.1,2399.0,8303.9,0,0,75.9,2389.58
GCP,europe-west2,e2-medium,2,4,9,665.1,1463.8,10075.8,1,1,46.7,1284.78
Azure,southeastasia,D16s_v5,16,64,1,676.5,3422.0,4824.4,1,0,34.6,1344.37
Azure,eastus,D4s_v5,4,16,4,570.9,1134.8,3534.9,0,0,29.3,811.47
Azure,uksouth,B2ms,2,8,7,382.8,599.4,6652.7,0,1,91.2,895.11
AWS,ap-southeast-1,m6i.4xlarge,16,64,8,522.0,3354.6,2871.7,1,0,31.3,4183.83
AWS,ap-southeast-1,t3.large,2,8,15,656.3,169.6,17976.5,0,0,93.6,2466.96
GCP,us-central1,n2-standard-4,4,16,1,182.1,102.8,9038.1,0,1,65.9,827.23
GCP,us-central1,n2-standard-8,8,32,16,739.8,1396.5,6495.3,1,0,25.7,5288.65
AWS,eu-west-2,m6i.xlarge,4,16,1,217.5,2872.7,12703.4,0,1,93.6,1425.42
AWS,ap-southeast-1,m6i.4xlarge,16,64,20,408.5,1356.0,15101.5,0,1,6.5,8388.27
AWS,eu-west-2,m6i.2xlarge,8,32,2,657.7,1173.3,2358.5,1,1,93.1,942.16
GCP,asia-southeast1,e2-medium,2,4,6,499.3,1912.5,13747.6,0,1,86.7,1375.91
Azure,uksouth,D8s_v5,8,32,8,409.3,2747.4,7520.4,1,1,42.5,2358.04
GCP,asia-southeast1,e2-medium,2,4,10,721.9,2744.4,15123.0,0,1,56.1,1745.86
GCP,europe-west2,n2-standard-2,2,8,3,386.8,2736.4,16633.9,1,0,25.2,1746.35
AWS,us-east-1,t3.large,2,8,17,460.4,1096.3,131.0,0,0,11.2,761.49
GCP,europe-west2,n2-standard-4,4,16,13,450.4,212.4,18471.4,0,1,82.5,2813.88
Azure,southeastasia,D8s_v5,8,32,4,250.1,3048.4,6560.7,0,1,9.9,1295.64
Azure,eastus,D8s_v5,8,32,16,462.5,3059.3,705.5,1,0,39.7,3255.74
GCP,asia-southeast1,n2-standard-4,4,16,2,415.4,2178.6,18256.5,0,0,32.1,1837.81
AWS,eu-west-2,m6i.xlarge,4,16,3,602.9,3528.6,18004.6,1,0,14.9,2293.93
Azure,southeastasia,D16s_v5,16,64,2,371.7,2741.6,13217.6,0,1,68.5,2012.1
AWS,us-east-1,t3.medium,2,4,2,483.1,2899.4,5983.2,1,0,82.7,844.58
GCP,asia-southeast1,n2-standard-2,2,8,3,501.1,991.8,12776.2,0,0,7.4,1281.97
GCP,us-central1,n2-standard-16,16,64,16,406.6,3950.2,14433.6,0,0,8.6,6505.38
Azure,uksouth,D16s_v5,16,64,4,675.7,3317.9,15584.0,0,1,41.6,3967.98
AWS,ap-southeast-1,t3.large,2,8,17,544.3,2458.6,4921.6,0,1,94.6,1557.83
GCP,europe-west2,n2-standard-8,8,32,17,272.8,423.6,12613.0,0,1,23.1,3060.11
AWS,ap-southeast-1,t3.medium,2,4,2,419.2,1938.7,18436.2,1,1,5.7,1881.18
AWS,ap-southeast-1,t3.medium,2,4,10,292.1,3733.5,15750.8,1,1,81.4,1898.43
Azure,eastus,D4s_v5,4,16,19,223.0,3106.1,1528.2,1,0,69.0,1260.05
AWS,us-east-1,m6i.xlarge,4,16,7,251.1,1319.0,3677.8,1,0,10.5,817.1
GCP,asia-southeast1,e2-standard-2,2,8,14,212.5,2541.0,6681.3,0,0,76.5,1011.76
Azure,southeastasia,D4s_v5,4,16,6,393.6,341.1,1336.4,1,1,88.5,741.29
Azure,uksouth,B2ms,2,8,15,461.2,3819.7,14273.9,0,1,27.0,2106.63
GCP,us-central1,n2-standard-4,4,16,18,330.2,1932.6,7639.3,0,1,85.0,2021.94
GCP,us-central1,e2-standard-2,2,8,11,270.4,1098.7,17343.3,0,1,86.8,1669.4
AWS,us-east-1,m6i.xlarge,4,16,11,630.5,3237.2,1826.8,1,1,27.6,1860.14
GCP,us-central1,n2-standard-16,16,64,13,466.2,636.9,11727.6,1,1,76.3,5783.85
AWS,us-east-1,m6i.large,2,8,6,683.0,2435.4,19643.6,1,1,80.9,2363.1
Azure,eastus,D8s_v5,8,32,7,211.2,277.2,1814.3,1,0,30.3,804.64
AWS,us-east-1,m6i.large,2,8,16,691.1,756.5,5680.5,0,1,9.8,1661.66
GCP,us-central1,n2-standard-4,4,16,9,551.0,525.9,4403.5,0,0,31.4,1367.63
Azure,southeastasia,D8s_v5,8,32,2,439.0,2485.8,14633.3,1,0,49.0,1847.02
AWS,us-east-1,m6i.2xlarge,8,32,20,197.3,1550.2,10524.5,0,0,17.7,2675.24
GCP,asia-southeast1,n2-standard-2,2,8,13,185.7,3890.8,2444.2,0,1,59.6,812.57
Azure,eastus,D8s_v5,8,32,5,349.5,3664.1,11672.6,0,0,40.3,1963.67
GCP,us-central1,n2-standard-2,2,8,13,710.9,1010.1,13966.4,0,0,31.4,2087.97
Azure,uksouth,D8s_v5,8,32,13,466.7,3118.0,4774.3,0,0,76.9,3376.79
Azure,uksouth,D4s_v5,4,16,11,347.9,3514.5,12539.1,0,1,50.4,2118.0
GCP,us-central1,e2-standard-2,2,8,16,392.9,110.1,17606.8,0,1,54.2,1879.2
GCP,europe-west2,e2-medium,2,4,18,298.8,3388.6,7249.4,0,1,11.4,1092.04
GCP,europe-west2,n2-standard-2,2,8,4,571.2,3647.3,15261.5,0,0,74.9,1740.68
GCP,asia-southeast1,n2-standard-16,16,64,12,219.9,2828.2,14433.2,1,0,9.7,3891.05
Azure,eastus,D4s_v5,4,16,20,354.4,3651.6,16528.7,0,0,63.9,3073.77
AWS,us-east-1,m6i.2xlarge,8,32,15,393.2,3216.7,18908.7,0,1,56.4,4153.59
Azure,uksouth,D16s_v5,16,64,4,508.0,1463.8,18848.1,1,0,85.7,3486.15
AWS,us-east-1,m6i.4xlarge,16,64,11,727.7,321.8,2341.7,0,0,72.2,6419.14
GCP,us-central1,n2-standard-8,8,32,10,654.2,1328.9,3855.3,1,0,31.4,3185.03
GCP,us-central1,n2-standard-4,4,16,4,721.7,3859.8,13700.5,0,1,46.4,2030.67
GCP,asia-southeast1,n2-standard-16,16,64,10,626.2,3382.8,83.3,1,0,58.0,5686.55
Azure,uksouth,B2ms,2,8,14,432.4,1789.1,10137.3,0,1,7.5,1595.15
GCP,us-central1,e2-medium,2,4,8,679.1,3167.5,2203.1,0,0,48.3,619.85
GCP,asia-southeast1,n2-standard-4,4,16,20,470.8,2059.2,11247.6,1,0,9.0,3305.2
Azure,uksouth,D2s_v5,2,8,14,366.4,3956.2,16575.6,0,0,79.7,2219.92
Azure,uksouth,B2ms,2,8,4,548.3,3764.2,9840.6,1,1,75.9,1432.32
GCP,europe-west2,e2-medium,2,4,1,351.0,2735.0,1720.2,1,1,47.8,468.31
GCP,us-central1,e2-standard-2,2,8,11,269.1,636.1,11850.4,1,1,43.8,1360.94
AWS,us-east-1,t3.large,2,8,11,740.3,1750.1,11521.2,0,1,75.3,1828.61
Azure,uksouth,D2s_v5,2,8,9,180.4,3605.7,9953.8,0,1,28.5,1326.36
AWS,ap-southeast-1,m6i.4xlarge,16,64,19,531.9,3496.4,5816.2,1,1,25.8,9881.1
Azure,southeastasia,D8s_v5,8,32,18,459.2,1408.1,12233.8,0,0,53.2,4913.84
AWS,ap-southeast-1,m6i.xlarge,4,16,2,729.2,2990.0,18964.9,1,1,34.0,2216.56
AWS,us-east-1,m6i.large,2,8,15,278.7,438.9,3112.7,0,0,94.9,728.44
AWS,us-east-1,m6i.xlarge,4,16,11,623.8,273.7,16187.9,0,1,7.1,2758.61
GCP,europe-west2,n2-standard-8,8,32,13,540.1,2050.2,9768.5,0,1,13.5,4027.29
Azure,southeastasia,D8s_v5,8,32,7,363.6,1829.8,4854.7,0,0,94.2,1740.86
Azure,eastus,D4s_v5,4,16,10,573.8,83.1,19877.8,1,1,65.2,2824.68
Azure,southeastasia,D2s_v5,2,8,13,516.7,1215.4,11818.4,0,1,75.2,1852.74
Azure,uksouth,B2ms,2,8,2,362.4,2495.0,10397.7,0,1,31.9,1190.22
GCP,us-central1,n2-standard-2,2,8,14,486.3,1591.7,8226.3,0,0,88.6,1484.33
GCP,europe-west2,n2-standard-4,4,16,20,550.2,3359.9,13181.4,1,0,64.5,3820.6
GCP,europe-west2,e2-medium,2,4,9,447.7,2761.6,15528.1,1,1,74.3,1771.29
GCP,us-central1,n2-standard-8,8,32,12,442.2,907.3,538.4,0,0,42.4,2126.04
GCP,europe-west2,n2-standard-4,4,16,20,449.3,3196.3,5743.5,0,0,29.1,2659.91
GCP,asia-southeast1,n2-standard-2,2,8,11,616.4,1241.4,9685.4,0,1,18.3,1659.66
Azure,uksouth,D16s_v5,16,64,20,270.2,777.2,13895.7,0,1,93.4,5838.75
Azure,uksouth,D16s_v5,16,64,18,361.2,3599.8,11057.6,1,1,14.6,6836.1
GCP,us-central1,e2-medium,2,4,6,691.6,498.1,19678.7,0,1,12.7,1754.55
GCP,us-central1,e2-medium,2,4,3,631.9,3632.2,15353.0,0,0,75.2,1552.1
AWS,ap-southeast-1,m6i.xlarge,4,16,16,563.4,2307.8,19846.0,0,0,50.9,3800.98
Azure,eastus,D2s_v5,2,8,4,401.2,2724.0,11341.9,0,0,12.3,1360.92
AWS,ap-southeast-1,m6i.large,2,8,15,271.0,2023.7,6355.4,1,0,88.6,1228.41
AWS,us-east-1,m6i.xlarge,4,16,15,535.8,3865.0,851.6,1,0,86.6,1963.0
GCP,asia-southeast1,e2-medium,2,4,7,511.7,3998.7,15993.3,0,0,84.0,1758.49
AWS,us-east-1,m6i.xlarge,4,16,5,519.2,1951.7,5499.8,0,0,37.8,1154.32
GCP,us-central1,n2-standard-2,2,8,8,240.7,682.8,9890.3,1,0,76.6,1123.82
Azure,southeastasia,D8s_v5,8,32,14,432.4,374.7,4625.3,0,1,66.7,3191.51
GCP,asia-southeast1,n2-standard-16,16,64,13,269.0,1157.9,7557.2,0,0,63.0,3714.24
GCP,europe-west2,n2-standard-2,2,8,17,293.4,578.4,1279.9,1,0,15.4,730.39
GCP,europe-west2,n2-standard-2,2,8,3,332.2,824.8,279.2,1,0,35.3,253.34
AWS,eu-west-2,m6i.4xlarge,16,64,14,495.6,1614.6,17936.8,0,0,24.4,7535.21
Azure,southeastasia,B2ms,2,8,7,630.2,136.1,13249.8,1,1,34.1,1558.41
Azure,southeastasia,B2ms,2,8,1,317.7,193.7,17120.4,0,0,49.0,1407.83
GCP,asia-southeast1,n2-standard-16,16,64,13,188.5,2142.4,10042.2,1,0,26.2,3225.15
Azure,southeastasia,D16s_v5,16,64,13,315.8,2756.4,99.0,0,1,76.3,3950.0
Azure,eastus,D8s_v5,8,32,8,654.2,173.8,3743.3,1,0,5.5,2517.32
Azure,uksouth,B2ms,2,8,3,691.5,1774.7,11091.6,0,1,76.4,1288.03
GCP,europe-west2,e2-medium,2,4,17,714.4,1882.8,13046.4,1,0,57.2,1736.21
GCP,asia-southeast1,e2-medium,2,4,17,715.6,3084.5,17545.3,0,1,73.2,2111.14
AWS,eu-west-2,t3.large,2,8,2,734.8,3666.9,19113.2,1,1,86.1,2109.07
Azure,uksouth,B2ms,2,8,1,676.2,2081.9,5807.5,0,1,70.8,752.48
AWS,us-east-1,t3.medium,2,4,13,426.9,1191.1,1307.6,0,1,49.6,452.92
GCP,asia-southeast1,n2-standard-8,8,32,12,234.0,2440.5,9692.7,0,0,72.0,2176.77
AWS,eu-west-2,t3.medium,2,4,11,390.7,2580.3,14988.4,1,1,15.2,1811.06
GCP,asia-southeast1,n2-standard-8,8,32,2,637.6,1502.9,13270.4,0,0,79.3,1757.81
GCP,europe-west2,n2-standard-4,4,16,8,593.3,3113.4,15801.0,0,1,31.0,2579.23
GCP,europe-west2,e2-standard-2,2,8,19,517.9,3699.5,17375.6,1,0,32.0,2423.14
AWS,us-east-1,m6i.xlarge,4,16,18,362.7,1177.3,13373.1,0,1,68.1,2529.45
Azure,uksouth,D16s_v5,16,64,13,492.9,3195.3,14877.1,0,0,11.0,6936.62
AWS,ap-southeast-1,m6i.xlarge,4,16,13,230.6,2429.8,15016.1,1,1,53.8,2237.06
Azure,southeastasia,B2ms,2,8,10,615.2,3116.8,8960.6,0,1,22.6,1643.59
AWS,ap-southeast-1,m6i.4xlarge,16,64,5,634.8,2472.5,1131.6,1,0,30.0,3069.65
Azure,eastus,D8s_v5,8,32,11,433.4,1976.4,11396.6,1,0,6.3,3065.92
AWS,ap-southeast-1,m6i.xlarge,4,16,4,538.3,3564.6,1272.8,0,0,11.9,891.58
AWS,eu-west-2,m6i.xlarge,4,16,11,607.7,2026.2,8215.3,0,1,83.4,2298.43
GCP,us-central1,n2-standard-8,8,32,7,484.5,1052.6,19699.6,1,0,93.0,3007.23
AWS,ap-southeast-1,m6i.2xlarge,8,32,4,231.6,3810.6,9132.7,0,0,14.5,1536.63
Azure,uksouth,B2ms,2,8,4,275.8,2866.1,600.4,0,1,49.1,383.37
AWS,us-east-1,t3.large,2,8,14,374.4,2503.8,11115.4,1,1,32.7,1672.18
Azure,southeastasia,D2s_v5,2,8,16,186.7,1090.2,10621.7,0,0,80.9,1339.06
AWS,eu-west-2,m6i.4xlarge,16,64,13,200.6,3290.2,8614.3,1,0,72.9,3262.75
AWS,ap-southeast-1,m6i.4xlarge,16,64,3,699.8,469.1,19391.4,1,0,87.3,3550.29
AWS,ap-southeast-1,t3.large,2,8,6,226.7,1436.7,12195.7,1,1,92.8,1414.29
Azure,eastus,D2s_v5,2,8,5,477.8,702.2,5265.2,0,0,26.8,733.38
AWS,eu-west-2,m6i.large,2,8,15,230.3,607.9,8496.5,1,0,72.6,1221.7
AWS,ap-southeast-1,t3.medium,2,4,9,648.7,680.7,17747.8,1,0,17.5,1857.22
AWS,us-east-1,t3.large,2,8,12,509.4,95.8,15484.2,1,1,34.9,1907.28
AWS,eu-west-2,m6i.large,2,8,18,441.9,3036.6,18332.5,0,1,46.7,2562.46
AWS,eu-west-2,m6i.4xlarge,16,64,19,635.3,2447.5,12664.9,1,1,76.0,11469.76
GCP,europe-west2,n2-standard-8,8,32,19,483.0,874.4,13969.5,0,1,67.4,5179.87
GCP,us-central1,e2-standard-2,2,8,1,533.8,2932.3,4609.8,0,0,41.9,639.42
Azure,eastus,D16s_v5,16,64,6,273.3,3836.1,16354.9,1,1,29.0,3022.23
GCP,us-central1,e2-standard-2,2,8,8,305.6,1319.6,8177.8,0,1,38.3,934.61
AWS,eu-west-2,m6i.2xlarge,8,32,9,723.9,289.2,11719.0,1,1,54.2,3824.35
AWS,ap-southeast-1,m6i.xlarge,4,16,17,324.9,3170.5,4431.4,0,0,41.3,1901.84
GCP,us-central1,n2-standard-16,16,64,3,211.6,3945.4,3577.9,1,1,38.7,1201.24
AWS,us-east-1,m6i.xlarge,4,16,19,427.5,3196.8,6235.8,0,1,34.8,2403.39
AWS,ap-southeast-1,t3.medium,2,4,17,358.8,1593.2,16845.2,1,1,52.8,1900.46
GCP,europe-west2,n2-standard-8,8,32,5,722.6,483.3,15601.3,1,0,53.9,2875.21
Azure,uksouth,D4s_v5,4,16,11,676.0,1899.3,131.6,1,0,66.0,1795.08
Azure,eastus,D2s_v5,2,8,11,351.5,314.6,8192.2,0,0,58.3,1100.44
GCP,europe-west2,e2-medium,2,4,17,344.4,3837.9,6506.2,0,0,82.8,1079.6
Azure,southeastasia,D4s_v5,4,16,10,368.5,1970.6,12798.3,0,0,43.6,2079.59
GCP,us-central1,n2-standard-16,16,64,4,419.1,3169.4,12131.8,0,1,39.2,2575.1
AWS,ap-southeast-1,t3.medium,2,4,15,676.5,3539.4,10221.1,0,0,30.5,1681.04
Azure,uksouth,D16s_v5,16,64,5,675.8,2173.5,16864.2,0,0,88.4,4486.25
GCP,us-central1,n2-standard-16,16,64,6,512.7,2452.1,12414.1,1,1,85.6,3729.96
Azure,uksouth,D2s_v5,2,8,3,222.1,664.2,16138.4,0,0,62.7,1419.26
AWS,eu-west-2,m6i.large,2,8,1,419.9,3958.9,11098.0,0,0,21.0,1369.6
Azure,uksouth,D4s_v5,4,16,13,737.2,634.8,9040.5,0,0,60.2,2882.1
Azure,eastus,B2ms,2,8,10,323.9,3237.7,14414.1,0,1,32.9,1727.39
GCP,europe-west2,n2-standard-4,4,16,4,262.1,1544.6,3728.7,1,1,83.8,725.82
AWS,eu-west-2,t3.large,2,8,19,479.4,2031.9,344.7,1,1,92.1,1092.81
GCP,asia-southeast1,n2-standard-2,2,8,10,733.9,3120.9,15402.2,0,0,57.3,2279.1
GCP,asia-southeast1,n2-standard-2,2,8,2,717.6,3952.3,11742.8,1,0,34.0,1569.5
Azure,southeastasia,D8s_v5,8,32,2,635.4,3837.2,1884.4,0,0,14.9,1027.31
GCP,europe-west2,e2-standard-2,2,8,6,458.3,565.1,5127.4,0,1,61.8,690.97
GCP,us-central1,e2-medium,2,4,16,593.9,3464.5,3154.3,0,0,51.4,847.49
GCP,us-central1,e2-medium,2,4,17,460.7,3719.6,16676.8,0,0,67.5,1912.48
GCP,asia-southeast1,n2-standard-16,16,64,2,640.2,1455.6,18485.7,1,1,74.6,2666.41
GCP,asia-southeast1,n2-standard-8,8,32,1,395.3,2592.6,18375.9,1,0,17.9,1865.85
GCP,asia-southeast1,e2-standard-2,2,8,3,744.0,387.2,13706.7,0,1,27.9,1314.52
AWS,eu-west-2,m6i.4xlarge,16,64,12,507.3,714.4,18482.9,1,0,87.8,6668.04
Azure,eastus,D4s_v5,4,16,4,314.6,2415.4,6743.3,0,1,28.9,1032.79
AWS,ap-southeast-1,t3.medium,2,4,10,388.4,437.8,7065.5,0,0,84.2,836.59
AWS,us-east-1,t3.medium,2,4,11,676.4,1063.1,11193.0,0,0,74.6,1392.78
AWS,ap-southeast-1,m6i.large,2,8,1,714.8,1841.4,19748.3,0,0,43.9,1904.9
Azure,eastus,D4s_v5,4,16,16,510.3,3988.6,4989.2,0,1,46.2,2350.5
Azure,uksouth,D4s_v5,4,16,4,212.0,178.6,14498.4,1,1,12.3,1442.69
AWS,ap-southeast-1,t3.large,2,8,1,713.6,2282.1,7880.5,0,1,68.2,995.17
Azure,eastus,D2s_v5,2,8,18,534.6,624.7,2521.1,0,0,24.6,1229.06
Azure,uksouth,D8s_v5,8,32,3,367.6,2960.7,12278.0,0,0,63.2,1778.73
GCP,europe-west2,n2-standard-8,8,32,3,612.1,1051.8,15191.8,1,1,71.5,2169.65
AWS,us-east-1,m6i.xlarge,4,16,2,431.9,3251.2,19935.3,0,1,38.0,2029.9
AWS,us-east-1,m6i.2xlarge,8,32,8,483.9,1676.1,7943.7,1,1,47.8,2434.41
AWS,eu-west-2,t3.large,2,8,14,411.8,2295.6,17700.8,1,1,82.9,2214.48
AWS,eu-west-2,m6i.4xlarge,16,64,6,513.8,3736.9,9413.3,0,1,22.8,3695.6
AWS,eu-west-2,t3.medium,2,4,4,435.8,1147.6,416.3,0,0,35.4,206.68
GCP,us-central1,e2-standard-2,2,8,1,707.3,3688.2,8130.9,1,0,52.7,1055.46
GCP,europe-west2,n2-standard-2,2,8,3,254.0,3127.4,12037.9,1,1,16.1,1403.12
GCP,asia-southeast1,n2-standard-16,16,64,8,615.8,1146.9,11713.3,1,1,48.9,5467.05
GCP,europe-west2,n2-standard-16,16,64,2,449.1,3495.6,15801.4,0,1,81.4,2351.39
AWS,us-east-1,m6i.xlarge,4,16,20,438.9,2524.2,16542.4,0,0,58.6,3188.22
GCP,europe-west2,e2-medium,2,4,4,287.2,2315.0,14417.6,1,1,37.1,1502.91
Azure,eastus,D16s_v5,16,64,17,360.8,3478.3,16104.5,1,1,49.4,6584.75
AWS,us-east-1,m6i.xlarge,4,16,17,454.2,3413.8,2164.0,0,0,70.9,1963.9
AWS,eu-west-2,m6i.2xlarge,8,32,13,460.3,3264.6,17190.9,0,0,27.2,4271.16
GCP,europe-west2,e2-standard-2,2,8,12,417.9,661.0,15227.2,0,1,22.0,1715.8
AWS,ap-southeast-1,m6i.4xlarge,16,64,15,279.9,3253.1,15761.9,0,0,36.7,5272.02
GCP,europe-west2,e2-medium,2,4,10,305.1,1621.5,9154.3,0,0,42.0,1028.07
AWS,ap-southeast-1,t3.medium,2,4,8,186.3,3402.3,19088.9,0,1,53.9,1997.66
GCP,asia-southeast1,e2-standard-2,2,8,18,237.8,3474.6,12347.0,1,1,9.1,1704.31
Azure,uksouth,D4s_v5,4,16,1,181.0,3176.8,9640.7,0,1,76.0,1139.27
AWS,us-east-1,m6i.xlarge,4,16,11,714.8,1992.5,17847.8,1,0,87.0,3208.36
AWS,eu-west-2,m6i.xlarge,4,16,8,637.1,1353.4,18743.2,1,1,74.5,2832.09
GCP,europe-west2,n2-standard-2,2,8,8,361.0,3922.2,11433.5,0,1,42.3,1626.58
AWS,eu-west-2,t3.medium,2,4,19,180.3,1823.2,14920.5,1,1,45.1,1656.4
AWS,ap-southeast-1,t3.medium,2,4,16,633.3,3355.5,4248.6,0,0,89.8,1137.48
GCP,europe-west2,n2-standard-2,2,8,16,739.3,1715.2,3302.0,0,0,18.1,1634.68
AWS,us-east-1,t3.medium,2,4,12,592.5,3127.0,3114.6,1,0,15.5,898.85
GCP,europe-west2,n2-standard-16,16,64,14,629.1,240.6,15548.9,0,1,83.5,8880.08
AWS,eu-west-2,t3.large,2,8,17,285.9,3962.0,655.3,0,1,41.7,844.14
AWS,us-east-1,t3.medium,2,4,14,184.5,2882.8,9069.2,1,0,64.9,1206.98
AWS,ap-southeast-1,m6i.4xlarge,16,64,9,455.9,2288.3,17149.0,0,0,70.4,5200.4
GCP,asia-southeast1,e2-standard-2,2,8,16,605.7,117.2,2549.5,1,1,86.5,1008.4
AWS,eu-west-2,t3.medium,2,4,3,420.5,987.6,16597.3,0,1,42.5,1572.21
Azure,uksouth,B2ms,2,8,6,381.7,854.6,13826.1,1,0,72.9,1461.14
Azure,eastus,D8s_v5,8,32,10,630.7,3740.9,7043.2,0,1,86.3,3454.61
AWS,us-east-1,t3.large,2,8,19,588.4,2974.3,6897.5,0,0,36.2,1737.89
AWS,eu-west-2,m6i.4xlarge,16,64,18,530.1,1852.3,17594.9,1,0,49.2,9540.93
GCP,asia-southeast1,e2-medium,2,4,5,301.1,3696.3,18706.9,0,1,21.8,1866.67
GCP,us-central1,n2-standard-2,2,8,19,301.3,1854.1,3095.9,0,0,6.7,957.98
GCP,europe-west2,n2-standard-4,4,16,10,685.0,556.6,1026.2,0,1,29.0,1569.22
Azure,southeastasia,D16s_v5,16,64,6,332.4,3247.7,18456.5,0,1,37.0,3535.69
Azure,uksouth,B2ms,2,8,2,401.3,2158.7,15197.2,1,1,77.5,1581.48
GCP,asia-southeast1,n2-standard-8,8,32,4,187.0,2230.4,12001.7,0,1,52.6,1545.08
AWS,ap-southeast-1,m6i.large,2,8,15,484.9,1509.9,15835.7,1,1,89.6,2306.64
GCP,us-central1,n2-standard-2,2,8,3,488.1,2357.9,11943.0,1,0,26.8,1391.73
AWS,us-east-1,m6i.4xlarge,16,64,12,500.3,827.3,12571.5,1,1,21.2,5876.36
GCP,us-central1,n2-standard-2,2,8,3,370.6,811.7,16322.0,0,1,12.5,1484.17
GCP,us-central1,n2-standard-2,2,8,5,405.5,3886.6,15844.9,1,1,7.4,1841.6
AWS,us-east-1,t3.medium,2,4,11,223.3,258.3,2363.2,0,1,92.3,344.81
AWS,eu-west-2,t3.large,2,8,13,472.1,1691.7,9726.5,1,1,7.5,1666.22
AWS,ap-southeast-1,m6i.xlarge,4,16,13,557.2,3765.4,9461.7,0,1,48.0,2749.79
AWS,us-east-1,m6i.2xlarge,8,32,20,467.5,293.1,4733.2,0,1,7.4,4115.87
GCP,us-central1,n2-standard-8,8,32,19,719.6,2571.6,3698.9,1,1,75.7,5826.77
Azure,southeastasia,B2ms,2,8,15,670.4,1728.1,8347.5,0,0,85.5,1824.76
AWS,eu-west-2,m6i.large,2,8,19,402.0,1311.8,5900.9,1,0,12.1,1512.87
GCP,us-central1,n2-standard-4,4,16,7,706.0,3270.5,6400.0,0,1,88.2,1790.81
AWS,us-east-1,t3.large,2,8,20,638.9,2852.1,15479.9,1,1,39.3,2729.65
Azure,southeastasia,B2ms,2,8,3,679.6,3516.0,3117.1,1,1,15.7,844.0
AWS,eu-west-2,t3.medium,2,4,15,586.8,1891.4,16864.3,0,0,78.4,1943.13
Azure,eastus,D4s_v5,4,16,6,352.3,1687.3,9255.2,1,1,22.9,1401.32
Azure,eastus,D16s_v5,16,64,14,711.8,3287.9,8044.4,0,0,30.8,8830.59
Azure,southeastasia,D16s_v5,16,64,15,653.4,329.2,18576.4,0,1,78.6,10444.86
Azure,eastus,D16s_v5,16,64,2,630.3,3157.6,9641.2,0,1,33.6,2073.07
Azure,eastus,D8s_v5,8,32,9,705.6,3310.5,11159.9,0,0,82.7,3662.85
AWS,ap-southeast-1,t3.large,2,8,10,287.6,351.2,5847.9,0,0,87.1,810.8
GCP,europe-west2,n2-standard-16,16,64,1,289.9,427.9,19518.0,1,0,33.6,1890.03
GCP,asia-southeast1,n2-standard-4,4,16,18,708.0,976.1,18225.4,1,0,6.4,4356.71
AWS,ap-southeast-1,m6i.large,2,8,16,654.4,1209.5,17063.0,1,1,5.1,2686.77
GCP,asia-southeast1,n2-standard-4,4,16,3,560.7,596.3,11707.7,1,0,30.7,1432.2
AWS,eu-west-2,m6i.large,2,8,2,739.3,1441.9,18926.5,0,0,7.5,1841.48
GCP,europe-west2,e2-medium,2,4,2,633.7,569.1,3531.7,0,0,56.0,377.45
AWS,us-east-1,m6i.large,2,8,3,211.5,1145.6,9074.5,1,0,66.1,1002.19
Azure,eastus,D16s_v5,16,64,1,221.9,21.7,18107.9,0,1,13.3,1694.46
AWS,ap-southeast-1,t3.medium,2,4,14,269.8,2098.7,2429.5,0,1,67.6,586.81
AWS,us-east-1,m6i.4xlarge,16,64,16,309.4,3374.4,3717.2,0,1,64.7,4459.54
Azure,uksouth,D16s_v5,16,64,2,374.3,1200.4,12661.3,1,1,30.9,1865.2
GCP,us-central1,n2-standard-2,2,8,4,584.3,114.6,18484.7,0,1,82.3,1685.26
Azure,uksouth,D2s_v5,2,8,17,554.0,576.0,10498.0,1,1,60.5,2017.46
AWS,ap-southeast-1,m6i.2xlarge,8,32,5,638.7,1037.7,1911.1,1,0,67.4,1726.93
AWS,ap-southeast-1,m6i.2xlarge,8,32,3,637.5,2635.5,17285.2,0,1,8.7,2600.53
GCP,us-central1,n2-standard-4,4,16,11,728.1,3042.7,15508.9,0,0,71.2,3039.38
Azure,uksouth,D4s_v5,4,16,11,273.3,905.1,5703.1,1,1,87.5,1304.1
Azure,uksouth,B2ms,2,8,17,216.3,3927.6,15295.8,0,1,62.1,1943.96
Azure,uksouth,D16s_v5,16,64,5,208.2,165.5,17498.4,1,0,23.0,2442.34
AWS,us-east-1,t3.large,2,8,6,456.5,3310.1,17510.7,1,1,80.3,2008.51
GCP,us-central1,n2-standard-16,16,64,7,625.6,1357.2,1388.6,0,0,63.7,3638.71
AWS,eu-west-2,t3.large,2,8,19,543.1,3157.9,9270.3,1,0,66.6,2073.67
AWS,eu-west-2,m6i.xlarge,4,16,1,332.5,3077.2,1446.9,0,0,83.0,455.94
GCP,us-central1,e2-standard-2,2,8,14,440.1,2715.3,6423.8,0,1,53.9,1173.51
Azure,uksouth,D2s_v5,2,8,5,306.7,1765.4,2354.9,0,1,80.4,520.91
AWS,ap-southeast-1,m6i.2xlarge,8,32,15,699.4,3483.5,14021.8,1,1,35.6,6122.35
GCP,asia-southeast1,e2-standard-2,2,8,16,558.8,1366.4,13563.8,0,1,84.1,1860.73
GCP,asia-southeast1,n2-standard-8,8,32,16,568.9,1139.4,8433.7,1,0,84.9,4727.02
AWS,us-east-1,m6i.large,2,8,2,338.6,1122.2,12773.4,1,0,43.6,1290.68
Azure,uksouth,B2ms,2,8,8,324.4,1895.9,14409.6,0,1,52.9,1585.71
Azure,eastus,D8s_v5,8,32,11,335.6,3502.1,11052.1,1,0,19.2,2694.17
AWS,ap-southeast-1,m6i.2xlarge,8,32,17,504.6,1098.9,8746.8,0,0,62.1,4573.07
AWS,ap-southeast-1,t3.medium,2,4,20,572.7,1103.2,9387.9,1,0,77.7,1477.17
Azure,uksouth,D16s_v5,16,64,5,602.1,3484.2,3329.8,1,1,59.6,3174.17
AWS,us-east-1,m6i.large,2,8,2,623.0,3426.2,15034.4,0,0,80.3,1655.17
AWS,eu-west-2,m6i.2xlarge,8,32,18,685.2,2751.9,8620.9,1,1,16.9,6106.5
Azure,uksouth,B2ms,2,8,1,676.7,2606.8,16873.3,1,1,31.1,1740.22
AWS,eu-west-2,m6i.xlarge,4,16,3,573.8,918.2,7063.4,1,1,16.6,1166.75
GCP,us-central1,e2-medium,2,4,18,188.3,3971.7,12828.8,0,1,83.1,1495.29
Azure,eastus,B2ms,2,8,16,635.2,163.8,2653.5,0,1,30.4,1103.35
Azure,eastus,B2ms,2,8,20,459.2,2566.5,9486.0,1,1,86.0,1842.64
AWS,ap-southeast-1,t3.large,2,8,13,650.4,2491.9,4521.3,1,0,70.5,1469.95
GCP,asia-southeast1,n2-standard-2,2,8,16,616.4,2426.4,19763.6,0,1,65.9,2772.56
AWS,ap-southeast-1,t3.medium,2,4,7,480.9,833.4,1756.6,0,1,73.0,401.49
Azure,southeastasia,D4s_v5,4,16,18,611.0,1728.7,19223.6,1,0,49.1,4322.86
GCP,us-central1,e2-standard-2,2,8,13,444.6,1071.0,7650.6,1,0,62.9,1187.84
GCP,asia-southeast1,e2-standard-2,2,8,17,587.5,2346.3,1209.3,1,0,72.9,1106.22
GCP,asia-southeast1,e2-standard-2,2,8,1,634.1,1767.7,13873.2,1,0,93.4,1391.46
AWS,ap-southeast-1,t3.large,2,8,10,334.0,1191.5,14632.8,1,1,83.7,1731.27
AWS,us-east-1,m6i.large,2,8,16,520.2,2075.5,15399.6,1,1,61.5,2282.03
GCP,europe-west2,n2-standard-4,4,16,4,606.0,1949.9,8583.2,1,0,9.7,1478.98
AWS,ap-southeast-1,m6i.4xlarge,16,64,5,719.3,1465.8,9785.1,1,1,36.7,4193.21
GCP,europe-west2,n2-standard-4,4,16,7,642.8,36.5,16532.0,1,0,90.3,2378.57
AWS,ap-southeast-1,m6i.4xlarge,16,64,1,476.8,3318.6,10900.3,1,1,12.3,1744.34
Azure,uksouth,D4s_v5,4,16,13,287.9,89.2,18442.4,0,0,75.1,2293.84
GCP,asia-southeast1,n2-standard-2,2,8,9,534.0,1025.0,11227.0,1,0,50.9,1555.14
AWS,eu-west-2,t3.medium,2,4,4,424.8,3466.5,15357.2,0,1,45.2,1690.96
AWS,us-east-1,m6i.large,2,8,13,505.4,41.0,2740.9,1,1,5.3,953.16
AWS,eu-west-2,t3.medium,2,4,5,292.5,2103.8,16281.9,1,1,53.9,1656.86
AWS,eu-west-2,m6i.xlarge,4,16,7,435.2,1557.5,16364.6,0,1,45.3,2125.55
Azure,uksouth,D2s_v5,2,8,11,610.2,1071.6,4581.9,1,0,32.6,1262.62
GCP,asia-southeast1,n2-standard-8,8,32,11,645.9,3008.3,1275.0,1,1,77.3,3463.21
GCP,europe-west2,e2-standard-2,2,8,9,425.3,241.5,17410.7,0,0,40.3,1665.12
GCP,europe-west2,n2-standard-16,16,64,7,411.0,606.6,14832.1,1,1,36.9,3729.81
AWS,eu-west-2,m6i.4xlarge,16,64,13,561.1,1706.3,9637.8,1,1,83.9,7015.59
AWS,eu-west-2,m6i.4xlarge,16,64,19,267.9,2952.9,14159.8,0,0,7.0,5458.67
GCP,europe-west2,n2-standard-2,2,8,16,208.7,769.8,18220.1,1,1,22.0,1937.85
Azure,southeastasia,D4s_v5,4,16,15,699.6,2257.0,5512.6,1,1,60.7,3092.33
Azure,eastus,B2ms,2,8,9,556.3,2306.8,13033.9,0,1,48.4,1690.15
Azure,uksouth,D4s_v5,4,16,15,276.8,1994.7,19181.3,0,1,89.2,2688.14
GCP,asia-southeast1,n2-standard-16,16,64,19,660.6,738.7,7883.6,0,0,28.8,11548.8
GCP,europe-west2,n2-standard-2,2,8,1,334.9,2116.9,9697.8,0,0,88.2,1035.14
AWS,eu-west-2,t3.medium,2,4,16,389.9,859.0,16733.2,0,1,45.2,1741.0
GCP,us-central1,n2-standard-2,2,8,12,382.1,3504.8,10567.3,1,0,86.5,1684.89
Azure,uksouth,D16s_v5,16,64,9,553.4,3271.1,19572.8,0,0,31.4,6256.29
AWS,ap-southeast-1,m6i.large,2,8,6,188.2,2047.5,7463.1,0,0,20.1,958.04
Azure,eastus,B2ms,2,8,18,727.2,127.4,6835.0,0,1,39.3,1651.49
GCP,asia-southeast1,n2-standard-2,2,8,13,472.4,3547.5,2162.3,0,1,8.3,1181.97
AWS,ap-southeast-1,m6i.4xlarge,16,64,2,407.0,919.6,13697.1,1,0,23.7,1972.42
Azure,uksouth,D2s_v5,2,8,19,679.0,1186.8,9661.4,0,0,62.4,2317.04
Azure,southeastasia,D16s_v5,16,64,4,282.5,1901.4,14577.8,0,1,65.0,2376.79
AWS,us-east-1,m6i.2xlarge,8,32,20,378.6,2875.6,11101.4,1,1,7.6,4214.06
GCP,asia-southeast1,e2-standard-2,2,8,1,461.8,3846.9,5692.8,0,1,5.6,865.03
AWS,eu-west-2,m6i.4xlarge,16,64,5,675.9,2702.2,13737.8,0,0,72.2,4193.92
Azure,southeastasia,D16s_v5,16,64,14,377.8,1878.1,8804.7,1,1,39.6,5740.2
AWS,ap-southeast-1,t3.large,2,8,17,606.6,1363.4,18902.6,0,0,7.6,2628.07
Azure,uksouth,D8s_v5,8,32,7,538.0,2719.9,15344.3,0,0,86.4,3118.46
AWS,us-east-1,m6i.xlarge,4,16,7,638.9,487.0,3175.2,0,1,46.5,1211.11
Azure,uksouth,D4s_v5,4,16,2,223.9,2100.0,3993.8,1,0,34.6,678.43
AWS,eu-west-2,m6i.xlarge,4,16,3,465.1,2534.7,8997.3,1,1,14.8,1414.06
AWS,eu-west-2,t3.large,2,8,4,306.0,676.0,16049.7,1,0,57.5,1597.43
Azure,uksouth,D8s_v5,8,32,6,395.7,2148.6,7171.5,1,0,70.9,1889.31
AWS,ap-southeast-1,m6i.large,2,8,5,235.1,709.4,18660.7,1,0,62.9,1804.7
Azure,eastus,B2ms,2,8,8,232.4,2848.4,7895.6,0,1,74.8,1072.14
GCP,europe-west2,n2-standard-2,2,8,13,370.1,1382.8,1369.3,0,1,5.1,748.31
Azure,southeastasia,D8s_v5,8,32,5,501.6,2731.0,8414.8,1,0,58.7,2105.13
AWS,ap-southeast-1,m6i.large,2,8,1,656.1,3521.7,11106.3,0,0,22.9,1335.95
AWS,eu-west-2,m6i.4xlarge,16,64,19,474.8,226.1,8111.2,1,1,54.0,8300.61
GCP,europe-west2,n2-standard-8,8,32,11,431.0,135.3,8097.2,0,1,87.5,2712.72
GCP,europe-west2,n2-standard-2,2,8,5,402.3,405.7,441.3,0,0,75.2,283.02
Azure,southeastasia,D16s_v5,16,64,1,212.8,774.1,7915.8,1,1,29.0,1003.63
Azure,southeastasia,D8s_v5,8,32,1,626.4,1585.6,102.7,0,1,70.2,433.54
AWS,us-east-1,t3.large,2,8,6,247.1,410.1,18912.8,0,1,66.9,1752.64
GCP,asia-southeast1,e2-medium,2,4,5,188.0,3300.0,14454.0,1,1,19.4,1543.37
GCP,europe-west2,n2-standard-2,2,8,3,620.4,1904.9,14127.2,0,1,31.3,1505.92
Azure,southeastasia,D2s_v5,2,8,15,542.1,1138.1,19342.0,0,1,19.6,2613.57
AWS,us-east-1,t3.medium,2,4,13,539.8,283.4,8869.7,1,1,27.2,1163.05
GCP,europe-west2,n2-standard-4,4,16,15,691.3,807.9,7707.8,0,1,39.1,3039.05
Azure,southeastasia,B2ms,2,8,15,409.5,2352.0,9011.1,0,1,80.8,1570.48
AWS,us-east-1,m6i.2xlarge,8,32,12,663.4,3098.4,3964.8,0,1,28.4,3699.59
Azure,uksouth,D2s_v5,2,8,20,711.1,1432.8,7984.3,1,0,81.5,2399.0
AWS,eu-west-2,m6i.large,2,8,10,298.3,2301.3,7441.8,1,1,11.6,1248.4
GCP,asia-southeast1,n2-standard-2,2,8,15,609.0,952.5,14690.6,1,1,40.5,2337.86
AWS,ap-southeast-1,m6i.2xlarge,8,32,18,653.9,1164.1,12238.4,1,1,63.4,6305.2
AWS,ap-southeast-1,t3.large,2,8,7,469.1,115.1,1803.4,1,1,35.0,541.41
AWS,us-east-1,m6i.2xlarge,8,32,14,366.1,578.8,18937.5,0,1,37.7,3629.4
AWS,ap-southeast-1,m6i.2xlarge,8,32,4,235.3,2912.8,14234.4,1,1,42.4,1967.45
Azure,southeastasia,D16s_v5,16,64,6,632.1,3012.4,13852.6,0,1,36.6,4888.93
Azure,eastus,D8s_v5,8,32,6,251.2,2936.2,11830.8,0,1,79.5,1755.9
GCP,europe-west2,n2-standard-4,4,16,8,608.7,2638.2,8702.9,1,0,41.7,2050.65
GCP,asia-southeast1,n2-standard-2,2,8,7,189.5,1920.0,5188.7,1,1,40.0,833.92
AWS,us-east-1,t3.large,2,8,13,349.4,1105.7,7212.2,0,1,72.2,1147.21
GCP,europe-west2,n2-standard-4,4,16,7,468.1,2595.7,18398.8,1,1,88.4,2460.31
AWS,us-east-1,m6i.4xlarge,16,64,13,309.3,1335.5,17159.1,0,1,16.9,4685.74
GCP,europe-west2,n2-standard-8,8,32,8,409.3,1409.1,5815.1,0,1,11.6,1978.82
AWS,us-east-1,m6i.large,2,8,5,639.9,957.7,9177.4,0,1,52.8,1238.45
Azure,uksouth,D2s_v5,2,8,9,653.1,3790.1,16419.7,1,0,52.4,2354.57
Azure,eastus,D4s_v5,4,16,9,647.7,1215.9,17791.1,0,1,16.0,2748.22
GCP,us-central1,e2-medium,2,4,9,202.1,957.5,5203.1,1,0,20.8,638.74
GCP,europe-west2,n2-standard-16,16,64,14,717.1,1569.4,15462.6,1,0,70.1,9948.11
Azure,uksouth,D16s_v5,16,64,4,399.9,2935.5,14511.3,1,0,75.1,2781.46
AWS,us-east-1,m6i.2xlarge,8,32,8,654.5,1273.6,19288.0,1,0,15.1,3850.32
GCP,europe-west2,e2-standard-2,2,8,7,672.2,1485.0,16199.6,0,1,35.9,1761.72
GCP,asia-southeast1,n2-standard-2,2,8,2,471.8,2169.4,8880.4,0,1,81.5,1074.6
GCP,asia-southeast1,e2-standard-2,2,8,17,287.4,3454.3,14891.9,0,1,54.9,1893.83
AWS,eu-west-2,m6i.4xlarge,16,64,13,604.5,711.4,3480.8,1,1,26.6,6856.09
GCP,europe-west2,n2-standard-2,2,8,9,627.3,1396.3,1676.5,0,1,27.6,886.93
GCP,us-central1,n2-standard-16,16,64,20,390.2,3838.6,5063.4,1,1,74.6,6805.74
GCP,europe-west2,e2-standard-2,2,8,11,464.7,485.7,14370.3,1,0,81.9,1585.71
GCP,asia-southeast1,e2-standard-2,2,8,7,504.6,525.3,6151.3,0,1,8.5,820.7
Azure,uksouth,B2ms,2,8,16,742.2,464.9,3083.5,0,1,87.6,1357.78
AWS,eu-west-2,t3.medium,2,4,11,337.0,1450.7,16519.1,1,0,79.5,1776.64
GCP,us-central1,n2-standard-2,2,8,4,587.9,72.1,17845.7,1,0,11.4,1744.11
AWS,us-east-1,m6i.4xlarge,16,64,14,257.4,756.2,223.4,0,1,61.9,2814.65
Azure,uksouth,B2ms,2,8,1,349.0,3828.7,15707.2,0,0,79.6,1667.94
AWS,eu-west-2,m6i.4xlarge,16,64,10,691.5,191.4,2157.4,0,1,44.4,5978.9
GCP,europe-west2,e2-standard-2,2,8,2,375.1,1278.6,14037.9,0,0,32.8,1299.63
AWS,eu-west-2,m6i.large,2,8,19,204.9,2726.5,6436.6,1,0,42.8,1275.35
GCP,asia-southeast1,n2-standard-16,16,64,16,334.9,2161.5,8755.3,0,1,40.2,5734.23
Azure,southeastasia,D2s_v5,2,8,18,189.8,3759.8,7164.4,1,0,39.9,1433.19
AWS,ap-southeast-1,t3.medium,2,4,2,470.7,2872.3,7848.7,0,1,9.1,1013.38
GCP,asia-southeast1,n2-standard-8,8,32,5,591.0,423.3,169.9,0,1,90.7,1315.06
GCP,us-central1,n2-standard-8,8,32,5,430.6,421.3,15512.9,1,0,53.7,2161.94
GCP,asia-southeast1,n2-standard-16,16,64,3,230.5,1427.7,10408.7,0,1,29.5,1575.59
AWS,us-east-1,t3.medium,2,4,8,382.7,1229.4,8434.7,0,0,67.8,970.58
Azure,southeastasia,B2ms,2,8,1,626.0,884.3,6313.3,0,0,19.7,671.19
AWS,us-east-1,t3.large,2,8,15,341.0,2908.1,7533.4,0,1,83.3,1344.06
GCP,europe-west2,n2-standard-4,4,16,12,321.0,1054.3,19828.4,0,1,23.4,2511.88
GCP,us-central1,e2-standard-2,2,8,11,652.4,398.8,17642.4,0,1,46.1,1941.13
GCP,asia-southeast1,e2-standard-2,2,8,5,592.6,2328.4,2243.5,0,1,19.1,610.72
GCP,us-central1,e2-medium,2,4,5,314.0,1290.7,8676.1,0,1,55.3,901.82
Azure,southeastasia,D16s_v5,16,64,8,713.0,3103.9,14816.0,1,1,81.0,6710.14
GCP,asia-southeast1,e2-medium,2,4,15,221.3,495.0,5.9,1,1,44.2,259.59
GCP,us-central1,n2-standard-4,4,16,12,493.2,920.2,10383.8,0,1,83.7,2107.63
GCP,europe-west2,n2-standard-2,2,8,14,568.4,3591.6,8818.0,0,0,76.1,1902.18
GCP,europe-west2,n2-standard-8,8,32,1,678.0,2922.7,19162.6,1,0,77.1,2073.99
GCP,asia-southeast1,n2-standard-8,8,32,5,564.1,2425.8,6673.4,1,0,17.8,2074.05
GCP,us-central1,n2-standard-2,2,8,13,728.1,2690.5,6097.6,1,1,31.4,1729.65
AWS,eu-west-2,m6i.xlarge,4,16,2,670.7,91.9,60.2,0,1,20.9,316.48
GCP,asia-southeast1,e2-standard-2,2,8,17,610.9,2689.8,956.3,0,1,13.8,1111.39
AWS,eu-west-2,m6i.large,2,8,2,322.4,1357.0,9275.8,1,0,22.8,1056.87
AWS,ap-southeast-1,m6i.xlarge,4,16,5,407.1,2502.0,13131.5,1,1,78.5,1907.63
GCP,europe-west2,n2-standard-8,8,32,6,659.4,1766.3,18876.8,0,0,31.3,3300.92
AWS,us-east-1,m6i.2xlarge,8,32,9,340.4,2687.7,15279.9,0,1,84.6,2676.86
GCP,asia-southeast1,n2-standard-8,8,32,16,331.0,3513.9,11991.0,0,1,19.2,3561.81
Azure,uksouth,B2ms,2,8,11,415.0,3552.7,260.4,1,1,20.1,781.65
GCP,asia-southeast1,n2-standard-2,2,8,13,294.0,1078.6,15374.8,1,0,57.5,1846.55
Azure,southeastasia,D2s_v5,2,8,1,732.6,3857.7,447.8,0,1,27.9,466.64
Azure,eastus,D4s_v5,4,16,3,184.6,2329.3,17216.0,0,0,11.0,1696.08
AWS,eu-west-2,t3.medium,2,4,9,447.2,2348.4,19507.3,0,0,43.9,2014.48
Azure,uksouth,D8s_v5,8,32,1,577.2,2439.4,6007.3,1,1,68.3,1040.72
AWS,us-east-1,m6i.xlarge,4,16,11,559.7,2776.6,3228.8,1,1,89.0,1762.46
Azure,uksouth,B2ms,2,8,9,304.4,3845.5,6624.3,0,0,42.3,1149.58
GCP,europe-west2,n2-standard-8,8,32,12,258.2,2823.9,11589.9,0,0,63.8,2595.92
Azure,eastus,D2s_v5,2,8,14,504.4,1213.6,2408.4,0,1,19.8,1023.91
AWS,ap-southeast-1,m6i.large,2,8,15,612.1,1414.4,12348.7,0,1,11.2,2186.16
AWS,ap-southeast-1,m6i.large,2,8,17,457.1,2147.6,19200.3,1,1,91.2,2726.14
Azure,eastus,B2ms,2,8,12,215.9,1066.6,1384.3,1,1,76.9,483.55
GCP,europe-west2,e2-medium,2,4,17,714.2,1220.1,1335.0,1,0,81.1,696.64
GCP,asia-southeast1,n2-standard-8,8,32,3,476.9,2680.3,6644.7,1,1,67.2,1473.84
AWS,us-east-1,t3.large,2,8,9,437.5,2659.6,17274.0,0,1,28.9,2015.07
Azure,uksouth,D4s_v5,4,16,12,365.6,2341.5,5371.4,1,0,41.0,1640.85
Azure,uksouth,D2s_v5,2,8,10,282.0,757.2,7075.3,1,1,6.0,1042.66
AWS,ap-southeast-1,m6i.xlarge,4,16,13,290.8,1523.6,14111.7,1,1,94.6,2261.52
AWS,eu-west-2,m6i.2xlarge,8,32,11,724.8,594.3,1347.5,0,1,55.5,3488.71
GCP,us-central1,n2-standard-8,8,32,7,547.1,2198.4,11197.2,1,1,68.9,2677.6
Azure,uksouth,B2ms,2,8,17,374.0,1352.4,15978.9,1,1,91.6,2055.15
GCP,us-central1,n2-standard-16,16,64,16,187.9,1470.3,10303.6,1,0,28.5,3400.48
GCP,asia-southeast1,n2-standard-16,16,64,7,437.0,1357.7,902.1,0,0,61.8,2851.85
Azure,southeastasia,D4s_v5,4,16,8,206.3,692.6,8511.0,1,1,54.1,1211.94
AWS,eu-west-2,t3.large,2,8,6,518.1,25.6,15238.2,0,1,85.1,1609.41
GCP,europe-west2,n2-standard-8,8,32,12,339.1,166.1,8747.6,1,1,49.4,2575.68
Azure,uksouth,B2ms,2,8,7,406.6,1892.2,9320.4,0,0,7.5,1211.8
AWS,us-east-1,m6i.xlarge,4,16,18,532.9,3934.7,14268.3,0,1,29.8,3428.66
AWS,eu-west-2,m6i.2xlarge,8,32,14,740.4,843.1,8568.0,0,0,78.5,5273.22
Azure,eastus,D2s_v5,2,8,20,381.9,482.9,2651.2,1,0,45.8,1051.2
Azure,uksouth,D8s_v5,8,32,3,266.4,2090.1,3702.6,0,1,59.4,838.06
GCP,us-central1,n2-standard-4,4,16,20,687.8,1190.4,2423.5,1,1,25.0,3045.76
Azure,southeastasia,D2s_v5,2,8,15,607.9,3346.3,7550.2,0,0,92.1,2027.34
AWS,eu-west-2,t3.medium,2,4,8,308.0,3971.6,5523.5,1,1,49.7,1040.96
Azure,southeastasia,D4s_v5,4,16,8,416.6,1465.3,11595.7,0,0,80.7,1868.82
GCP,europe-west2,n2-standard-16,16,64,17,478.1,2559.9,13491.2,1,1,67.3,8229.79
GCP,asia-southeast1,e2-standard-2,2,8,13,510.2,3353.7,464.1,1,0,14.5,899.48
AWS,eu-west-2,m6i.xlarge,4,16,15,194.6,2447.9,683.1,1,1,91.8,944.64
GCP,us-central1,e2-medium,2,4,19,500.8,2485.3,5358.1,1,1,63.0,1058.43
GCP,europe-west2,e2-standard-2,2,8,12,570.5,1946.2,11334.4,0,1,89.1,1580.95
Azure,uksouth,B2ms,2,8,4,661.3,472.1,17684.6,1,1,82.6,1782.78
GCP,us-central1,n2-standard-16,16,64,13,441.5,3738.4,15641.7,1,0,25.3,6331.2
GCP,asia-southeast1,n2-standard-4,4,16,8,550.4,3323.3,11124.2,0,1,37.0,2190.32
Azure,uksouth,D4s_v5,4,16,7,429.8,3096.1,10771.4,1,1,32.1,1902.2
AWS,us-east-1,m6i.2xlarge,8,32,10,339.4,3212.9,19469.0,1,0,22.2,3253.86
GCP,us-central1,n2-standard-2,2,8,20,635.9,934.2,5146.7,1,0,27.1,1792.74
GCP,europe-west2,e2-medium,2,4,3,410.2,1393.3,11998.6,1,1,50.5,1248.05
GCP,europe-west2,n2-standard-4,4,16,16,464.0,2046.7,4196.9,1,0,82.0,2179.73
AWS,eu-west-2,m6i.xlarge,4,16,8,565.9,765.2,19574.3,1,0,11.2,2728.64
Azure,southeastasia,D2s_v5,2,8,6,326.4,3978.8,9167.0,1,0,26.8,1447.34
AWS,us-east-1,m6i.xlarge,4,16,11,697.9,87.5,14503.5,1,1,68.3,2743.17
GCP,us-central1,n2-standard-2,2,8,12,294.1,45.1,14745.6,0,1,24.2,1547.72
Azure,eastus,B2ms,2,8,9,568.3,908.6,9666.5,0,0,86.1,1339.75
Azure,eastus,B2ms,2,8,2,374.6,2520.7,6662.8,0,1,17.9,833.99
AWS,ap-southeast-1,t3.medium,2,4,15,473.3,1215.3,18371.8,0,1,72.7,2009.85
AWS,eu-west-2,m6i.large,2,8,7,365.4,2192.3,8167.3,0,1,24.1,1246.84
AWS,ap-southeast-1,m6i.xlarge,4,16,14,373.0,84.1,16417.3,1,1,75.8,2653.15
AWS,ap-southeast-1,m6i.large,2,8,14,394.2,3290.4,3657.0,1,1,88.9,1325.57
Azure,eastus,D2s_v5,2,8,14,268.5,900.4,4100.9,0,1,84.2,798.66
GCP,us-central1,n2-standard-8,8,32,17,420.1,327.3,15980.1,1,0,72.7,4242.14
AWS,ap-southeast-1,m6i.2xlarge,8,32,9,410.8,2792.6,6321.3,0,1,64.7,2337.26
GCP,us-central1,e2-medium,2,4,2,725.8,3378.7,6074.3,1,0,24.9,855.23
AWS,ap-southeast-1,m6i.xlarge,4,16,18,340.5,265.2,6397.0,0,1,90.8,1956.35
AWS,eu-west-2,t3.large,2,8,5,479.3,1577.9,7647.1,0,1,24.4,1043.16
GCP,us-central1,e2-standard-2,2,8,3,741.8,2611.4,19694.5,0,1,83.5,1924.02
Azure,southeastasia,D16s_v5,16,64,3,714.5,2607.7,18579.2,1,0,26.1,3656.95
Azure,southeastasia,D16s_v5,16,64,9,558.2,3551.4,17417.5,1,1,87.7,6400.29
GCP,asia-southeast1,n2-standard-16,16,64,10,216.8,119.7,19068.3,0,0,24.8,3345.9
AWS,eu-west-2,m6i.4xlarge,16,64,6,342.8,1328.6,11012.6,1,1,55.1,2872.86
Azure,southeastasia,D16s_v5,16,64,13,208.7,2885.4,16033.6,0,0,55.5,3944.93
GCP,europe-west2,e2-standard-2,2,8,18,578.8,118.2,8268.7,0,0,35.9,1449.28
GCP,asia-southeast1,n2-standard-16,16,64,12,700.7,2694.4,5088.7,0,1,29.5,8091.32
Azure,uksouth,D8s_v5,8,32,5,479.5,3248.8,11349.8,1,1,71.2,2322.66
AWS,us-east-1,t3.medium,2,4,9,478.4,2201.3,6211.1,0,1,8.0,944.55
AWS,ap-southeast-1,m6i.large,2,8,8,444.5,3901.3,7415.2,1,0,43.7,1427.27
Azure,southeastasia,D2s_v5,2,8,20,313.9,611.3,8471.0,0,0,91.0,1450.35
GCP,asia-southeast1,n2-standard-8,8,32,14,297.8,1240.0,15742.5,1,1,42.1,3294.22
Azure,uksouth,B2ms,2,8,13,682.1,571.9,10935.1,1,1,32.8,1852.07
AWS,eu-west-2,m6i.xlarge,4,16,3,641.9,765.2,14867.6,0,1,36.0,1759.38
Azure,eastus,D4s_v5,4,16,2,340.1,987.6,18003.5,0,0,71.2,1725.35
GCP,europe-west2,n2-standard-8,8,32,20,699.2,3192.1,1288.4,0,1,27.9,6271.6
AWS,us-east-1,t3.medium,2,4,14,269.8,1271.8,14322.4,1,0,46.0,1584.74
AWS,us-east-1,m6i.large,2,8,6,691.8,776.5,13262.0,0,1,57.0,1577.54
AWS,ap-southeast-1,t3.medium,2,4,11,701.0,210.3,18384.2,0,1,43.8,1997.73
Azure,southeastasia,D16s_v5,16,64,9,368.4,3195.8,8200.1,0,0,92.6,3989.05
AWS,eu-west-2,m6i.xlarge,4,16,19,498.2,3618.5,2358.8,0,0,75.8,2475.26
GCP,europe-west2,n2-standard-4,4,16,18,266.2,2831.0,19131.6,0,1,27.0,2774.29
AWS,eu-west-2,t3.medium,2,4,3,658.3,794.1,2591.0,0,1,41.9,400.43
AWS,us-east-1,m6i.large,2,8,20,450.8,2680.3,4382.9,1,0,8.2,1543.63
AWS,us-east-1,t3.medium,2,4,6,240.0,177.3,19747.6,0,1,27.9,1732.59
GCP,asia-southeast1,e2-medium,2,4,2,728.5,104.0,2740.4,0,1,10.7,303.21
Azure,eastus,D4s_v5,4,16,2,652.4,3510.2,12737.8,1,0,61.8,1634.73
Azure,uksouth,D4s_v5,4,16,2,343.6,2424.7,16161.1,0,0,40.6,1694.26
AWS,us-east-1,m6i.xlarge,4,16,6,546.2,753.2,8429.0,0,0,49.7,1446.11
Azure,uksouth,D8s_v5,8,32,14,218.6,3627.9,9828.6,1,0,11.7,2516.78
GCP,asia-southeast1,n2-standard-16,16,64,5,272.9,2143.5,14393.8,0,0,87.6,2536.23
Azure,southeastasia,D4s_v5,4,16,7,649.5,1184.7,3486.6,0,0,79.1,1427.17
Azure,uksouth,D16s_v5,16,64,17,578.8,2668.2,931.5,0,1,13.3,8790.53
GCP,us-central1,n2-standard-4,4,16,17,434.0,2805.9,2955.9,0,1,55.3,1922.03
Azure,eastus,D16s_v5,16,64,11,497.6,2983.2,16129.4,1,0,36.9,5953.34
AWS,us-east-1,t3.medium,2,4,3,358.7,3378.1,11223.1,0,1,60.3,1297.54
GCP,europe-west2,n2-standard-16,16,64,10,395.9,2729.5,14908.9,1,1,42.8,5068.66
GCP,asia-southeast1,n2-standard-4,4,16,19,646.4,3925.5,7562.2,0,0,18.4,3581.0
Azure,eastus,B2ms,2,8,10,580.0,2816.4,17719.3,0,0,33.9,2158.42
Azure,uksouth,D2s_v5,2,8,5,664.4,512.7,6728.2,0,0,73.0,1004.29
GCP,europe-west2,n2-standard-16,16,64,6,476.1,1601.3,17712.6,0,1,49.9,4004.06
AWS,eu-west-2,m6i.4xlarge,16,64,20,462.0,1873.3,6208.1,0,1,49.3,8534.28
GCP,europe-west2,e2-standard-2,2,8,10,499.7,2739.5,2860.0,1,0,86.7,901.83
AWS,us-east-1,m6i.2xlarge,8,32,7,263.4,3917.6,16564.4,1,1,93.0,2490.08
GCP,europe-west2,e2-standard-2,2,8,11,313.2,2410.7,16800.6,0,1,58.6,1797.46
AWS,us-east-1,t3.large,2,8,8,533.6,58.0,19011.1,1,1,12.8,2067.69
GCP,asia-southeast1,n2-standard-16,16,64,7,348.0,3176.9,12918.4,1,0,70.1,3498.62
Azure,southeastasia,B2ms,2,8,4,213.0,134.6,6411.0,0,1,55.9,653.14
Azure,southeastasia,D2s_v5,2,8,16,559.3,2653.7,14606.0,0,1,32.6,2389.68
GCP,europe-west2,n2-standard-16,16,64,7,247.1,1087.7,15744.1,1,1,19.5,2889.64
AWS,us-east-1,t3.medium,2,4,16,217.6,1154.4,19616.9,0,0,62.7,1853.88
Azure,uksouth,D16s_v5,16,64,10,310.1,951.3,12157.4,1,1,56.6,3841.78
AWS,us-east-1,t3.large,2,8,13,195.2,2825.6,16997.8,0,0,41.0,1882.72
GCP,europe-west2,e2-standard-2,2,8,17,668.2,1352.2,6302.0,0,1,62.8,1518.18
GCP,asia-southeast1,n2-standard-2,2,8,20,286.9,2901.3,11001.3,0,0,76.4,1757.26
AWS,eu-west-2,m6i.2xlarge,8,32,11,540.1,3518.3,15987.3,1,1,34.0,4159.47
AWS,ap-southeast-1,t3.medium,2,4,10,204.7,2975.1,893.9,1,1,50.3,514.22
GCP,asia-southeast1,e2-medium,2,4,8,573.6,3805.3,5150.0,1,1,69.9,1008.82
AWS,ap-southeast-1,m6i.xlarge,4,16,19,517.5,3220.5,8694.0,0,1,53.5,3203.55
AWS,us-east-1,m6i.4xlarge,16,64,17,584.0,2991.2,4763.3,1,1,63.2,8379.76
AWS,ap-southeast-1,m6i.4xlarge,16,64,20,722.0,136.1,14501.2,1,1,26.6,13963.53
Azure,southeastasia,D16s_v5,16,64,20,332.3,1805.8,10436.4,1,0,89.1,7165.86
GCP,europe-west2,e2-medium,2,4,18,561.5,2375.1,16381.0,0,1,29.7,1936.41
Azure,eastus,D4s_v5,4,16,4,450.7,1553.5,4791.6,1,0,58.2,939.96
AWS,eu-west-2,t3.medium,2,4,17,645.4,461.3,11345.7,1,1,69.6,1607.02
GCP,europe-west2,n2-standard-2,2,8,15,481.2,457.2,16351.3,0,1,74.3,2110.36
Azure,southeastasia,B2ms,2,8,12,463.0,177.8,4994.1,1,0,68.5,1037.48
AWS,us-east-1,t3.large,2,8,10,293.3,1228.6,13685.6,1,0,7.1,1521.71
GCP,asia-southeast1,e2-standard-2,2,8,8,264.6,1522.4,19456.8,0,1,89.7,1830.03
AWS,us-east-1,t3.medium,2,4,18,646.1,629.0,3579.7,0,0,30.7,854.68
GCP,asia-southeast1,e2-standard-2,2,8,5,458.8,1351.8,12452.5,0,1,18.0,1317.9
AWS,ap-southeast-1,t3.large,2,8,11,623.1,3898.8,16495.7,0,0,25.6,2483.7
AWS,us-east-1,m6i.2xlarge,8,32,4,228.1,1219.3,7255.5,0,1,5.3,1118.06
GCP,europe-west2,n2-standard-16,16,64,5,322.3,514.1,18130.9,1,0,28.8,2920.0
AWS,ap-southeast-1,t3.large,2,8,1,452.6,1489.5,6691.7,0,0,28.0,769.41
AWS,us-east-1,t3.medium,2,4,20,420.5,778.8,5456.4,1,0,32.5,949.88
GCP,asia-southeast1,n2-standard-8,8,32,17,300.3,394.7,13367.9,1,0,55.6,3316.28
Azure,uksouth,D4s_v5,4,16,14,480.5,2295.1,15433.6,0,0,11.2,2875.04
AWS,eu-west-2,m6i.large,2,8,4,651.8,1988.6,2094.3,1,0,80.1,706.83
AWS,eu-west-2,m6i.2xlarge,8,32,4,310.9,2598.4,5218.8,0,0,39.7,1192.25
GCP,asia-southeast1,e2-standard-2,2,8,7,267.8,956.0,5433.8,1,0,71.6,751.66
AWS,ap-southeast-1,t3.large,2,8,15,229.1,1852.6,18169.5,1,1,90.2,2078.27
AWS,us-east-1,m6i.4xlarge,16,64,17,676.0,701.3,13985.5,0,1,8.9,10301.09
GCP,asia-southeast1,n2-standard-16,16,64,4,682.9,1281.5,12434.9,1,0,54.9,3468.79
GCP,europe-west2,n2-standard-16,16,64,6,226.2,270.0,16293.2,1,0,28.9,2539.3
GCP,us-central1,n2-standard-16,16,64,11,485.8,1481.1,8702.2,0,1,55.7,5007.05
AWS,ap-southeast-1,t3.medium,2,4,2,377.5,378.0,138.7,1,0,12.6,142.19
AWS,ap-southeast-1,m6i.xlarge,4,16,4,503.3,60.8,2183.9,0,1,7.4,654.37
GCP,europe-west2,n2-standard-2,2,8,19,489.3,2829.6,15602.4,0,1,79.9,2502.27
GCP,us-central1,e2-medium,2,4,6,382.2,348.7,1265.5,0,0,14.5,204.37
AWS,eu-west-2,m6i.large,2,8,17,406.6,3040.0,10846.7,0,1,36.7,1917.17
Azure,eastus,B2ms,2,8,16,398.0,2704.9,10191.8,0,0,7.8,1619.18
Azure,eastus,D8s_v5,8,32,17,332.9,1948.4,6163.0,0,1,40.6,2917.47
Azure,uksouth,D4s_v5,4,16,18,533.1,3181.9,6756.8,0,0,50.9,2959.59
Azure,eastus,D16s_v5,16,64,11,542.9,3178.5,2731.7,1,0,70.9,5309.23
GCP,us-central1,n2-standard-16,16,64,14,185.5,1597.9,11097.1,1,0,90.9,3095.7
AWS,eu-west-2,t3.medium,2,4,11,463.9,639.6,17088.3,0,0,24.8,1733.7
AWS,ap-southeast-1,m6i.4xlarge,16,64,16,221.6,2509.9,14086.9,1,1,76.0,4515.41
Azure,uksouth,B2ms,2,8,10,626.7,1291.2,14064.7,0,0,74.8,1809.64
GCP,us-central1,e2-standard-2,2,8,12,198.5,2722.6,9518.3,1,0,48.5,1268.9
GCP,europe-west2,e2-standard-2,2,8,5,181.3,539.3,5392.2,0,1,15.6,590.64
GCP,us-central1,n2-standard-4,4,16,10,674.4,2617.4,6396.0,0,1,5.7,2070.0
GCP,asia-southeast1,n2-standard-8,8,32,19,338.6,3252.0,871.2,1,0,94.5,3224.17
AWS,us-east-1,m6i.xlarge,4,16,18,478.6,1635.7,3889.4,0,1,28.9,2174.87
GCP,europe-west2,e2-medium,2,4,3,482.4,1378.5,12157.0,1,1,83.5,1250.74
GCP,us-central1,n2-standard-4,4,16,17,517.2,3134.4,13001.2,0,1,92.5,2956.2
GCP,europe-west2,e2-medium,2,4,6,469.0,40.7,8849.0,1,0,73.2,948.73
GCP,europe-west2,n2-standard-2,2,8,17,646.7,2038.2,9929.3,1,1,37.4,2284.53
Azure,uksouth,D8s_v5,8,32,17,740.0,1721.2,9064.1,0,1,53.6,6193.9
AWS,us-east-1,m6i.xlarge,4,16,19,380.9,2319.2,5408.3,1,1,77.8,2121.33
AWS,ap-southeast-1,m6i.xlarge,4,16,19,643.4,566.4,1955.0,0,1,71.0,2900.09
Azure,southeastasia,D2s_v5,2,8,20,505.9,3459.6,10469.0,0,0,76.1,2296.16
AWS,eu-west-2,m6i.4xlarge,16,64,8,385.0,3217.9,11594.2,0,1,23.1,3876.19
AWS,ap-southeast-1,m6i.2xlarge,8,32,18,333.4,540.5,9623.6,1,0,17.2,3451.98
Azure,southeastasia,B2ms,2,8,2,203.4,3260.3,18117.6,0,0,12.8,1784.83
AWS,eu-west-2,m6i.xlarge,4,16,16,527.3,1412.5,5296.0,1,1,49.5,2381.93
AWS,us-east-1,t3.medium,2,4,1,512.8,2109.5,457.9,1,1,49.5,290.37
AWS,us-east-1,t3.medium,2,4,18,651.7,3235.3,3615.0,0,0,20.5,1064.07
Azure,uksouth,D4s_v5,4,16,1,277.2,3259.5,16279.8,0,1,77.6,1673.52
AWS,us-east-1,m6i.large,2,8,10,660.1,2865.1,12491.7,0,1,39.6,1946.36
AWS,us-east-1,t3.medium,2,4,19,469.4,505.8,19570.3,1,1,15.8,2105.94
AWS,eu-west-2,m6i.4xlarge,16,64,2,312.1,664.7,10560.2,1,1,24.6,1655.38
AWS,us-east-1,m6i.2xlarge,8,32,20,380.5,2798.6,17310.9,1,0,49.9,4588.78
GCP,europe-west2,n2-standard-16,16,64,1,621.2,2934.7,1915.8,0,0,83.4,929.91
AWS,eu-west-2,t3.large,2,8,4,375.8,618.4,16438.6,0,0,10.7,1585.71
GCP,asia-southeast1,n2-standard-8,8,32,9,677.3,1765.0,6268.1,1,1,8.8,3357.05
AWS,us-east-1,m6i.large,2,8,7,210.5,466.6,13305.7,0,1,75.0,1302.97
AWS,ap-southeast-1,m6i.large,2,8,20,527.4,3911.2,5996.1,0,1,19.0,2104.83
GCP,asia-southeast1,n2-standard-8,8,32,17,667.1,3689.1,14898.2,0,0,23.9,6479.94
GCP,europe-west2,n2-standard-16,16,64,13,563.5,3265.4,535.1,0,0,90.8,6564.58
AWS,ap-southeast-1,m6i.2xlarge,8,32,13,612.3,2075.3,3118.2,1,1,49.5,3960.17
AWS,eu-west-2,t3.large,2,8,1,202.0,562.6,15222.8,0,0,72.1,1346.62
GCP,us-central1,n2-standard-2,2,8,19,543.5,1291.0,282.2,0,1,18.2,1143.89
AWS,ap-southeast-1,t3.medium,2,4,8,624.1,3610.2,13767.0,1,0,63.8,1790.42
AWS,us-east-1,m6i.large,2,8,13,257.0,2836.4,18059.9,0,0,44.4,1999.93
GCP,asia-southeast1,e2-medium,2,4,3,694.7,3643.5,7028.3,0,1,7.7,973.68
GCP,asia-southeast1,e2-medium,2,4,10,212.6,656.8,19008.8,0,0,23.6,1661.81
GCP,asia-southeast1,n2-standard-2,2,8,12,439.3,3968.7,6330.6,0,0,13.0,1458.52
Azure,southeastasia,D2s_v5,2,8,10,278.7,1733.6,9213.4,0,0,73.9,1253.66
GCP,asia-southeast1,n2-standard-8,8,32,16,195.8,484.0,4360.2,1,1,35.7,1853.49
GCP,us-central1,e2-standard-2,2,8,10,299.7,3883.5,10277.6,1,1,65.8,1395.86
GCP,europe-west2,n2-standard-8,8,32,19,564.3,3449.9,14853.8,0,1,48.5,5972.93
AWS,us-east-1,m6i.2xlarge,8,32,11,400.6,2489.3,7849.1,0,1,86.2,2643.86
GCP,asia-southeast1,n2-standard-16,16,64,3,397.4,3234.4,18551.3,0,0,44.3,2795.78
Azure,eastus,D2s_v5,2,8,18,610.0,3344.1,14602.7,0,0,42.6,2537.86
Azure,eastus,D16s_v5,16,64,18,464.9,1425.7,2944.6,1,0,38.3,7201.28
Azure,southeastasia,B2ms,2,8,7,386.6,952.5,5726.3,0,0,91.3,854.92
Azure,eastus,B2ms,2,8,9,525.9,85.2,4107.1,0,1,54.0,764.24
AWS,ap-southeast-1,m6i.large,2,8,17,401.6,1130.0,10776.1,1,1,45.7,1855.32
AWS,us-east-1,m6i.xlarge,4,16,15,640.3,608.6,11278.0,0,1,70.8,2920.47
Azure,southeastasia,B2ms,2,8,19,180.2,1193.0,19528.7,0,1,76.2,2019.48
Azure,uksouth,D16s_v5,16,64,19,325.8,3773.6,3222.1,1,1,14.5,5928.74
GCP,us-central1,e2-medium,2,4,8,206.0,597.9,753.2,1,1,71.9,235.5
Azure,eastus,D4s_v5,4,16,6,599.4,2718.0,19768.5,1,1,8.4,2598.69
AWS,us-east-1,m6i.4xlarge,16,64,20,501.5,3201.5,19701.6,0,1,83.8,9536.01
GCP,us-central1,e2-medium,2,4,8,696.5,3142.5,8038.5,0,1,66.6,1134.63
GCP,us-central1,n2-standard-4,4,16,4,356.8,3503.2,19795.4,1,1,11.4,2182.42
AWS,eu-west-2,t3.large,2,8,7,205.5,342.6,18292.5,0,1,23.7,1670.7
Azure,uksouth,D16s_v5,16,64,2,208.1,2885.5,5275.1,1,1,33.8,1125.22
Azure,southeastasia,D8s_v5,8,32,17,626.3,1070.5,3739.0,1,0,42.0,5294.92
AWS,ap-southeast-1,m6i.large,2,8,3,520.3,71.7,4676.6,0,1,39.0,611.37
AWS,ap-southeast-1,m6i.4xlarge,16,64,7,263.6,319.2,7527.2,1,1,35.8,2372.8
GCP,us-central1,n2-standard-16,16,64,11,185.2,1206.0,5287.3,1,0,27.6,2159.71
GCP,asia-southeast1,n2-standard-8,8,32,10,283.8,3009.8,13143.5,0,0,67.5,2573.09
Azure,eastus,D2s_v5,2,8,10,247.0,2206.6,18335.7,1,0,53.5,1936.47
GCP,asia-southeast1,n2-standard-8,8,32,8,432.8,2008.9,2947.4,1,0,84.2,2001.34
AWS,ap-southeast-1,t3.medium,2,4,17,656.5,147.5,15419.1,0,1,41.9,1833.16
Azure,southeastasia,D4s_v5,4,16,12,447.2,3162.4,9321.2,0,0,89.3,2350.42
AWS,ap-southeast-1,m6i.xlarge,4,16,7,732.3,2776.2,4761.7,1,0,25.0,1810.13
Azure,uksouth,D2s_v5,2,8,6,414.8,3201.5,545.2,0,1,82.7,576.67
GCP,europe-west2,n2-standard-8,8,32,17,588.2,3513.8,10337.2,0,1,53.0,5370.5
Azure,uksouth,D16s_v5,16,64,9,484.5,1827.0,11919.5,0,1,50.4,4913.47
GCP,europe-west2,n2-standard-4,4,16,16,629.2,1185.9,5190.9,0,0,6.0,2616.6
Azure,eastus,B2ms,2,8,7,261.0,3117.4,13228.1,0,0,47.9,1461.62
GCP,us-central1,n2-standard-4,4,16,15,656.3,2082.1,2153.0,0,1,91.6,2270.2
GCP,europe-west2,n2-standard-16,16,64,3,561.6,2350.5,6517.9,1,1,57.8,2237.21
Azure,uksouth,D2s_v5,2,8,5,396.7,3764.9,16968.0,1,0,46.6,1993.59
GCP,europe-west2,n2-standard-8,8,32,2,331.0,904.0,19210.9,0,0,71.6,1888.23
GCP,europe-west2,n2-standard-4,4,16,2,605.1,1010.7,2648.1,0,1,7.8,570.0
GCP,asia-southeast1,n2-standard-4,4,16,9,246.8,1593.9,14686.0,0,1,34.6,1847.36
GCP,asia-southeast1,n2-standard-16,16,64,1,607.6,1116.1,16566.9,0,0,74.1,1969.24
AWS,us-east-1,m6i.xlarge,4,16,13,618.3,3399.2,7642.1,0,1,12.4,2556.69
Azure,eastus,D2s_v5,2,8,19,486.8,1935.8,14866.7,1,1,14.0,2351.71
Azure,southeastasia,D8s_v5,8,32,17,701.7,800.3,10057.0,1,1,60.4,6334.54
AWS,ap-southeast-1,m6i.2xlarge,8,32,14,653.3,256.9,18772.3,1,0,62.4,5527.17
Azure,uksouth,B2ms,2,8,6,630.4,917.3,16524.3,1,0,29.3,1783.18
AWS,ap-southeast-1,m6i.4xlarge,16,64,17,302.1,321.5,11024.9,0,0,29.5,5533.0
AWS,ap-southeast-1,m6i.4xlarge,16,64,11,184.3,367.1,19954.7,0,0,86.1,3449.04
Azure,southeastasia,B2ms,2,8,16,549.2,3395.9,15558.1,0,1,86.8,2396.37
AWS,eu-west-2,m6i.xlarge,4,16,10,355.5,1494.8,19493.5,0,0,84.9,2505.09
GCP,us-central1,e2-standard-2,2,8,6,658.0,2017.5,11287.0,0,1,9.1,1434.32
Azure,southeastasia,D2s_v5,2,8,20,287.4,1638.4,15366.5,1,0,68.2,2090.96
AWS,eu-west-2,t3.medium,2,4,13,678.3,867.0,2701.7,1,0,86.0,751.55
Azure,southeastasia,D16s_v5,16,64,13,342.7,1037.2,13333.4,0,1,52.4,5177.01
AWS,us-east-1,m6i.2xlarge,8,32,7,537.6,2995.1,16268.1,1,0,32.2,3063.04
AWS,ap-southeast-1,t3.large,2,8,20,705.8,462.1,5769.5,0,0,50.4,1874.55
GCP,asia-southeast1,n2-standard-4,4,16,11,197.6,1140.0,13137.2,1,0,60.9,1687.99
GCP,europe-west2,e2-standard-2,2,8,10,492.0,3557.8,8248.8,0,0,16.2,1351.13
GCP,us-central1,n2-standard-2,2,8,19,418.0,1102.7,19946.8,1,0,75.9,2485.7
GCP,europe-west2,n2-standard-16,16,64,5,654.3,3214.9,4747.6,1,1,15.3,3551.41
Azure,uksouth,D8s_v5,8,32,19,353.8,3697.6,16017.4,0,0,34.2,4459.33
GCP,us-central1,n2-standard-8,8,32,13,491.3,508.8,14747.1,0,1,57.3,3720.99
AWS,ap-southeast-1,t3.medium,2,4,5,281.9,3808.7,15463.8,0,0,63.5,1721.5
Azure,eastus,D16s_v5,16,64,7,328.4,3496.4,4721.1,0,1,71.9,2492.13
AWS,us-east-1,m6i.4xlarge,16,64,9,205.0,2652.5,2583.7,1,0,14.3,1909.28
Azure,uksouth,B2ms,2,8,11,695.3,1119.0,8018.7,0,0,36.4,1460.28
GCP,asia-southeast1,e2-standard-2,2,8,13,351.0,492.1,13650.3,1,1,56.5,1583.19
AWS,us-east-1,m6i.xlarge,4,16,5,675.5,3093.6,6351.9,1,0,63.8,1497.85
AWS,ap-southeast-1,m6i.2xlarge,8,32,2,239.2,1191.9,16840.2,0,1,69.3,1709.73
GCP,asia-southeast1,n2-standard-16,16,64,5,326.0,3826.0,5531.7,1,1,52.9,2242.55
Azure,uksouth,D4s_v5,4,16,12,712.2,2029.8,19307.0,0,0,59.7,3547.08
Azure,uksouth,D16s_v5,16,64,12,701.8,2018.7,18155.0,1,1,73.9,8897.13
GCP,asia-southeast1,e2-standard-2,2,8,9,675.5,2076.0,255.8,0,1,48.3,668.4
AWS,us-east-1,m6i.xlarge,4,16,13,244.0,3035.7,12748.9,1,0,23.1,2023.92
AWS,ap-southeast-1,m6i.large,2,8,16,610.7,1292.4,16785.4,0,1,63.7,2682.32
AWS,eu-west-2,m6i.xlarge,4,16,3,291.2,2763.8,3311.5,1,1,11.9,799.1
AWS,us-east-1,t3.large,2,8,11,257.4,999.1,489.0,0,1,69.2,368.82
GCP,europe-west2,n2-standard-16,16,64,4,360.6,1313.0,6654.1,0,1,29.3,1948.32
Azure,southeastasia,D16s_v5,16,64,19,444.1,2169.4,1057.2,0,0,48.1,7791.44
AWS,eu-west-2,t3.medium,2,4,6,225.6,2037.1,692.8,0,1,86.3,298.97
Azure,southeastasia,D2s_v5,2,8,10,383.2,2075.1,6760.6,1,1,36.1,1254.86
GCP,us-central1,n2-standard-16,16,64,7,665.8,2672.0,613.7,0,0,37.9,3908.2
Azure,eastus,D2s_v5,2,8,7,418.6,299.3,4753.7,0,1,27.3,751.57
GCP,us-central1,n2-standard-4,4,16,15,292.4,1200.4,10451.2,1,0,84.0,1898.67
Azure,uksouth,B2ms,2,8,16,518.2,3384.9,5539.3,0,1,5.9,1553.09
Azure,uksouth,D4s_v5,4,16,13,674.5,1550.4,3582.4,0,1,28.5,2358.95
Azure,southeastasia,B2ms,2,8,20,605.7,514.1,6251.1,0,1,71.6,1784.6
Azure,southeastasia,D8s_v5,8,32,17,707.1,1641.6,14524.7,1,1,32.9,6862.2
Azure,southeastasia,B2ms,2,8,9,277.3,3835.2,16171.8,0,1,28.3,1921.08
Azure,eastus,D8s_v5,8,32,10,637.6,765.9,90.9,1,1,6.7,2662.74
GCP,us-central1,e2-medium,2,4,3,240.8,2856.2,19989.9,1,1,31.7,1880.95
GCP,europe-west2,n2-standard-8,8,32,10,488.2,3750.7,697.1,1,1,48.9,2538.75
Azure,uksouth,D4s_v5,4,16,18,562.3,3730.3,18816.0,0,0,71.3,3817.19
Azure,uksouth,D16s_v5,16,64,15,610.9,2843.5,4437.4,0,1,61.2,8308.34
AWS,us-east-1,m6i.2xlarge,8,32,11,273.4,2795.9,4944.8,1,1,60.8,1930.86
GCP,europe-west2,e2-standard-2,2,8,8,435.5,3580.1,9854.3,1,0,36.8,1428.88
AWS,eu-west-2,t3.medium,2,4,6,643.7,1985.6,16842.6,1,0,15.2,1838.49
GCP,us-central1,n2-standard-8,8,32,5,550.0,1923.3,15577.9,0,1,74.6,2493.8
AWS,us-east-1,m6i.large,2,8,12,302.1,1703.9,16343.2,0,0,68.0,1842.93
AWS,eu-west-2,m6i.xlarge,4,16,7,573.5,662.3,19551.5,1,1,80.9,2617.01
AWS,eu-west-2,m6i.xlarge,4,16,1,489.1,3877.6,5350.0,1,1,55.2,980.98
AWS,eu-west-2,m6i.2xlarge,8,32,9,703.9,2686.7,13651.9,0,1,33.3,4048.18
AWS,ap-southeast-1,m6i.xlarge,4,16,4,254.7,1502.0,2609.5,1,1,76.1,653.2
AWS,ap-southeast-1,m6i.4xlarge,16,64,17,742.3,2077.4,9517.7,0,1,41.7,12209.67
AWS,ap-southeast-1,m6i.large,2,8,20,665.9,2019.6,16729.1,1,1,45.5,3141.09
AWS,ap-southeast-1,m6i.2xlarge,8,32,4,691.6,2548.2,7524.4,0,1,81.8,2099.48
AWS,us-east-1,t3.medium,2,4,17,577.0,372.1,2940.0,0,1,83.1,693.9
GCP,europe-west2,n2-standard-2,2,8,1,251.7,1053.8,17199.7,0,0,41.5,1529.57
GCP,us-central1,n2-standard-4,4,16,1,459.3,178.1,85.5,0,1,55.4,118.89
AWS,ap-southeast-1,t3.large,2,8,12,577.7,1476.5,1955.7,1,1,46.6,1058.79
GCP,europe-west2,e2-standard-2,2,8,16,310.9,440.5,3708.6,0,1,43.6,718.99
Azure,southeastasia,D8s_v5,8,32,2,229.3,1902.3,14265.5,0,0,83.4,1539.03
AWS,ap-southeast-1,t3.large,2,8,19,637.6,1485.7,15428.2,0,1,51.9,2619.63
AWS,ap-southeast-1,m6i.4xlarge,16,64,2,542.0,2521.1,17749.9,1,1,23.3,2708.55
Azure,eastus,D4s_v5,4,16,3,349.9,428.2,17421.8,1,1,73.2,1743.37
AWS,ap-southeast-1,m6i.large,2,8,7,383.1,1921.7,6444.6,1,0,36.5,1117.81
GCP,us-central1,e2-medium,2,4,10,193.8,671.3,10827.5,1,0,86.5,1080.84
Azure,eastus,D16s_v5,16,64,6,547.0,2728.1,19549.9,0,1,37.6,4473.82
AWS,ap-southeast-1,m6i.2xlarge,8,32,13,667.4,2901.9,19308.6,0,0,84.7,5725.77
GCP,asia-southeast1,e2-medium,2,4,5,599.0,2230.2,15525.2,0,0,43.6,1534.05
AWS,ap-southeast-1,t3.large,2,8,18,538.8,1829.5,17065.0,0,1,57.2,2486.59
AWS,ap-southeast-1,m6i.xlarge,4,16,19,345.1,3551.6,18740.2,1,0,47.4,3334.83
AWS,ap-southeast-1,m6i.4xlarge,16,64,15,205.9,473.4,18820.1,0,1,48.2,4212.45
AWS,eu-west-2,m6i.large,2,8,2,398.5,2208.1,12533.3,0,1,83.7,1394.25
Azure,uksouth,D16s_v5,16,64,7,195.4,2425.4,18073.0,1,1,65.9,2935.5
AWS,us-east-1,m6i.2xlarge,8,32,8,314.6,3860.2,13649.4,0,0,53.4,2470.54
Azure,eastus,D4s_v5,4,16,5,195.4,1726.4,4085.5,0,1,31.0,685.11
GCP,europe-west2,n2-standard-16,16,64,6,282.0,3981.0,13180.4,0,0,50.3,2839.89
AWS,ap-southeast-1,m6i.xlarge,4,16,14,236.8,3846.6,4985.3,1,0,50.2,1549.19
Azure,southeastasia,D16s_v5,16,64,8,692.2,1890.3,10683.5,0,1,27.1,6081.28
AWS,ap-southeast-1,m6i.xlarge,4,16,15,567.8,1121.3,2598.3,1,1,22.4,2253.15
Azure,southeastasia,D8s_v5,8,32,9,660.3,3963.4,14816.2,0,0,55.7,4285.1
Azure,uksouth,D8s_v5,8,32,1,542.6,3592.1,13863.0,1,0,78.2,1723.41
AWS,eu-west-2,m6i.4xlarge,16,64,8,403.8,3633.5,3397.1,0,1,93.3,3267.7
AWS,eu-west-2,m6i.2xlarge,8,32,15,591.4,3094.7,15787.9,1,1,25.7,5392.54
GCP,asia-southeast1,n2-standard-8,8,32,7,627.6,1260.2,6858.7,1,0,6.1,2633.91
AWS,ap-southeast-1,m6i.2xlarge,8,32,14,510.8,964.6,15710.3,0,1,31.3,4512.1
AWS,eu-west-2,t3.large,2,8,8,581.7,1381.9,16424.3,0,0,90.3,1971.85
AWS,ap-southeast-1,m6i.large,2,8,4,490.2,1996.8,15651.7,0,0,92.4,1707.87
AWS,us-east-1,t3.medium,2,4,13,558.4,945.5,1768.3,0,1,25.0,533.38
Azure,eastus,D8s_v5,8,32,4,200.2,1235.4,6757.3,0,1,71.3,987.28
AWS,ap-southeast-1,m6i.4xlarge,16,64,13,461.2,433.7,773.3,1,0,56.7,5308.38
GCP,us-central1,e2-standard-2,2,8,3,682.8,2089.7,3438.0,0,0,48.0,591.52
AWS,ap-southeast-1,t3.medium,2,4,7,743.9,3142.5,12819.2,0,0,6.0,1645.76
Azure,uksouth,D16s_v5,16,64,16,298.1,2747.0,10066.8,1,1,74.9,5262.54
Azure,eastus,D8s_v5,8,32,18,247.3,2573.2,19839.4,0,0,40.5,3446.33
AWS,ap-southeast-1,m6i.2xlarge,8,32,18,642.8,935.4,2471.6,1,1,12.4,5370.36
AWS,us-east-1,m6i.4xlarge,16,64,6,680.9,3833.4,4435.6,1,0,92.3,3915.29
AWS,us-east-1,m6i.2xlarge,8,32,9,560.5,3125.5,2253.1,1,0,68.5,2424.98
GCP,asia-southeast1,e2-standard-2,2,8,2,329.3,1389.1,6288.1,0,1,79.6,709.92
GCP,asia-southeast1,n2-standard-16,16,64,18,733.8,3845.1,17085.1,1,1,33.8,13210.17
Azure,uksouth,D8s_v5,8,32,16,225.0,3088.6,2229.4,1,0,52.8,2039.7
AWS,ap-southeast-1,t3.large,2,8,14,625.0,1227.7,2645.1,0,1,80.1,1203.31
GCP,us-central1,e2-standard-2,2,8,1,426.7,1210.0,8622.9,0,0,32.0,857.03
AWS,eu-west-2,m6i.large,2,8,7,321.8,2534.7,15225.8,0,0,14.7,1734.89
Azure,eastus,D2s_v5,2,8,19,215.0,719.7,15440.6,1,0,94.9,1791.63
AWS,eu-west-2,m6i.large,2,8,11,730.1,2990.6,3935.1,0,1,75.9,1435.61
Azure,eastus,D4s_v5,4,16,4,181.1,3554.4,16372.2,0,1,44.4,1750.09
Azure,eastus,B2ms,2,8,8,382.9,2398.3,8748.6,0,1,42.7,1221.0
GCP,us-central1,n2-standard-8,8,32,14,579.7,2854.7,13501.5,0,0,10.0,4400.83
Azure,uksouth,B2ms,2,8,17,180.0,2189.7,13196.0,1,1,76.1,1647.45
AWS,us-east-1,m6i.4xlarge,16,64,12,636.4,2369.8,8323.7,1,0,26.8,6925.7
GCP,europe-west2,n2-standard-4,4,16,16,225.6,2549.3,18412.5,0,0,20.5,2398.29
Azure,uksouth,D2s_v5,2,8,15,329.9,3603.2,10051.5,1,1,30.3,1735.36
GCP,europe-west2,n2-standard-2,2,8,5,471.8,784.3,5419.0,1,1,41.5,858.84
GCP,asia-southeast1,n2-standard-8,8,32,10,570.9,151.9,8731.8,1,1,60.4,3259.67
GCP,us-central1,e2-medium,2,4,12,394.0,1072.6,19148.9,1,1,16.3,1764.07
GCP,asia-southeast1,e2-standard-2,2,8,11,182.2,3073.5,6010.7,1,1,43.2,984.25
GCP,asia-southeast1,e2-standard-2,2,8,14,589.5,2245.6,279.7,1,0,21.8,895.91
Azure,eastus,D8s_v5,8,32,17,453.7,957.5,13181.7,1,0,59.2,4312.23
Azure,southeastasia,D8s_v5,8,32,17,705.7,497.8,13393.3,0,0,7.8,6618.42
AWS,us-east-1,m6i.xlarge,4,16,16,386.5,3492.2,7088.7,1,1,42.9,2156.43
AWS,ap-southeast-1,t3.large,2,8,17,417.5,1599.5,3901.3,0,1,35.8,1152.47
Azure,eastus,D16s_v5,16,64,15,704.8,316.2,4809.7,1,1,90.9,8877.73
GCP,asia-southeast1,n2-standard-8,8,32,19,663.7,2506.5,11196.2,0,0,68.2,6795.34
GCP,europe-west2,e2-standard-2,2,8,5,268.4,2215.1,10386.0,0,1,72.5,1177.38
GCP,europe-west2,e2-standard-2,2,8,7,377.8,85.6,2265.9,1,0,76.8,449.9
Azure,southeastasia,B2ms,2,8,3,581.9,1438.1,1412.1,1,0,87.6,461.92
Azure,eastus,D16s_v5,16,64,16,188.0,3045.1,16710.8,1,1,9.7,4094.03
GCP,us-central1,e2-standard-2,2,8,6,631.1,452.5,18431.9,0,0,93.0,1737.32
AWS,us-east-1,m6i.2xlarge,8,32,5,718.1,1783.0,3097.3,1,0,93.9,1886.0
Azure,uksouth,D16s_v5,16,64,4,656.8,478.3,11644.9,0,1,89.7,3157.52
AWS,us-east-1,m6i.4xlarge,16,64,10,589.3,3397.9,2334.1,1,0,55.4,5136.52
GCP,europe-west2,e2-standard-2,2,8,16,267.4,878.2,4740.5,1,0,79.8,849.22
Azure,uksouth,D8s_v5,8,32,13,346.5,1913.6,18818.2,1,0,8.8,3668.97
Azure,uksouth,D16s_v5,16,64,16,514.0,3479.5,16415.7,0,1,37.7,8794.0
Azure,uksouth,D8s_v5,8,32,14,402.5,1602.1,3535.6,1,1,79.8,2922.48
GCP,asia-southeast1,n2-standard-4,4,16,2,311.9,2715.8,16569.6,0,1,60.7,1717.82
GCP,us-central1,e2-medium,2,4,6,269.0,1665.4,17860.7,1,1,74.9,1700.68
AWS,eu-west-2,m6i.large,2,8,15,422.8,2642.8,16625.0,1,0,64.2,2269.75
Azure,southeastasia,D16s_v5,16,64,2,697.9,2122.2,7242.1,1,1,19.7,2163.96
GCP,us-central1,e2-standard-2,2,8,15,556.1,2938.7,11912.1,1,1,65.1,1877.73
AWS,ap-southeast-1,m6i.4xlarge,16,64,7,703.6,3185.6,17034.6,0,1,89.1,5992.51
Azure,southeastasia,D4s_v5,4,16,3,697.0,2990.5,4006.7,0,0,74.6,1039.15
GCP,us-central1,n2-standard-4,4,16,11,741.5,1819.8,2600.2,0,1,27.4,1954.7
Azure,southeastasia,D2s_v5,2,8,13,390.0,1872.7,13759.9,1,1,68.1,1982.29
Azure,southeastasia,D8s_v5,8,32,7,510.1,3181.7,4242.6,0,1,15.0,2247.99
AWS,us-east-1,m6i.xlarge,4,16,9,560.7,3178.1,15059.0,1,0,84.0,2603.38
Azure,eastus,D16s_v5,16,64,16,642.3,1964.1,2408.4,1,0,69.4,8661.95
GCP,asia-southeast1,n2-standard-16,16,64,19,726.2,2082.2,14893.6,1,1,37.4,13090.87
AWS,ap-southeast-1,m6i.large,2,8,2,354.6,2596.6,18039.5,1,1,58.3,1924.45
AWS,eu-west-2,t3.large,2,8,11,309.1,1935.4,18318.0,0,0,89.0,1948.89
Azure,southeastasia,D2s_v5,2,8,4,252.9,3291.1,17139.0,1,1,57.6,1863.79
GCP,asia-southeast1,n2-standard-8,8,32,19,667.0,3045.1,5899.1,0,0,33.0,6218.35
GCP,us-central1,n2-standard-2,2,8,17,562.4,2963.5,6261.1,0,0,35.0,1686.07
Azure,uksouth,D2s_v5,2,8,5,289.2,3499.6,5105.5,0,1,71.5,901.96
Azure,uksouth,D16s_v5,16,64,14,729.4,229.2,2982.5,1,1,77.3,9151.71
Azure,southeastasia,D4s_v5,4,16,19,711.0,1543.1,19692.0,0,0,61.9,4644.29
GCP,europe-west2,n2-standard-2,2,8,17,454.6,1249.1,9566.7,0,0,20.6,1785.57
AWS,eu-west-2,t3.large,2,8,14,263.0,283.3,13531.8,1,1,37.9,1563.75
GCP,us-central1,e2-standard-2,2,8,13,454.2,2938.1,1517.9,0,1,6.9,792.9
Azure,eastus,D4s_v5,4,16,4,596.8,1630.8,138.0,0,0,86.2,598.48
GCP,europe-west2,n2-standard-4,4,16,18,579.7,2263.2,5235.4,0,1,69.6,2896.87
GCP,us-central1,n2-standard-16,16,64,13,688.2,1897.3,11022.3,0,1,61.4,7992.86
AWS,us-east-1,m6i.large,2,8,7,354.2,3589.3,1988.1,1,1,76.9,761.46
AWS,us-east-1,t3.medium,2,4,14,431.2,2913.6,17375.0,1,0,68.1,1994.14
Azure,eastus,D4s_v5,4,16,12,188.3,2630.4,12246.0,0,1,13.8,1683.21
AWS,us-east-1,m6i.large,2,8,8,317.9,293.4,5386.5,0,1,36.0,772.29
AWS,eu-west-2,m6i.2xlarge,8,32,10,196.6,2198.6,6081.3,0,1,48.4,1579.45
AWS,us-east-1,t3.large,2,8,10,308.4,1680.2,1462.8,0,1,78.2,533.63
GCP,europe-west2,n2-standard-8,8,32,20,316.0,2973.6,8646.5,1,0,91.0,3723.12
AWS,us-east-1,m6i.4xlarge,16,64,19,302.5,2488.6,8051.7,1,1,88.3,5484.91
AWS,us-east-1,m6i.large,2,8,7,287.4,1986.6,3898.9,0,1,21.7,718.76
Azure,eastus,B2ms,2,8,10,298.2,2793.5,8603.4,1,1,52.5,1269.11
GCP,us-central1,n2-standard-8,8,32,11,638.3,202.4,7872.2,1,1,44.8,3460.49
Azure,uksouth,D16s_v5,16,64,13,223.3,1850.8,15152.3,0,0,58.1,3939.39
GCP,europe-west2,n2-standard-16,16,64,2,537.1,2147.4,113.7,1,1,56.3,1173.85
AWS,ap-southeast-1,m6i.4xlarge,16,64,4,730.2,921.8,9902.8,0,0,31.9,3549.25
GCP,europe-west2,e2-standard-2,2,8,12,591.7,3878.2,19950.2,0,1,60.8,2416.43
Azure,uksouth,D4s_v5,4,16,8,508.0,2145.5,18893.9,0,1,56.4,2543.53
GCP,asia-southeast1,n2-standard-16,16,64,11,212.7,2856.1,14625.4,0,0,93.6,3523.91
AWS,ap-southeast-1,m6i.4xlarge,16,64,11,695.6,3741.4,12471.3,1,1,47.5,7941.33
AWS,us-east-1,m6i.xlarge,4,16,11,631.1,3083.8,4072.2,1,0,33.8,2021.97
AWS,ap-southeast-1,t3.large,2,8,3,507.4,3391.5,17427.4,0,0,51.9,1940.63
AWS,ap-southeast-1,t3.medium,2,4,12,618.2,3940.0,2107.4,1,0,84.3,935.71
AWS,us-east-1,m6i.2xlarge,8,32,8,554.6,3582.7,16687.5,1,0,45.9,3378.12
AWS,eu-west-2,m6i.2xlarge,8,32,4,627.4,1233.5,896.1,0,1,12.2,1223.87
AWS,eu-west-2,m6i.xlarge,4,16,20,735.5,1933.2,1342.0,0,0,22.5,3357.72
GCP,us-central1,e2-standard-2,2,8,8,208.2,1260.2,18190.7,1,1,89.7,1724.36
Azure,southeastasia,D2s_v5,2,8,19,445.3,1552.1,2754.4,1,1,47.3,1330.77
AWS,us-east-1,m6i.2xlarge,8,32,6,419.4,508.4,5424.4,0,0,41.2,1509.66
AWS,eu-west-2,t3.large,2,8,10,402.6,2894.0,4370.6,1,1,14.4,1093.16
AWS,us-east-1,m6i.2xlarge,8,32,12,269.5,3994.6,1849.9,0,1,25.0,1757.84
GCP,asia-southeast1,n2-standard-4,4,16,20,559.8,1691.1,3451.5,0,0,40.3,2917.61
AWS,eu-west-2,m6i.xlarge,4,16,13,477.2,2450.2,2155.0,1,0,92.3,1744.4
GCP,us-central1,e2-medium,2,4,11,443.6,2637.5,3097.5,1,0,18.2,688.7
AWS,us-east-1,t3.large,2,8,15,250.7,1782.2,2229.1,1,0,66.8,707.56
AWS,us-east-1,m6i.2xlarge,8,32,1,685.1,2993.4,12349.9,1,0,77.7,1698.44
Azure,uksouth,D16s_v5,16,64,9,421.6,2358.3,7496.2,1,0,66.0,4255.11
AWS,eu-west-2,m6i.large,2,8,14,437.2,3205.6,11829.6,0,0,75.0,1934.46
Azure,uksouth,D2s_v5,2,8,4,694.5,2643.6,18189.5,0,1,17.1,2000.26
GCP,europe-west2,n2-standard-8,8,32,1,647.7,2062.3,8959.8,1,1,93.3,1330.01
GCP,us-central1,e2-medium,2,4,11,666.3,111.8,19152.5,0,1,68.5,1846.12
AWS,eu-west-2,m6i.2xlarge,8,32,5,299.6,2519.8,8680.8,1,0,29.0,1686.95
GCP,europe-west2,n2-standard-2,2,8,13,211.7,3989.3,8953.2,1,1,59.3,1466.32
GCP,us-central1,e2-standard-2,2,8,15,571.7,1267.0,8078.2,1,1,66.9,1458.02
Azure,southeastasia,D2s_v5,2,8,6,348.4,2458.3,11216.3,1,0,62.9,1456.38
AWS,eu-west-2,m6i.large,2,8,19,647.6,1116.2,6345.9,0,1,78.0,1947.08
GCP,asia-southeast1,n2-standard-4,4,16,6,523.0,2918.6,19852.0,0,1,17.0,2449.98
GCP,asia-southeast1,e2-standard-2,2,8,14,439.3,2250.0,4337.5,0,0,26.0,981.67
GCP,us-central1,e2-medium,2,4,19,329.8,1778.4,17895.8,1,0,23.0,1793.99
GCP,europe-west2,n2-standard-2,2,8,16,584.8,116.4,4617.4,1,1,8.1,1482.53
AWS,us-east-1,m6i.xlarge,4,16,5,254.9,646.1,16525.3,1,0,9.9,1759.85
GCP,europe-west2,e2-standard-2,2,8,18,487.8,2816.5,6196.2,1,0,19.9,1482.36
GCP,asia-southeast1,n2-standard-4,4,16,12,343.2,1270.8,7412.6,0,0,33.6,1607.43
GCP,us-central1,n2-standard-8,8,32,16,480.1,3906.4,9697.3,0,1,81.5,4051.26
GCP,europe-west2,e2-standard-2,2,8,14,527.1,2082.2,19135.2,0,1,84.4,2245.96
GCP,europe-west2,n2-standard-16,16,64,12,376.8,1695.0,3911.9,0,0,79.2,4249.43
Azure,eastus,B2ms,2,8,20,381.5,1427.8,19212.7,0,0,61.1,2347.77
Azure,uksouth,D4s_v5,4,16,7,456.1,2841.7,3330.6,1,0,89.7,1263.85
GCP,us-central1,n2-standard-4,4,16,4,193.2,527.0,16713.4,0,1,74.8,1550.31
Azure,uksouth,D16s_v5,16,64,18,441.2,1059.7,17995.1,1,0,60.2,8295.02
Azure,eastus,D2s_v5,2,8,4,399.5,3495.5,16742.0,0,1,60.6,1803.44
GCP,us-central1,e2-medium,2,4,16,583.3,2083.7,4610.0,0,0,37.7,878.23
GCP,us-central1,e2-standard-2,2,8,18,326.9,2827.1,18768.3,0,1,59.4,2099.01
Azure,uksouth,D4s_v5,4,16,12,247.8,3210.5,9761.1,0,1,79.0,1734.83
AWS,ap-southeast-1,m6i.2xlarge,8,32,17,664.5,1461.1,6189.0,0,0,58.8,5576.94
GCP,asia-southeast1,e2-standard-2,2,8,5,415.1,1996.9,1968.6,0,0,37.0,493.33
GCP,europe-west2,n2-standard-4,4,16,6,277.8,3792.2,15180.7,1,1,17.5,1935.89
GCP,us-central1,n2-standard-16,16,64,12,719.8,2333.2,16166.9,1,1,85.6,8206.32
Azure,southeastasia,D4s_v5,4,16,15,511.3,1090.4,11709.6,1,1,51.6,2893.2
Azure,eastus,D4s_v5,4,16,1,374.9,3436.2,18948.4,1,1,81.2,1902.24
GCP,europe-west2,e2-medium,2,4,15,228.2,2600.3,5314.0,0,1,21.1,812.63
Azure,uksouth,D4s_v5,4,16,13,450.9,621.9,11104.6,1,0,80.1,2308.77
Azure,southeastasia,D4s_v5,4,16,12,572.8,1021.6,12527.5,0,1,54.6,2685.09
GCP,asia-southeast1,n2-standard-4,4,16,13,587.6,1954.0,13256.3,1,1,47.1,3034.44
GCP,asia-southeast1,n2-standard-16,16,64,2,467.7,58.8,7796.6,1,0,93.9,1485.54
AWS,ap-southeast-1,m6i.2xlarge,8,32,16,221.8,1142.2,5939.8,1,0,85.6,2175.65
GCP,us-central1,e2-medium,2,4,18,582.9,1773.4,2997.3,0,0,36.9,735.7
GCP,asia-southeast1,e2-standard-2,2,8,2,486.3,3999.8,7728.4,0,0,71.3,1060.15
Azure,eastus,B2ms,2,8,17,342.8,3471.6,10794.2,1,0,50.0,1743.77
GCP,europe-west2,n2-standard-4,4,16,5,281.6,3030.7,4684.6,0,1,24.9,976.87
Azure,southeastasia,D8s_v5,8,32,8,676.4,3766.4,7735.1,1,0,42.6,3577.77
AWS,eu-west-2,t3.large,2,8,5,351.7,3572.7,8425.0,1,0,37.2,1272.09
Azure,uksouth,D2s_v5,2,8,4,582.9,2258.1,10692.3,1,1,40.7,1400.07
AWS,eu-west-2,t3.large,2,8,9,593.7,2550.1,12225.7,0,1,59.4,1795.38
AWS,ap-southeast-1,m6i.4xlarge,16,64,15,435.1,2334.2,17255.9,1,1,85.2,7286.19
GCP,europe-west2,e2-standard-2,2,8,15,417.0,2093.5,16866.2,0,1,73.7,1976.04
GCP,asia-southeast1,n2-standard-16,16,64,2,514.0,192.2,6162.3,0,0,84.5,1446.9
AWS,us-east-1,m6i.large,2,8,13,317.8,1501.3,10531.2,0,1,22.0,1486.39
GCP,asia-southeast1,n2-standard-2,2,8,16,350.4,683.5,8627.5,1,1,79.2,1488.22
Azure,eastus,D4s_v5,4,16,2,199.4,3606.5,13939.4,0,0,27.9,1505.27
AWS,ap-southeast-1,t3.large,2,8,17,599.3,1149.8,15245.0,1,1,14.6,2396.62
AWS,us-east-1,t3.large,2,8,6,364.6,1433.8,1995.0,1,1,17.1,557.71
GCP,europe-west2,e2-medium,2,4,4,280.5,2597.2,18842.1,1,0,64.3,1779.19
Azure,southeastasia,D16s_v5,16,64,1,702.8,649.7,9471.0,0,0,48.9,1464.9
Azure,uksouth,D16s_v5,16,64,14,574.4,3276.5,14678.4,0,0,8.2,8477.6
Azure,southeastasia,D16s_v5,16,64,5,218.8,1193.8,5072.6,1,0,83.9,1598.01
Azure,uksouth,B2ms,2,8,8,726.6,3453.1,13708.4,1,0,41.7,2005.19
Azure,uksouth,D2s_v5,2,8,7,377.0,3718.6,17085.2,0,1,6.5,1975.9
GCP,europe-west2,n2-standard-8,8,32,17,462.2,113.5,2896.6,1,0,48.7,3690.76
GCP,europe-west2,n2-standard-4,4,16,9,427.7,616.1,11560.2,0,1,19.1,1798.92
GCP,asia-southeast1,n2-standard-8,8,32,7,685.1,2856.8,2941.8,0,0,49.4,2553.65
GCP,europe-west2,n2-standard-2,2,8,20,201.7,1513.1,18713.2,1,1,14.1,2139.46
GCP,europe-west2,n2-standard-16,16,64,15,244.9,892.5,11277.5,0,1,46.1,4183.04
AWS,us-east-1,m6i.xlarge,4,16,3,698.3,3522.3,6449.7,0,0,93.3,1236.56
GCP,us-central1,e2-standard-2,2,8,13,443.9,586.3,10607.0,1,0,13.1,1355.44
AWS,ap-southeast-1,m6i.2xlarge,8,32,4,536.9,3211.7,11088.2,0,1,29.3,2259.01
AWS,eu-west-2,m6i.large,2,8,10,323.1,3152.1,12354.9,1,1,38.5,1712.98
AWS,eu-west-2,m6i.xlarge,4,16,17,641.4,3714.9,10456.0,0,0,22.3,3499.13
AWS,ap-southeast-1,m6i.large,2,8,2,429.3,1338.0,11210.7,0,1,40.2,1220.68
AWS,eu-west-2,t3.medium,2,4,6,243.4,282.1,14289.0,1,0,78.4,1442.04
AWS,eu-west-2,m6i.xlarge,4,16,2,640.9,3050.9,8041.7,1,0,56.0,1310.63
Azure,southeastasia,D16s_v5,16,64,20,684.1,3321.3,5516.3,1,1,77.4,13169.02
AWS,ap-southeast-1,m6i.large,2,8,7,551.7,153.3,1118.0,0,1,55.2,559.69
Azure,uksouth,B2ms,2,8,16,413.4,3858.4,985.3,1,0,23.6,1052.03
AWS,us-east-1,m6i.large,2,8,9,268.3,390.5,6541.4,0,0,55.7,868.96
AWS,eu-west-2,m6i.4xlarge,16,64,16,310.3,322.6,7631.5,1,0,40.5,4898.21
Azure,southeastasia,D16s_v5,16,64,1,567.8,2649.9,3207.0,0,0,18.9,999.06
AWS,ap-southeast-1,m6i.large,2,8,2,313.5,2106.0,4111.0,0,0,77.1,604.54
GCP,europe-west2,n2-standard-8,8,32,14,361.3,3518.0,2883.2,1,0,91.4,2738.61
AWS,eu-west-2,m6i.xlarge,4,16,1,552.0,143.5,6286.9,1,0,92.2,771.67
GCP,asia-southeast1,n2-standard-8,8,32,16,343.6,200.5,8512.4,1,0,38.4,3181.66
AWS,eu-west-2,m6i.2xlarge,8,32,3,608.1,2368.3,5105.8,0,0,14.4,1417.63
Azure,uksouth,B2ms,2,8,19,299.5,1670.2,5519.0,0,0,32.9,1107.48
Azure,southeastasia,D4s_v5,4,16,5,615.8,3952.7,19080.4,0,1,15.7,2573.91
GCP,us-central1,n2-standard-2,2,8,13,397.8,2802.1,15755.6,1,0,10.5,2040.96
Azure,southeastasia,D4s_v5,4,16,10,304.2,3903.1,18247.3,0,1,28.0,2542.0
AWS,us-east-1,m6i.2xlarge,8,32,4,727.3,680.8,14934.3,1,1,11.4,2551.32
GCP,us-central1,e2-medium,2,4,9,540.3,2612.6,5953.1,0,0,46.6,872.69
AWS,eu-west-2,m6i.4xlarge,16,64,18,721.7,3986.4,9766.2,1,1,22.7,12189.22
AWS,eu-west-2,m6i.4xlarge,16,64,16,476.5,2606.0,19436.8,1,1,64.9,8341.22
GCP,europe-west2,n2-standard-4,4,16,10,661.3,652.3,11472.4,0,1,57.2,2393.02
GCP,europe-west2,n2-standard-4,4,16,2,502.8,2370.1,19016.8,0,1,80.0,1942.3
AWS,us-east-1,m6i.large,2,8,15,328.9,3045.7,18549.8,1,1,53.6,2318.59
GCP,europe-west2,n2-standard-8,8,32,10,345.0,141.9,15383.7,0,1,91.5,2734.01
Azure,eastus,B2ms,2,8,20,468.9,956.0,3476.6,0,0,71.7,1140.43
GCP,europe-west2,n2-standard-4,4,16,17,185.4,2106.6,13573.2,0,1,72.1,1922.41
GCP,asia-southeast1,n2-standard-4,4,16,5,261.6,1372.6,6883.9,1,1,44.3,1070.83
GCP,asia-southeast1,e2-medium,2,4,13,377.8,20.5,564.6,0,0,32.5,225.51
AWS,us-east-1,m6i.large,2,8,5,260.5,3538.7,11442.4,0,0,58.0,1419.93
AWS,ap-southeast-1,t3.large,2,8,15,413.5,2474.9,9691.0,1,0,27.3,1672.43
GCP,us-central1,n2-standard-8,8,32,9,526.6,3411.8,12298.3,0,1,57.9,3215.0
GCP,europe-west2,n2-standard-2,2,8,10,281.4,3610.3,8343.9,0,1,70.9,1315.12
GCP,europe-west2,n2-standard-4,4,16,3,701.5,2647.0,9441.4,0,1,74.2,1476.25
AWS,ap-southeast-1,m6i.large,2,8,15,625.7,3628.6,19616.4,0,0,51.8,2892.9
GCP,us-central1,n2-standard-16,16,64,12,497.7,277.6,13812.5,1,0,47.5,5839.09
Azure,eastus,B2ms,2,8,2,490.9,1851.8,3226.0,0,0,71.6,502.03
AWS,us-east-1,m6i.2xlarge,8,32,5,494.5,2716.5,19579.9,1,1,93.9,2824.12
Azure,southeastasia,D2s_v5,2,8,5,584.6,1712.6,16820.9,0,1,72.3,1871.22
Azure,southeastasia,D16s_v5,16,64,6,491.5,2420.8,7305.3,1,1,26.6,3572.57
AWS,us-east-1,m6i.4xlarge,16,64,3,342.2,3632.6,4904.6,0,1,6.5,1529.55
Azure,uksouth,B2ms,2,8,7,374.6,1642.9,15555.2,1,1,30.1,1727.08
Azure,southeastasia,B2ms,2,8,19,362.4,1952.7,18892.9,1,0,70.1,2417.14
AWS,eu-west-2,t3.large,2,8,16,504.2,702.0,5714.8,1,1,72.2,1375.31
GCP,asia-southeast1,e2-standard-2,2,8,2,377.7,289.7,15887.8,1,1,65.2,1432.62
GCP,us-central1,n2-standard-8,8,32,2,522.7,565.8,15144.8,0,0,10.7,1645.45
Azure,eastus,D8s_v5,8,32,18,738.0,380.1,11881.0,1,1,51.9,6506.8
Azure,southeastasia,D2s_v5,2,8,13,729.4,3224.8,19170.5,1,0,32.5,2965.1
AWS,eu-west-2,m6i.4xlarge,16,64,8,609.8,366.0,10960.1,1,1,83.8,5135.09
Azure,southeastasia,D2s_v5,2,8,7,600.8,3415.7,8841.8,1,0,37.3,1581.65
GCP,us-central1,n2-standard-8,8,32,5,711.9,3787.7,10158.7,0,0,55.2,2559.24
GCP,europe-west2,e2-standard-2,2,8,20,277.3,572.4,15060.6,0,1,32.2,1663.91
GCP,europe-west2,n2-standard-2,2,8,7,652.2,1958.7,13337.3,0,1,43.3,1739.43
GCP,asia-southeast1,n2-standard-8,8,32,18,679.3,249.4,16903.4,0,1,39.3,6640.71
AWS,eu-west-2,t3.medium,2,4,8,499.0,2367.6,9616.0,0,0,42.2,1270.85
GCP,europe-west2,n2-standard-16,16,64,9,593.4,1911.5,14641.9,1,0,82.8,5886.46
AWS,eu-west-2,m6i.4xlarge,16,64,13,597.2,1414.2,12536.9,1,1,47.8,7741.78
AWS,us-east-1,m6i.4xlarge,16,64,1,598.5,2345.7,2751.6,1,0,51.6,938.25
AWS,eu-west-2,t3.medium,2,4,14,223.7,2460.5,7431.0,1,0,82.7,1066.69
AWS,eu-west-2,m6i.xlarge,4,16,2,669.1,693.8,18565.0,1,1,9.0,1949.1
GCP,us-central1,e2-standard-2,2,8,4,698.5,1025.2,12698.4,1,0,31.0,1395.67
Azure,uksouth,D4s_v5,4,16,16,676.7,3676.0,4826.0,1,1,69.8,3064.26
Azure,southeastasia,D4s_v5,4,16,17,263.5,1147.7,10481.3,1,1,24.5,2082.52
GCP,asia-southeast1,n2-standard-2,2,8,14,266.8,37.7,15253.7,1,0,52.6,1714.59
AWS,ap-southeast-1,m6i.4xlarge,16,64,11,599.5,2314.9,3461.2,0,0,45.9,6137.73
GCP,asia-southeast1,e2-standard-2,2,8,5,408.1,514.3,8195.4,0,0,52.4,880.75
GCP,asia-southeast1,n2-standard-2,2,8,17,516.8,1211.0,17026.5,0,1,24.4,2401.36
Azure,uksouth,D4s_v5,4,16,2,393.8,3489.1,584.0,0,0,33.9,480.06
AWS,us-east-1,m6i.4xlarge,16,64,9,561.8,1516.4,16670.9,1,1,22.8,5465.51
AWS,eu-west-2,m6i.2xlarge,8,32,9,542.4,945.2,15546.0,0,1,23.8,3438.23
AWS,us-east-1,m6i.2xlarge,8,32,2,527.3,2061.4,15669.1,1,1,62.6,1906.16
GCP,asia-southeast1,e2-medium,2,4,9,429.5,511.7,9388.4,0,1,56.1,998.44
Azure,eastus,D4s_v5,4,16,17,499.9,342.9,9036.6,1,1,74.2,2572.39
Azure,southeastasia,B2ms,2,8,10,462.2,3416.0,2430.1,0,1,13.4,974.54
Azure,southeastasia,D4s_v5,4,16,11,713.0,1722.1,16773.0,1,1,70.4,3358.18
Azure,southeastasia,D16s_v5,16,64,11,636.4,2611.4,16717.5,1,0,59.1,7773.85
Azure,uksouth,D16s_v5,16,64,7,656.0,933.8,2091.3,1,1,64.0,4225.74
AWS,us-east-1,t3.large,2,8,7,693.2,3602.7,10777.8,0,1,46.4,1668.63
AWS,us-east-1,t3.medium,2,4,8,427.4,906.9,13325.2,1,1,25.8,1453.94
AWS,eu-west-2,t3.medium,2,4,11,391.8,180.5,16248.1,0,1,80.5,1560.34
Azure,eastus,D2s_v5,2,8,11,356.3,1820.4,19413.4,1,1,16.6,2153.11
GCP,asia-southeast1,n2-standard-2,2,8,1,691.8,265.9,15053.2,1,1,21.2,1391.62
AWS,us-east-1,t3.large,2,8,11,511.9,2287.3,5621.5,0,0,93.2,1131.65
AWS,us-east-1,m6i.large,2,8,8,728.9,3769.8,18539.0,0,0,88.5,2375.6
Azure,eastus,B2ms,2,8,14,654.9,243.1,2249.3,0,1,67.7,1021.04
Azure,uksouth,B2ms,2,8,4,601.5,3917.6,10044.0,1,1,24.1,1478.03
Azure,uksouth,D8s_v5,8,32,7,664.8,1814.2,497.2,0,1,82.1,2212.76
AWS,eu-west-2,t3.medium,2,4,7,410.3,1440.5,13782.4,0,1,52.5,1460.83
Azure,southeastasia,D4s_v5,4,16,13,528.2,3862.2,7502.5,1,1,80.0,2602.8
AWS,ap-southeast-1,t3.medium,2,4,18,438.7,64.5,10573.0,0,1,80.4,1331.29
AWS,eu-west-2,m6i.4xlarge,16,64,8,360.3,3357.4,5602.1,0,1,14.1,3192.71
GCP,europe-west2,n2-standard-8,8,32,8,537.7,2168.8,831.9,1,0,47.1,2181.52
GCP,us-central1,n2-standard-4,4,16,14,557.6,3550.2,11480.1,0,1,66.1,2775.73
GCP,us-central1,n2-standard-4,4,16,5,582.7,990.5,635.8,1,1,30.2,766.93
AWS,us-east-1,m6i.large,2,8,17,201.5,1387.3,16456.3,0,1,38.7,1869.57
AWS,ap-southeast-1,t3.large,2,8,4,390.4,1360.3,9876.2,0,1,11.7,1169.89
Azure,southeastasia,D4s_v5,4,16,16,550.6,3654.5,10830.1,1,0,19.6,3325.23
GCP,europe-west2,n2-standard-2,2,8,9,195.9,241.0,7852.7,0,1,14.6,884.75
Azure,southeastasia,B2ms,2,8,4,565.9,1712.9,8838.8,1,1,6.4,1158.5
GCP,europe-west2,e2-medium,2,4,10,181.7,2126.1,5166.5,1,0,77.9,730.85
Azure,southeastasia,D2s_v5,2,8,9,553.0,3561.5,6170.0,0,0,62.9,1403.71
GCP,asia-southeast1,n2-standard-8,8,32,6,563.5,3467.4,475.1,1,1,43.0,1871.29
GCP,europe-west2,n2-standard-16,16,64,5,523.5,2072.4,13765.2,1,1,79.4,3707.09
AWS,us-east-1,m6i.xlarge,4,16,6,436.2,2607.4,2434.1,0,1,82.4,922.24
AWS,ap-southeast-1,m6i.4xlarge,16,64,11,639.8,1380.4,2789.3,0,0,84.5,6241.07
Azure,uksouth,D2s_v5,2,8,12,469.0,3193.4,2202.7,0,0,56.9,1038.56
AWS,eu-west-2,t3.medium,2,4,13,269.1,1258.2,13428.4,0,0,58.2,1453.52
Azure,uksouth,D8s_v5,8,32,9,682.1,1459.3,7620.1,1,1,41.4,3490.95
AWS,eu-west-2,t3.large,2,8,3,429.5,3497.9,3575.0,1,1,92.7,816.49
Azure,uksouth,D4s_v5,4,16,13,400.1,1194.7,19131.6,1,0,77.9,2822.41
AWS,us-east-1,m6i.4xlarge,16,64,5,193.0,3878.1,16693.1,1,0,18.8,2540.93
Azure,southeastasia,D16s_v5,16,64,3,678.2,658.8,1362.5,1,1,49.7,2059.28
GCP,asia-southeast1,n2-standard-16,16,64,3,344.0,3725.7,16358.4,0,1,80.1,2548.43
Azure,uksouth,D16s_v5,16,64,1,605.1,982.0,15941.5,0,1,7.1,1916.57
GCP,us-central1,e2-medium,2,4,19,568.1,296.9,10844.3,0,0,18.2,1296.54
GCP,asia-southeast1,n2-standard-4,4,16,4,606.5,659.8,1291.6,1,0,32.7,722.81
AWS,us-east-1,m6i.4xlarge,16,64,9,507.8,3618.6,14331.1,1,1,5.1,5310.34
Azure,uksouth,D8s_v5,8,32,20,437.0,3473.0,474.6,0,0,63.8,3883.96
Azure,southeastasia,D8s_v5,8,32,17,293.4,3761.9,17620.8,1,1,35.3,4186.03
GCP,europe-west2,n2-standard-2,2,8,18,673.1,719.2,11022.7,0,1,69.3,2268.89
Azure,eastus,D16s_v5,16,64,11,681.0,1316.6,8881.7,0,0,67.9,6812.4
GCP,asia-southeast1,n2-standard-8,8,32,13,542.1,1658.0,722.4,1,1,90.5,3239.68
GCP,us-central1,n2-standard-2,2,8,10,474.2,1815.4,102.5,0,0,88.1,597.55
GCP,europe-west2,e2-standard-2,2,8,17,579.6,2056.7,1542.6,1,1,85.6,1090.23
GCP,us-central1,e2-standard-2,2,8,10,243.0,3607.4,5568.7,1,1,77.6,986.35
GCP,us-central1,n2-standard-16,16,64,1,599.0,155.6,12087.6,0,1,45.2,1493.89
GCP,us-central1,e2-standard-2,2,8,19,340.3,209.6,13485.3,0,0,83.8,1569.73
Azure,southeastasia,B2ms,2,8,9,510.4,3174.8,9506.6,0,0,32.7,1536.27
AWS,us-east-1,t3.large,2,8,4,372.0,2746.5,12506.2,1,0,33.1,1483.1
AWS,ap-southeast-1,m6i.large,2,8,2,636.9,3443.9,2685.3,0,0,13.8,661.1
GCP,us-central1,n2-standard-2,2,8,15,494.9,3830.0,6762.0,1,0,69.0,1619.98
Azure,uksouth,D16s_v5,16,64,13,565.0,210.4,2355.7,1,1,80.9,6597.88
Azure,uksouth,D4s_v5,4,16,17,671.0,60.8,1665.9,0,1,76.4,2518.45
GCP,europe-west2,n2-standard-4,4,16,16,208.4,1378.2,9625.5,0,0,27.0,1645.24
Azure,eastus,B2ms,2,8,1,706.3,208.2,1597.2,0,0,63.3,209.13
GCP,us-central1,e2-medium,2,4,16,349.0,3967.2,16959.9,0,0,89.0,1812.86
Azure,southeastasia,B2ms,2,8,7,382.6,1494.9,4648.7,1,1,18.4,870.55
AWS,ap-southeast-1,t3.large,2,8,7,560.5,2331.5,14322.2,0,0,26.7,1796.91
GCP,europe-west2,n2-standard-2,2,8,2,684.5,383.9,19528.9,1,0,30.9,1790.42
Azure,southeastasia,B2ms,2,8,17,194.1,107.4,12063.8,1,1,92.1,1409.73
AWS,us-east-1,m6i.xlarge,4,16,14,268.9,3224.6,573.6,1,1,93.3,1116.59
GCP,asia-southeast1,e2-medium,2,4,15,449.6,3269.6,4284.9,0,0,24.2,872.14
GCP,asia-southeast1,n2-standard-2,2,8,14,651.1,3372.9,6217.1,1,1,58.3,1839.82
Azure,eastus,D2s_v5,2,8,15,489.5,3225.9,2078.8,1,1,15.9,1213.86
Azure,southeastasia,D16s_v5,16,64,4,334.2,2689.7,14069.4,0,1,32.2,2567.63
AWS,ap-southeast-1,t3.large,2,8,8,274.9,2578.8,17893.8,1,1,85.8,2049.62
Azure,southeastasia,D16s_v5,16,64,10,555.0,2975.0,7738.9,0,0,11.5,6011.63
AWS,eu-west-2,t3.large,2,8,2,474.5,372.2,12544.8,0,0,63.4,1204.52
GCP,us-central1,n2-standard-16,16,64,1,499.4,3696.1,7038.1,0,0,69.6,1241.86
Azure,uksouth,D16s_v5,16,64,9,675.6,1762.0,5040.9,0,1,57.4,5677.26
GCP,asia-southeast1,n2-standard-2,2,8,20,679.9,3264.3,19013.4,0,0,25.7,3265.85
Azure,uksouth,D8s_v5,8,32,1,551.8,3735.4,19877.0,0,0,51.7,2095.49
GCP,europe-west2,n2-standard-2,2,8,4,628.0,2636.8,3401.0,0,0,75.9,780.87
AWS,us-east-1,m6i.xlarge,4,16,6,639.4,744.7,7884.3,0,0,86.1,1503.51
GCP,asia-southeast1,n2-standard-2,2,8,8,718.2,1086.2,3459.2,0,0,33.4,998.59
AWS,eu-west-2,t3.large,2,8,20,437.2,2520.4,19911.9,1,1,30.4,2669.89
GCP,us-central1,n2-standard-16,16,64,1,326.7,2172.9,16883.5,0,0,91.2,1702.27
Azure,uksouth,D2s_v5,2,8,13,184.6,1804.7,5361.0,0,0,33.8,854.42
GCP,asia-southeast1,n2-standard-4,4,16,6,620.0,570.8,11013.9,1,0,65.2,1847.09
Azure,uksouth,D4s_v5,4,16,5,724.1,874.5,2482.0,0,1,49.1,1075.7
AWS,us-east-1,m6i.xlarge,4,16,11,609.6,913.1,19853.3,0,0,83.6,2967.7
GCP,us-central1,n2-standard-16,16,64,10,697.2,1717.6,1916.4,0,1,64.0,5519.81
Azure,southeastasia,B2ms,2,8,12,257.8,1438.4,2915.3,0,0,64.2,668.83
AWS,us-east-1,t3.large,2,8,9,277.4,2558.4,8387.0,1,0,39.1,1210.89
AWS,eu-west-2,m6i.large,2,8,12,593.7,207.3,17056.9,0,1,17.0,2182.63
Azure,eastus,D8s_v5,8,32,11,613.5,3533.5,6406.1,0,0,80.7,3546.77
GCP,asia-southeast1,n2-standard-4,4,16,15,672.9,351.8,9266.8,1,0,26.1,3001.55
GCP,us-central1,n2-standard-4,4,16,2,293.3,1293.0,15637.5,1,0,76.0,1476.12
AWS,ap-southeast-1,m6i.4xlarge,16,64,1,519.3,456.3,10264.4,0,1,16.4,1396.92
Azure,eastus,D4s_v5,4,16,17,353.3,3488.5,6750.5,0,0,42.6,2077.19
AWS,ap-southeast-1,m6i.4xlarge,16,64,9,231.9,3833.0,11196.6,0,0,58.5,3167.16
GCP,europe-west2,e2-medium,2,4,10,273.6,1825.2,16434.6,0,0,91.6,1566.68
GCP,europe-west2,n2-standard-2,2,8,9,527.0,3784.4,17533.0,0,1,50.1,2252.0
GCP,asia-southeast1,n2-standard-8,8,32,12,351.1,3238.8,9288.4,0,0,32.0,2955.06
AWS,ap-southeast-1,m6i.2xlarge,8,32,19,272.0,2732.1,8704.4,1,1,57.7,3247.9
AWS,eu-west-2,m6i.2xlarge,8,32,14,338.5,22.4,15344.6,1,1,26.2,3398.74
Azure,uksouth,B2ms,2,8,9,546.7,601.1,3673.5,0,1,24.7,813.48
Azure,southeastasia,D4s_v5,4,16,16,596.5,1403.5,146.3,0,1,46.4,2240.35
AWS,us-east-1,t3.large,2,8,12,552.7,2699.2,9254.1,1,1,48.7,1642.76
AWS,us-east-1,m6i.xlarge,4,16,6,358.3,1921.5,7642.8,0,0,94.7,1269.05
GCP,asia-southeast1,e2-medium,2,4,12,608.9,2045.4,17331.2,0,1,88.6,1835.88
Azure,eastus,D4s_v5,4,16,15,446.4,1432.1,16000.7,1,1,11.6,2824.89
GCP,asia-southeast1,n2-standard-8,8,32,9,681.4,2867.4,13494.9,0,1,63.8,3896.61
AWS,ap-southeast-1,m6i.large,2,8,16,614.2,2156.3,10556.9,0,0,54.1,2203.15
AWS,us-east-1,t3.large,2,8,2,295.1,1705.5,2942.8,1,0,53.8,495.5
Azure,southeastasia,D4s_v5,4,16,1,341.1,90.4,67.6,1,1,13.2,164.92
AWS,eu-west-2,t3.medium,2,4,10,653.0,2048.4,7016.0,0,0,55.3,1079.73
Azure,southeastasia,D16s_v5,16,64,8,411.2,3438.2,12749.8,0,0,51.2,4325.91
GCP,europe-west2,n2-standard-8,8,32,3,409.6,1140.3,13561.6,0,0,12.2,1709.49
Azure,uksouth,B2ms,2,8,8,477.5,495.9,9828.5,0,1,63.5,1239.5
AWS,eu-west-2,m6i.4xlarge,16,64,19,194.1,1105.8,18714.5,1,1,45.9,4772.0
Azure,eastus,D16s_v5,16,64,13,533.5,3762.8,7855.7,0,0,16.5,6427.9
GCP,asia-southeast1,e2-medium,2,4,20,217.8,2318.7,16763.4,1,0,28.1,1759.02
AWS,ap-southeast-1,m6i.large,2,8,18,733.4,297.6,2426.4,0,1,61.8,1711.02
AWS,eu-west-2,m6i.4xlarge,16,64,2,244.1,1218.9,16152.8,1,1,60.9,1991.99
AWS,us-east-1,t3.medium,2,4,10,652.2,1093.3,8717.0,1,0,37.0,1177.28
AWS,us-east-1,m6i.4xlarge,16,64,7,639.0,3108.8,14687.6,1,1,39.7,5071.74
GCP,asia-southeast1,e2-medium,2,4,10,573.4,1925.3,19489.3,0,1,41.4,1959.43
AWS,eu-west-2,m6i.4xlarge,16,64,13,473.9,2697.4,7168.9,1,1,37.7,6184.6
AWS,us-east-1,m6i.2xlarge,8,32,16,540.2,1162.0,19836.6,0,1,79.6,5074.17
GCP,europe-west2,e2-standard-2,2,8,20,637.3,515.6,8360.7,0,0,61.7,1680.55
Azure,eastus,D2s_v5,2,8,7,661.2,2891.0,16211.9,1,0,25.6,2015.88
GCP,asia-southeast1,n2-standard-8,8,32,20,542.7,2218.4,17321.5,1,1,61.9,6189.74
GCP,us-central1,n2-standard-4,4,16,19,405.6,2944.7,7815.7,1,1,27.5,2478.87
GCP,us-central1,e2-standard-2,2,8,4,664.4,829.4,16386.0,0,1,70.2,1587.18
GCP,asia-southeast1,e2-medium,2,4,1,580.2,2433.5,9227.3,0,0,43.3,995.8
GCP,asia-southeast1,n2-standard-8,8,32,10,537.9,3077.4,10120.5,1,0,67.0,3481.81
AWS,eu-west-2,m6i.2xlarge,8,32,14,468.7,252.4,13208.8,1,1,19.0,3864.18
Azure,uksouth,D4s_v5,4,16,17,666.8,2949.8,19304.2,0,0,43.0,4249.13
Azure,eastus,D2s_v5,2,8,10,613.1,2608.0,15438.0,0,0,19.0,2016.94
Azure,uksouth,B2ms,2,8,18,694.5,973.2,1770.0,0,1,55.6,1404.02
AWS,ap-southeast-1,m6i.xlarge,4,16,4,594.5,1565.7,11488.8,1,0,42.9,1736.23
GCP,asia-southeast1,n2-standard-4,4,16,6,703.0,3235.6,11422.4,1,0,54.4,2142.4
GCP,europe-west2,n2-standard-4,4,16,12,181.1,3263.4,15985.5,1,0,52.3,2127.54
GCP,asia-southeast1,e2-medium,2,4,2,187.4,850.1,18302.5,1,0,76.1,1615.7
Azure,uksouth,D2s_v5,2,8,1,185.3,3956.3,10548.5,1,1,78.0,1320.62
Azure,uksouth,B2ms,2,8,9,576.1,109.1,17978.3,1,1,33.0,2023.82
Azure,southeastasia,D4s_v5,4,16,8,583.1,2002.9,13359.6,1,1,51.8,2444.77
Azure,eastus,D16s_v5,16,64,9,230.9,411.2,4994.0,0,1,5.7,2201.1
GCP,us-central1,n2-standard-4,4,16,7,268.4,2630.6,12828.6,1,1,37.8,1721.88
AWS,ap-southeast-1,m6i.large,2,8,19,724.5,1830.6,7606.6,0,0,54.3,2395.55
AWS,eu-west-2,m6i.2xlarge,8,32,20,266.2,1401.6,8420.3,0,1,15.0,3070.62
AWS,us-east-1,m6i.2xlarge,8,32,6,383.4,3387.9,14972.2,0,0,14.1,2494.65
AWS,us-east-1,m6i.2xlarge,8,32,13,318.8,217.5,10704.0,0,0,24.2,2597.22
Azure,southeastasia,D16s_v5,16,64,4,743.7,2885.5,12586.4,1,0,86.9,3956.86
AWS,eu-west-2,t3.medium,2,4,15,458.1,329.8,19980.6,1,1,38.0,2090.32
Azure,southeastasia,D4s_v5,4,16,17,222.2,962.7,1883.2,0,1,92.0,1089.61
AWS,eu-west-2,m6i.xlarge,4,16,18,504.1,3330.3,12680.7,0,0,28.4,3239.49
Azure,uksouth,D16s_v5,16,64,7,352.6,2141.5,17636.5,0,1,67.0,3727.38
GCP,us-central1,n2-standard-8,8,32,7,653.5,621.8,7067.9,1,1,18.1,2417.08
GCP,europe-west2,n2-standard-16,16,64,13,227.7,3482.0,13363.2,1,1,22.5,3999.47
GCP,europe-west2,e2-medium,2,4,15,351.7,236.3,3374.8,0,1,53.3,517.89
GCP,asia-southeast1,e2-standard-2,2,8,5,439.3,1864.3,16705.7,0,1,16.1,1645.88
AWS,ap-southeast-1,m6i.xlarge,4,16,13,584.4,2632.0,17505.7,0,1,21.4,3310.99
Azure,southeastasia,D8s_v5,8,32,2,460.3,3849.7,2454.4,0,1,5.2,945.74
AWS,eu-west-2,m6i.2xlarge,8,32,4,214.3,3793.6,19307.3,0,0,79.8,2320.17
GCP,us-central1,e2-medium,2,4,15,666.2,1928.3,14339.4,0,1,30.6,1683.99
GCP,asia-southeast1,n2-standard-4,4,16,11,382.7,2475.8,8398.8,0,0,46.2,1849.0
GCP,europe-west2,n2-standard-8,8,32,14,658.1,3565.9,15265.5,0,1,54.6,5321.7
Azure,uksouth,D4s_v5,4,16,5,199.3,2987.3,2497.3,0,1,11.0,680.82
GCP,asia-southeast1,e2-medium,2,4,14,698.4,61.0,9314.8,1,1,7.1,1244.7
GCP,asia-southeast1,e2-standard-2,2,8,15,549.2,849.2,18023.0,0,1,41.7,2133.42
AWS,ap-southeast-1,t3.medium,2,4,7,256.3,822.8,5931.6,1,0,91.8,750.18
AWS,eu-west-2,t3.large,2,8,7,193.5,1502.8,13501.5,0,0,15.6,1418.13
Azure,southeastasia,D8s_v5,8,32,1,707.0,2862.1,15656.3,0,1,76.9,1871.12
GCP,europe-west2,e2-standard-2,2,8,20,266.5,1434.5,14710.9,0,1,68.1,1676.49
AWS,eu-west-2,t3.medium,2,4,6,529.0,2190.1,15953.1,0,1,6.7,1706.49
GCP,us-central1,e2-medium,2,4,7,519.2,3173.6,19199.1,0,0,60.9,1891.77
AWS,eu-west-2,m6i.large,2,8,7,435.9,3645.8,11277.2,1,1,90.8,1640.15
GCP,asia-southeast1,e2-medium,2,4,20,737.0,2251.6,6648.8,1,1,39.9,1394.54
Azure,southeastasia,D4s_v5,4,16,13,455.1,2016.9,7606.1,0,0,44.5,2158.03
Azure,uksouth,D2s_v5,2,8,14,197.7,3761.7,18797.8,1,0,76.8,2134.41
Azure,uksouth,D8s_v5,8,32,13,310.0,2114.7,2299.4,1,0,69.5,2199.39
AWS,ap-southeast-1,m6i.large,2,8,3,659.8,1206.5,10699.7,1,1,55.6,1380.73
GCP,europe-west2,e2-standard-2,2,8,15,573.4,2184.7,17561.5,1,1,22.0,2197.93
GCP,us-central1,n2-standard-2,2,8,11,292.9,83.9,5652.4,0,0,44.5,801.52
AWS,us-east-1,t3.large,2,8,18,322.8,3230.5,3755.2,0,0,55.1,1074.93
Azure,southeastasia,D4s_v5,4,16,8,191.9,3662.2,15898.7,1,1,32.7,2027.57
Azure,uksouth,B2ms,2,8,16,183.5,3696.3,3313.7,1,0,71.0,898.56
AWS,eu-west-2,m6i.large,2,8,18,214.6,323.6,3103.2,1,0,52.9,767.86
Azure,southeastasia,D2s_v5,2,8,11,228.2,1599.1,15328.2,0,0,82.1,1692.19
AWS,ap-southeast-1,m6i.4xlarge,16,64,16,507.8,3606.6,11797.4,1,1,78.2,8308.23
AWS,ap-southeast-1,t3.large,2,8,14,404.9,1376.2,3401.9,0,0,33.2,975.41
AWS,us-east-1,m6i.4xlarge,16,64,11,335.2,113.6,4312.5,0,1,6.2,3290.79
GCP,asia-southeast1,e2-medium,2,4,9,413.4,2296.0,14910.2,0,0,67.2,1492.45
GCP,us-central1,n2-standard-8,8,32,9,681.4,659.7,6199.2,0,0,10.3,2908.53
GCP,us-central1,n2-standard-16,16,64,8,681.5,3106.4,18476.3,0,0,51.2,6113.16
AWS,ap-southeast-1,m6i.large,2,8,3,301.9,2616.4,2546.8,0,1,12.9,579.98
AWS,us-east-1,m6i.2xlarge,8,32,9,511.5,1170.9,16023.2,1,0,68.7,3265.68
GCP,us-central1,e2-standard-2,2,8,2,654.9,2809.4,3499.6,0,1,10.1,603.12
Azure,southeastasia,D2s_v5,2,8,2,487.3,563.4,1853.2,1,1,81.2,387.21
Azure,southeastasia,D8s_v5,8,32,4,220.3,917.5,17046.6,0,0,38.3,1868.61
Azure,uksouth,D8s_v5,8,32,1,445.2,972.2,8569.7,0,1,70.2,1042.88
Azure,eastus,D4s_v5,4,16,12,456.0,500.9,15065.3,0,0,23.1,2350.83
AWS,eu-west-2,t3.large,2,8,1,306.1,1008.6,12379.2,0,0,28.8,1189.32
GCP,europe-west2,n2-standard-16,16,64,10,255.9,971.7,15114.0,0,1,41.9,3376.82
GCP,europe-west2,e2-medium,2,4,20,648.4,1108.1,2238.6,1,0,54.2,820.62
GCP,europe-west2,n2-standard-8,8,32,16,511.1,1482.0,366.1,0,0,28.6,3602.89
Azure,eastus,D8s_v5,8,32,13,345.9,1255.2,7532.4,0,1,39.0,2514.7
GCP,europe-west2,n2-standard-2,2,8,15,678.4,3963.4,9721.3,0,1,75.1,2234.85
Azure,uksouth,B2ms,2,8,2,296.1,2782.1,5042.5,1,1,24.8,771.78
Azure,eastus,D4s_v5,4,16,15,571.7,2161.8,7741.1,0,0,59.3,2548.31
Azure,southeastasia,D4s_v5,4,16,13,306.8,2023.4,3037.7,0,0,93.1,1329.26
Azure,southeastasia,D16s_v5,16,64,11,588.3,3472.0,17068.0,1,0,93.3,7444.38
GCP,europe-west2,n2-standard-8,8,32,11,222.9,1036.7,1839.9,0,0,63.4,1304.45
GCP,asia-southeast1,n2-standard-8,8,32,16,490.4,1841.4,12586.6,0,0,77.2,4426.57
AWS,eu-west-2,m6i.4xlarge,16,64,19,690.3,1703.5,16955.0,0,1,47.9,12616.65
GCP,asia-southeast1,e2-medium,2,4,4,312.2,2855.4,12547.7,0,1,40.0,1342.57
AWS,ap-southeast-1,t3.large,2,8,6,342.6,3657.2,16382.7,1,1,34.5,1891.46
AWS,us-east-1,m6i.4xlarge,16,64,11,330.5,938.6,9150.1,0,1,28.5,3573.02
AWS,ap-southeast-1,t3.large,2,8,18,478.0,1515.1,4368.3,0,0,36.5,1292.71
AWS,ap-southeast-1,m6i.xlarge,4,16,2,528.4,125.7,9924.2,1,0,88.6,1211.63
Azure,southeastasia,D4s_v5,4,16,11,279.4,3692.1,12418.4,0,0,30.9,2053.64
AWS,ap-southeast-1,t3.large,2,8,9,599.2,3676.2,8602.1,1,1,89.2,1738.47
AWS,ap-southeast-1,m6i.large,2,8,15,190.2,912.4,9855.8,1,0,54.1,1280.11
GCP,asia-southeast1,e2-medium,2,4,13,399.4,2722.2,15723.5,0,0,38.0,1703.72
GCP,europe-west2,n2-standard-8,8,32,17,197.0,1004.4,19755.2,0,1,93.2,3115.74
AWS,ap-southeast-1,t3.medium,2,4,1,695.2,3842.3,12575.2,0,1,56.5,1445.39
GCP,europe-west2,n2-standard-4,4,16,9,546.1,3356.9,16720.2,1,1,8.5,2730.7
GCP,us-central1,n2-standard-2,2,8,5,704.7,2480.7,8012.4,0,1,13.2,1210.13
AWS,eu-west-2,m6i.4xlarge,16,64,3,305.6,3045.0,752.5,1,0,79.4,1127.6
GCP,asia-southeast1,e2-standard-2,2,8,13,440.9,261.3,5513.0,0,0,35.8,875.36
GCP,us-central1,e2-medium,2,4,5,412.6,3747.5,9087.8,0,1,18.6,1139.33
AWS,us-east-1,m6i.large,2,8,4,730.9,3236.4,6968.2,0,1,59.6,1212.7
AWS,eu-west-2,m6i.xlarge,4,16,9,698.4,1625.7,14540.3,0,1,12.9,2764.26
Azure,eastus,D8s_v5,8,32,14,461.9,318.3,1403.9,0,0,14.9,2711.39
AWS,eu-west-2,m6i.large,2,8,12,368.3,2927.3,13115.6,0,1,42.6,1860.84
Azure,southeastasia,B2ms,2,8,8,456.2,1832.0,2049.4,1,1,59.2,754.3
GCP,asia-southeast1,n2-standard-8,8,32,19,374.5,737.8,1841.8,0,1,20.7,3361.23
Azure,eastus,D4s_v5,4,16,6,698.8,3954.8,8448.0,1,1,49.6,1969.14
AWS,us-east-1,t3.medium,2,4,20,259.5,1420.0,11615.8,0,1,74.4,1392.16
AWS,eu-west-2,m6i.large,2,8,1,546.5,874.2,18393.1,0,1,22.5,1722.61
Azure,southeastasia,D4s_v5,4,16,1,603.7,1165.1,11648.7,1,0,65.4,1287.45
GCP,europe-west2,e2-standard-2,2,8,5,443.0,2134.1,16545.4,1,0,22.4,1704.62
Azure,southeastasia,D16s_v5,16,64,11,725.7,1654.1,13985.7,1,1,56.0,8589.89
Azure,eastus,B2ms,2,8,20,506.8,3426.4,15984.6,0,1,48.1,2372.05
Azure,southeastasia,D2s_v5,2,8,14,642.4,3826.7,11093.3,0,0,61.3,2367.86
Azure,southeastasia,D16s_v5,16,64,20,641.1,3012.7,6591.7,0,0,89.3,12565.57
GCP,asia-southeast1,n2-standard-4,4,16,2,232.9,3011.1,6934.8,0,1,89.1,937.82
GCP,asia-southeast1,n2-standard-8,8,32,3,519.0,2774.3,15596.0,0,0,12.4,2187.36
AWS,ap-southeast-1,m6i.4xlarge,16,64,5,199.6,3027.7,5392.8,0,1,13.3,1611.76
GCP,us-central1,e2-medium,2,4,16,547.4,2914.4,7077.7,0,1,17.1,1126.9
GCP,europe-west2,n2-standard-8,8,32,4,397.2,2848.7,711.4,0,1,72.2,984.43
AWS,eu-west-2,t3.large,2,8,5,360.4,1932.6,4197.5,0,1,42.9,701.86
GCP,europe-west2,e2-medium,2,4,17,550.1,3032.2,10460.1,1,1,44.3,1512.56
AWS,eu-west-2,m6i.4xlarge,16,64,3,301.5,2667.7,11499.0,0,1,84.1,2020.63
GCP,asia-southeast1,n2-standard-16,16,64,11,353.3,77.2,15748.1,1,1,29.9,4797.51
Azure,eastus,D16s_v5,16,64,6,420.1,2994.4,17845.4,0,1,5.2,3717.63
Azure,eastus,D16s_v5,16,64,13,384.3,2067.3,8240.6,0,1,94.5,5016.73
AWS,us-east-1,t3.medium,2,4,7,403.8,3855.6,18716.1,1,1,93.9,2063.2
AWS,ap-southeast-1,m6i.xlarge,4,16,20,641.7,2238.8,9404.8,0,1,43.6,3789.74
AWS,eu-west-2,m6i.xlarge,4,16,13,727.7,2260.1,6419.7,1,1,15.8,2750.74
Azure,uksouth,D2s_v5,2,8,11,288.6,1991.7,752.7,0,1,86.5,573.87
GCP,asia-southeast1,e2-standard-2,2,8,16,660.1,3518.4,17412.6,1,1,68.7,2537.18
Azure,uksouth,D16s_v5,16,64,9,244.4,689.9,12756.7,0,0,67.4,2989.18
AWS,ap-southeast-1,t3.large,2,8,2,400.5,1497.7,15348.3,0,0,50.4,1507.47
GCP,europe-west2,n2-standard-16,16,64,4,214.1,2008.7,8272.1,1,0,63.0,1677.99
AWS,ap-southeast-1,m6i.large,2,8,15,226.7,2080.3,12444.9,0,0,39.7,1669.11
GCP,europe-west2,n2-standard-16,16,64,7,265.3,1894.9,4028.6,0,0,75.4,2022.69
AWS,ap-southeast-1,t3.medium,2,4,14,684.0,2240.0,14208.6,0,0,72.7,1872.36
AWS,eu-west-2,m6i.large,2,8,2,405.8,299.4,3642.3,0,1,19.2,463.4
Azure,uksouth,D8s_v5,8,32,13,273.4,2308.0,13262.9,0,0,27.5,2848.06
AWS,ap-southeast-1,t3.large,2,8,1,196.5,2124.3,17303.8,0,0,92.3,1619.9
AWS,ap-southeast-1,m6i.large,2,8,4,200.5,622.6,4022.0,1,1,75.5,577.4
GCP,asia-southeast1,n2-standard-2,2,8,12,265.7,105.0,9587.3,0,0,8.1,1163.52
Azure,southeastasia,B2ms,2,8,17,332.9,2620.6,9879.0,1,0,25.1,1680.38
AWS,ap-southeast-1,m6i.xlarge,4,16,10,581.2,123.5,4725.4,1,0,87.4,1729.03
AWS,us-east-1,t3.large,2,8,10,733.6,2670.6,1394.2,1,1,32.6,1020.9
AWS,ap-southeast-1,m6i.2xlarge,8,32,8,378.3,2951.8,10681.5,0,1,41.4,2524.29
AWS,ap-southeast-1,m6i.4xlarge,16,64,8,573.7,2237.4,7717.8,0,0,65.8,4843.44
Azure,southeastasia,D2s_v5,2,8,11,281.6,3389.4,6640.5,0,0,31.5,1203.13
AWS,us-east-1,m6i.2xlarge,8,32,4,735.0,1719.2,15677.3,1,1,10.7,2631.69
GCP,us-central1,e2-medium,2,4,5,554.4,3640.0,8177.2,0,1,46.9,1109.87
GCP,europe-west2,n2-standard-8,8,32,3,733.4,37.5,5349.0,0,1,26.5,1426.26
AWS,us-east-1,t3.medium,2,4,15,245.4,243.4,9757.4,0,1,31.4,1055.54
Azure,southeastasia,D4s_v5,4,16,19,299.5,2306.8,310.5,1,1,15.1,1586.62
AWS,eu-west-2,m6i.xlarge,4,16,9,245.5,1735.7,8565.0,1,1,6.0,1456.39
AWS,ap-southeast-1,t3.medium,2,4,8,210.6,1590.3,8748.2,1,1,49.9,1085.02
Azure,southeastasia,D2s_v5,2,8,13,210.4,3301.6,5320.4,1,0,52.9,1079.6
Azure,southeastasia,B2ms,2,8,1,327.1,1051.6,15217.8,1,0,88.9,1476.48
AWS,us-east-1,t3.medium,2,4,4,574.3,3132.6,18402.2,0,0,9.9,1862.69
GCP,asia-southeast1,n2-standard-8,8,32,12,572.8,2341.8,8189.0,0,0,34.6,3877.96
AWS,eu-west-2,t3.medium,2,4,16,413.7,2158.2,15995.9,1,0,74.7,1857.62
Azure,eastus,D16s_v5,16,64,1,239.3,594.7,2071.6,1,0,64.3,452.45
AWS,eu-west-2,m6i.large,2,8,8,676.9,1062.6,13890.5,0,0,45.0,1761.8
GCP,us-central1,n2-standard-16,16,64,11,325.4,1018.8,9035.3,1,1,14.5,3617.41
Azure,southeastasia,D2s_v5,2,8,8,492.3,3742.2,9981.9,0,1,27.9,1662.85
AWS,eu-west-2,t3.large,2,8,9,729.7,704.5,1534.1,1,1,94.3,845.02
GCP,europe-west2,n2-standard-16,16,64,12,435.6,851.1,7890.4,1,0,78.5,5236.68
AWS,us-east-1,m6i.4xlarge,16,64,13,579.6,1492.6,9750.7,1,1,45.2,6743.84
AWS,eu-west-2,m6i.xlarge,4,16,5,402.4,3782.8,4359.9,1,0,53.9,1184.83
GCP,us-central1,n2-standard-4,4,16,7,393.0,2390.8,11927.3,0,0,6.0,1698.45
Azure,southeastasia,D2s_v5,2,8,5,358.8,3630.1,14764.4,1,1,68.9,1817.68
GCP,europe-west2,n2-standard-8,8,32,10,675.9,1540.8,7903.3,0,1,17.5,3554.04
Azure,eastus,D2s_v5,2,8,7,230.2,914.9,5009.4,1,0,63.0,721.46
Azure,southeastasia,D8s_v5,8,32,3,288.7,3596.7,12686.2,0,1,56.9,1773.6
AWS,ap-southeast-1,t3.medium,2,4,15,443.3,549.3,12767.1,0,1,93.0,1481.59
Azure,southeastasia,D2s_v5,2,8,18,586.8,3710.5,14813.0,0,1,79.6,2763.68
Azure,uksouth,D16s_v5,16,64,9,441.1,889.1,999.6,0,0,64.9,3516.62
AWS,ap-southeast-1,m6i.xlarge,4,16,7,316.5,281.5,2960.2,0,0,86.7,743.73
GCP,asia-southeast1,n2-standard-4,4,16,5,349.9,2908.7,19787.1,1,0,28.5,2215.42
AWS,us-east-1,m6i.2xlarge,8,32,3,198.1,2900.8,2919.2,0,0,81.2,717.5
Azure,eastus,B2ms,2,8,10,282.2,1506.6,11376.4,0,1,25.5,1283.06
AWS,eu-west-2,m6i.xlarge,4,16,19,542.3,2236.2,13161.5,1,0,23.8,3489.33
GCP,us-central1,n2-standard-2,2,8,10,604.9,2969.4,8574.0,0,0,69.8,1587.47
AWS,us-east-1,m6i.2xlarge,8,32,11,566.0,697.2,13049.6,1,0,40.0,3660.34
AWS,us-east-1,m6i.large,2,8,6,274.3,3478.1,2505.0,0,1,76.8,676.17
GCP,asia-southeast1,n2-standard-8,8,32,12,276.0,1419.4,2273.9,0,1,94.4,1739.62
AWS,eu-west-2,m6i.large,2,8,11,322.8,3387.6,15163.7,0,0,20.8,1919.18
GCP,us-central1,n2-standard-4,4,16,10,670.0,2949.5,5718.4,0,0,8.3,1991.29
Azure,uksouth,B2ms,2,8,7,359.3,2999.8,18326.5,0,0,14.1,1964.08
AWS,us-east-1,m6i.xlarge,4,16,10,533.5,817.9,8970.8,0,0,61.6,1855.36
Azure,uksouth,D2s_v5,2,8,20,582.7,3632.5,19034.6,0,1,52.6,3081.03
GCP,us-central1,n2-standard-16,16,64,8,300.0,2335.3,16347.8,1,0,74.0,3375.79
AWS,eu-west-2,t3.large,2,8,3,711.2,157.4,16877.9,1,1,33.4,1749.73
Azure,southeastasia,D4s_v5,4,16,14,590.5,1173.3,19507.5,1,0,75.1,3673.18
Azure,uksouth,B2ms,2,8,7,563.2,3763.1,13446.9,0,0,34.7,1790.19
AWS,eu-west-2,t3.medium,2,4,12,629.8,1061.8,14137.5,0,0,51.0,1594.85
Azure,uksouth,B2ms,2,8,4,635.8,1620.5,11594.9,0,1,29.7,1346.62
AWS,eu-west-2,m6i.large,2,8,8,370.9,954.5,8925.7,0,1,58.4,1177.9
GCP,us-central1,n2-standard-8,8,32,8,688.0,2056.4,16642.3,0,1,71.5,3694.71
Azure,southeastasia,B2ms,2,8,1,238.7,1697.0,14250.8,1,1,88.2,1462.52
GCP,europe-west2,n2-standard-8,8,32,4,235.5,2483.9,11162.7,0,0,10.4,1572.02
Azure,eastus,D4s_v5,4,16,14,248.3,1651.3,16323.9,1,0,87.0,2199.81
GCP,us-central1,n2-standard-4,4,16,18,581.3,1439.8,11235.0,1,1,79.7,3060.07
Azure,uksouth,D8s_v5,8,32,16,730.9,288.6,6607.3,1,0,54.1,5657.39
AWS,ap-southeast-1,m6i.xlarge,4,16,13,462.2,256.1,17290.3,0,1,91.4,2818.49
GCP,us-central1,n2-standard-8,8,32,11,259.4,2289.2,6228.6,1,0,34.9,1875.45
Azure,eastus,D16s_v5,16,64,6,652.1,803.2,2553.2,0,1,82.2,3464.5
GCP,asia-southeast1,n2-standard-2,2,8,11,723.5,1213.1,1172.5,0,1,36.6,1043.97
GCP,europe-west2,n2-standard-4,4,16,2,293.9,1966.5,8438.1,0,0,36.8,1002.53
Azure,eastus,D8s_v5,8,32,18,208.8,2328.9,3455.6,0,1,10.4,1970.82
Azure,eastus,B2ms,2,8,9,571.2,2774.9,19467.6,1,1,82.5,2322.9
Azure,eastus,D4s_v5,4,16,14,448.8,1379.7,11927.4,1,0,51.1,2420.96
Azure,southeastasia,D2s_v5,2,8,3,527.9,3463.4,459.8,0,1,48.1,527.77
GCP,asia-southeast1,e2-standard-2,2,8,8,299.4,3333.4,12279.8,1,0,10.0,1530.1
GCP,asia-southeast1,e2-standard-2,2,8,17,187.3,372.0,339.1,0,1,38.5,302.94
Azure,uksouth,D2s_v5,2,8,12,680.8,3079.4,17700.3,0,1,21.7,2547.41
GCP,europe-west2,n2-standard-8,8,32,8,542.9,175.0,14259.6,1,1,93.1,3026.55
AWS,us-east-1,t3.large,2,8,11,378.2,2154.2,19604.5,0,0,69.8,2161.32
AWS,eu-west-2,m6i.large,2,8,19,484.3,666.8,19006.1,0,1,71.2,2592.26
Azure,eastus,B2ms,2,8,11,506.1,1184.5,816.3,1,1,51.0,698.97
GCP,us-central1,n2-standard-16,16,64,2,318.4,1140.3,9694.7,0,1,19.2,1417.36
Azure,uksouth,D2s_v5,2,8,17,558.0,2766.8,894.1,1,0,29.8,1358.88
GCP,us-central1,e2-medium,2,4,11,327.0,3121.4,73.7,1,0,87.6,425.32
AWS,eu-west-2,m6i.2xlarge,8,32,7,531.3,1658.1,8689.1,0,0,22.7,2409.21
GCP,asia-southeast1,n2-standard-2,2,8,6,566.9,2727.6,16994.5,1,0,61.3,1979.84
GCP,asia-southeast1,n2-standard-8,8,32,8,306.5,2528.9,3805.3,0,1,42.9,1593.17
AWS,us-east-1,m6i.2xlarge,8,32,18,569.1,394.9,6761.2,0,0,62.0,4530.95
AWS,eu-west-2,m6i.4xlarge,16,64,6,423.8,239.6,437.1,0,1,27.0,2172.24
GCP,us-central1,n2-standard-4,4,16,5,575.1,3157.7,16804.5,0,0,46.2,2216.8
AWS,ap-southeast-1,m6i.xlarge,4,16,15,558.4,655.0,11293.9,1,0,38.9,2952.42
Azure,uksouth,D4s_v5,4,16,8,575.6,3634.0,225.6,1,0,56.2,1349.24
Azure,southeastasia,D4s_v5,4,16,12,453.9,102.7,18919.9,0,1,94.3,2702.85
Azure,eastus,D8s_v5,8,32,15,614.0,3326.8,13701.9,1,1,21.2,5287.91
AWS,eu-west-2,m6i.large,2,8,1,194.3,1975.9,8185.4,0,1,11.8,929.03
AWS,us-east-1,m6i.2xlarge,8,32,19,520.6,2580.7,18308.4,0,0,52.1,5567.91
Azure,eastus,D2s_v5,2,8,17,430.3,832.5,16560.8,1,0,68.0,2179.82
AWS,eu-west-2,m6i.xlarge,4,16,4,432.8,3025.0,17733.8,0,1,25.0,2049.58
Azure,southeastasia,B2ms,2,8,17,260.4,394.2,6822.2,0,0,13.1,1033.95
AWS,us-east-1,t3.medium,2,4,8,404.7,290.8,5766.4,1,0,62.8,723.1
AWS,eu-west-2,t3.large,2,8,16,317.5,64.9,2958.6,1,0,92.3,779.55
GCP,us-central1,e2-medium,2,4,13,557.2,2410.2,12936.6,1,0,73.1,1530.9
Azure,uksouth,D4s_v5,4,16,5,693.9,1547.7,9674.6,1,1,25.5,1784.55
Azure,uksouth,D8s_v5,8,32,9,445.4,3124.0,10452.4,1,1,76.7,2992.64
GCP,europe-west2,n2-standard-16,16,64,19,184.3,3720.1,5359.3,1,1,51.2,3861.16
AWS,eu-west-2,t3.medium,2,4,14,662.6,1160.5,6293.3,0,1,80.1,1129.12
AWS,us-east-1,m6i.large,2,8,4,363.0,2574.3,5090.3,0,1,28.5,828.6
Azure,uksouth,D16s_v5,16,64,3,429.9,144.9,13654.5,0,0,67.9,2237.81
AWS,ap-southeast-1,m6i.xlarge,4,16,10,362.6,2914.5,1519.3,1,1,46.4,1251.09
GCP,asia-southeast1,e2-medium,2,4,10,541.7,3818.3,3453.8,1,1,23.0,870.19
AWS,us-east-1,m6i.4xlarge,16,64,5,420.5,1184.8,10904.5,0,0,41.5,2656.9
GCP,asia-southeast1,e2-medium,2,4,18,309.2,2873.4,12279.0,0,1,71.0,1466.44
GCP,asia-southeast1,n2-standard-8,8,32,14,271.0,2958.7,12954.2,0,1,25.6,2978.41
Azure,uksouth,D2s_v5,2,8,15,474.8,2989.3,6211.8,1,1,31.1,1623.97
AWS,us-east-1,m6i.large,2,8,19,320.9,2744.1,10551.3,1,0,90.9,1824.04
Azure,southeastasia,D8s_v5,8,32,6,482.6,620.4,9380.7,1,0,61.9,2237.46
AWS,ap-southeast-1,m6i.2xlarge,8,32,7,256.0,3202.2,11151.2,1,1,30.0,2110.43
Azure,uksouth,D2s_v5,2,8,17,334.0,1890.4,19358.3,0,0,76.9,2302.49
GCP,asia-southeast1,n2-standard-8,8,32,12,214.0,849.3,8891.0,1,1,10.3,1992.88
AWS,eu-west-2,m6i.large,2,8,8,326.0,2449.3,5535.5,0,1,66.2,975.65
GCP,us-central1,n2-standard-8,8,32,20,660.4,3860.4,16556.8,0,1,11.7,6712.8
GCP,asia-southeast1,e2-standard-2,2,8,9,718.9,717.9,10775.9,0,1,9.2,1464.78
AWS,us-east-1,m6i.large,2,8,9,417.1,2342.9,2941.5,0,1,45.7,827.65
GCP,us-central1,e2-medium,2,4,16,533.7,850.9,12035.0,1,0,93.5,1438.37
GCP,us-central1,n2-standard-2,2,8,16,199.4,2187.4,17141.9,1,0,18.2,1890.81
AWS,ap-southeast-1,m6i.4xlarge,16,64,16,400.6,539.9,10408.5,0,1,89.0,6524.23
GCP,asia-southeast1,n2-standard-4,4,16,15,424.5,975.6,5475.7,1,1,65.4,1977.56
Azure,eastus,D8s_v5,8,32,3,481.5,2821.9,15560.8,0,1,56.6,2079.69
Azure,eastus,D16s_v5,16,64,20,702.1,401.9,5543.6,1,0,50.2,11664.42
GCP,asia-southeast1,e2-medium,2,4,17,605.7,723.6,6887.1,0,0,84.0,1007.77
AWS,eu-west-2,t3.medium,2,4,6,470.3,1844.8,3097.4,1,1,13.0,631.5
Azure,southeastasia,B2ms,2,8,14,526.1,2246.7,14978.6,1,1,51.6,2156.84
AWS,eu-west-2,m6i.large,2,8,5,328.7,3422.2,5324.3,0,0,71.4,955.08
Azure,southeastasia,D2s_v5,2,8,13,241.4,2803.3,12238.5,1,1,92.4,1671.51
GCP,asia-southeast1,e2-standard-2,2,8,9,403.4,2230.8,12517.4,0,1,49.9,1534.29
AWS,eu-west-2,m6i.xlarge,4,16,8,487.5,1529.1,6598.5,1,1,73.5,1630.14
AWS,us-east-1,m6i.xlarge,4,16,12,723.8,1380.3,7779.5,0,1,49.3,2504.84
AWS,eu-west-2,m6i.2xlarge,8,32,12,556.1,884.0,5229.0,0,0,77.6,3322.47
Azure,uksouth,D8s_v5,8,32,11,420.5,1927.3,14837.0,0,1,17.5,3368.45
AWS,eu-west-2,m6i.2xlarge,8,32,5,289.5,829.9,3936.8,0,0,79.5,1007.21
AWS,us-east-1,m6i.2xlarge,8,32,14,434.4,3117.9,9879.1,0,1,80.0,3498.02
Azure,southeastasia,D4s_v5,4,16,8,723.5,658.4,400.3,0,0,15.0,1378.8
Azure,eastus,B2ms,2,8,12,440.2,222.8,10387.7,0,0,90.1,1373.23
AWS,us-east-1,t3.medium,2,4,1,258.5,1362.5,10507.2,1,0,91.1,1102.68
GCP,asia-southeast1,e2-medium,2,4,14,204.5,2476.9,4856.8,0,0,25.0,725.74
AWS,ap-southeast-1,m6i.2xlarge,8,32,13,508.4,3546.9,10207.4,0,0,64.9,4116.34
GCP,us-central1,n2-standard-16,16,64,4,217.2,199.3,996.3,0,0,80.3,755.42
GCP,europe-west2,n2-standard-16,16,64,15,470.6,1926.5,14920.5,0,0,49.4,7389.14
GCP,europe-west2,e2-standard-2,2,8,3,347.9,237.1,4023.3,0,1,86.1,443.17
GCP,asia-southeast1,e2-standard-2,2,8,2,451.3,906.2,2059.1,1,1,28.4,393.13
GCP,us-central1,e2-medium,2,4,8,195.4,468.4,15920.8,1,0,83.7,1392.38
AWS,eu-west-2,t3.large,2,8,18,600.5,2921.5,17414.7,1,1,48.5,2780.86
Azure,eastus,D2s_v5,2,8,12,729.0,1873.4,4640.4,1,0,18.3,1459.21
AWS,us-east-1,m6i.2xlarge,8,32,20,196.4,763.6,13424.4,1,1,55.1,2827.32
Azure,uksouth,D16s_v5,16,64,15,639.8,2499.9,11556.4,0,1,51.0,9409.98
AWS,us-east-1,m6i.4xlarge,16,64,19,182.1,1241.9,3087.2,0,0,40.2,3062.52
AWS,eu-west-2,t3.large,2,8,13,657.7,731.7,17701.3,1,1,22.6,2397.39
Azure,eastus,D8s_v5,8,32,20,611.5,2225.2,18709.6,1,1,79.6,6650.66
Azure,southeastasia,D2s_v5,2,8,16,340.4,1434.9,6370.6,1,1,5.3,1366.67
Azure,uksouth,D16s_v5,16,64,10,271.3,347.1,5568.8,1,1,14.1,2839.46
Azure,eastus,D8s_v5,8,32,9,579.9,1254.6,1649.9,1,0,80.8,2220.09
AWS,us-east-1,t3.large,2,8,15,197.0,3585.0,4268.9,1,1,91.4,951.6
AWS,us-east-1,m6i.4xlarge,16,64,4,636.0,2660.4,8192.7,1,0,11.2,2957.02
GCP,europe-west2,n2-standard-16,16,64,13,726.2,2242.5,5610.8,0,0,86.7,8716.36
GCP,europe-west2,n2-standard-4,4,16,9,517.4,66.2,2837.2,1,1,32.4,1295.22
Azure,uksouth,D8s_v5,8,32,14,210.9,2437.3,8733.3,0,0,10.9,2238.24
Azure,eastus,D4s_v5,4,16,8,689.4,3011.8,3015.8,1,1,16.8,1657.61
Azure,uksouth,D8s_v5,8,32,2,497.0,325.3,8501.2,0,1,62.5,1197.23
GCP,europe-west2,n2-standard-2,2,8,7,592.2,2128.3,10185.7,0,0,38.2,1480.9
AWS,ap-southeast-1,m6i.2xlarge,8,32,17,487.3,2753.5,1503.5,1,1,78.7,3963.28
Azure,southeastasia,B2ms,2,8,2,620.9,3339.5,5089.8,1,1,39.2,920.04
GCP,us-central1,e2-medium,2,4,16,632.6,870.2,9798.0,0,0,92.2,1209.27
Azure,eastus,D16s_v5,16,64,16,234.8,3147.8,2666.8,0,0,74.1,3390.13
Azure,uksouth,D2s_v5,2,8,17,659.7,3178.1,18746.2,0,0,57.1,2917.59
Azure,southeastasia,D2s_v5,2,8,14,316.8,1006.4,15919.7,0,1,92.3,1909.5
GCP,asia-southeast1,n2-standard-2,2,8,9,692.2,3848.0,11339.1,0,0,83.0,1892.99
Azure,uksouth,D2s_v5,2,8,18,272.9,316.4,4848.0,1,1,58.0,1034.77
AWS,eu-west-2,t3.medium,2,4,7,306.4,398.5,13522.0,0,0,66.6,1273.96
Azure,southeastasia,D4s_v5,4,16,4,303.1,2557.1,12780.9,0,1,93.3,1572.16
GCP,asia-southeast1,n2-standard-8,8,32,19,478.5,763.9,7020.4,1,1,85.1,4657.1
GCP,us-central1,n2-standard-2,2,8,13,528.1,819.5,1019.6,0,1,89.3,835.53
GCP,asia-southeast1,e2-medium,2,4,14,555.2,641.0,13304.6,1,1,84.0,1544.38
GCP,us-central1,n2-standard-16,16,64,9,267.3,159.3,2990.6,0,0,50.6,2087.83
AWS,eu-west-2,m6i.2xlarge,8,32,16,271.2,847.6,11921.6,1,1,7.2,3013.31
GCP,europe-west2,e2-standard-2,2,8,19,610.4,3875.7,16777.3,1,1,24.4,2609.89
GCP,us-central1,n2-standard-8,8,32,11,320.8,2901.7,9757.8,0,1,35.2,2404.23
Azure,uksouth,D2s_v5,2,8,13,521.1,2664.7,1856.1,1,1,27.1,1167.72
Azure,eastus,D16s_v5,16,64,7,592.5,2403.8,8583.9,1,1,21.2,4392.2
GCP,us-central1,e2-medium,2,4,8,527.2,3247.1,17771.2,0,0,29.0,1784.49
AWS,ap-southeast-1,m6i.4xlarge,16,64,1,392.9,3434.7,11610.7,1,0,6.4,1727.49
GCP,asia-southeast1,n2-standard-8,8,32,15,215.5,3805.9,1340.7,0,1,36.8,1842.66
GCP,asia-southeast1,n2-standard-2,2,8,10,400.0,2567.8,7001.3,1,0,51.3,1287.14
GCP,europe-west2,n2-standard-8,8,32,15,303.5,3739.9,8954.5,0,0,69.8,3051.52
GCP,asia-southeast1,e2-standard-2,2,8,1,357.8,2666.1,6613.1,1,1,18.9,903.13
AWS,eu-west-2,t3.medium,2,4,15,243.5,856.2,11836.1,0,1,69.8,1308.76
AWS,ap-southeast-1,m6i.large,2,8,13,257.7,3384.6,14850.2,0,1,80.3,1936.89
GCP,europe-west2,n2-standard-4,4,16,16,536.3,3279.7,14177.0,0,1,39.1,3256.69
Azure,uksouth,D2s_v5,2,8,12,570.1,2231.2,14209.1,1,1,87.2,2188.82
AWS,us-east-1,m6i.xlarge,4,16,2,289.7,1841.3,14236.6,0,0,84.0,1474.32
GCP,us-central1,e2-standard-2,2,8,20,344.6,950.9,13404.9,0,1,38.4,1701.37
Azure,eastus,D4s_v5,4,16,11,701.3,3342.9,10248.4,0,1,46.6,2615.4
GCP,us-central1,n2-standard-16,16,64,16,380.8,3679.2,16803.9,1,0,25.1,6308.9
AWS,eu-west-2,t3.medium,2,4,8,426.2,2259.9,16877.5,0,1,81.4,1769.11
GCP,asia-southeast1,n2-standard-2,2,8,9,317.2,3315.2,12401.3,1,0,82.5,1650.05
AWS,eu-west-2,t3.medium,2,4,14,222.9,1349.6,15235.9,1,0,91.0,1565.86
GCP,us-central1,n2-standard-8,8,32,9,254.1,2774.7,9644.0,0,0,74.9,1908.22
Azure,southeastasia,B2ms,2,8,17,535.7,172.9,15519.3,0,0,68.0,2105.1
AWS,ap-southeast-1,m6i.2xlarge,8,32,11,630.1,3506.3,2304.3,1,1,40.2,3567.66
GCP,us-central1,n2-standard-2,2,8,7,482.5,2797.3,10185.2,0,1,36.1,1424.14
AWS,ap-southeast-1,t3.medium,2,4,9,351.1,3655.9,14465.5,1,0,27.7,1792.12
Azure,eastus,D4s_v5,4,16,11,405.1,2229.2,6042.4,1,1,27.1,1633.78
GCP,us-central1,e2-medium,2,4,6,481.0,1892.0,5327.2,0,0,66.2,693.1
GCP,us-central1,n2-standard-16,16,64,10,720.9,1747.2,13305.7,1,0,28.8,6814.8
Azure,southeastasia,B2ms,2,8,10,591.0,2890.8,14788.8,0,1,19.0,2006.07
GCP,us-central1,n2-standard-16,16,64,11,252.6,1989.1,8518.7,0,0,14.7,3005.97
AWS,us-east-1,m6i.2xlarge,8,32,18,612.4,3484.8,439.8,0,0,45.7,4527.79
Azure,eastus,B2ms,2,8,18,630.5,1944.6,565.5,1,0,68.3,1164.14
Azure,eastus,D4s_v5,4,16,20,246.0,650.0,5166.5,0,0,74.5,1475.58
Azure,uksouth,D16s_v5,16,64,6,518.6,1651.3,10476.8,1,1,47.5,3741.64
Azure,eastus,B2ms,2,8,20,201.3,3679.7,1604.0,0,1,22.7,781.27
GCP,europe-west2,n2-standard-4,4,16,13,263.0,984.1,13853.6,0,1,10.4,1950.97
AWS,us-east-1,m6i.xlarge,4,16,5,525.2,1112.6,19606.6,0,0,80.3,2311.6
AWS,ap-southeast-1,m6i.xlarge,4,16,11,667.0,741.2,15284.6,0,0,83.0,2971.77
Azure,eastus,D16s_v5,16,64,15,693.1,2803.7,5108.5,1,1,26.1,8919.69
Azure,southeastasia,B2ms,2,8,20,695.2,2992.7,19762.8,1,1,62.6,3230.11
GCP,europe-west2,n2-standard-8,8,32,19,682.7,959.8,8449.4,0,1,91.3,6118.49
AWS,ap-southeast-1,m6i.4xlarge,16,64,10,280.4,1700.1,13033.4,0,0,15.9,3675.99
AWS,ap-southeast-1,m6i.large,2,8,6,409.3,3977.0,3141.1,1,1,82.8,990.24
GCP,us-central1,n2-standard-2,2,8,13,536.6,635.7,16091.8,0,1,7.7,2023.03
Azure,uksouth,D4s_v5,4,16,5,431.6,3043.8,1088.4,1,1,9.1,870.19
AWS,eu-west-2,t3.large,2,8,16,197.1,1416.9,18588.9,0,0,48.5,1986.1
Azure,eastus,D16s_v5,16,64,4,607.6,3459.1,9350.8,0,1,6.7,2938.01
Azure,southeastasia,D16s_v5,16,64,19,376.8,2768.9,8496.6,0,1,83.7,7434.52
AWS,ap-southeast-1,m6i.xlarge,4,16,5,478.0,3488.4,8281.6,1,1,13.5,1630.72
AWS,ap-southeast-1,m6i.xlarge,4,16,10,430.8,2464.3,11037.3,1,1,64.1,2248.74
AWS,us-east-1,t3.large,2,8,8,642.1,3032.5,18586.2,0,1,44.4,2246.36
Azure,southeastasia,B2ms,2,8,20,522.1,3595.8,4541.2,1,1,40.5,1733.99
GCP,us-central1,e2-standard-2,2,8,2,619.5,509.1,16266.3,1,0,37.0,1475.33
Azure,eastus,D4s_v5,4,16,8,348.7,35.6,14502.8,1,0,53.9,1810.82
GCP,asia-southeast1,n2-standard-4,4,16,19,254.9,3339.1,6585.6,0,0,9.5,1855.71
GCP,us-central1,n2-standard-2,2,8,18,270.6,107.3,3108.8,0,0,92.3,759.7
Azure,eastus,B2ms,2,8,17,672.9,2122.8,4572.0,0,1,79.9,1513.79
AWS,us-east-1,m6i.xlarge,4,16,8,242.7,3899.8,19008.2,0,0,8.3,2299.41
GCP,asia-southeast1,n2-standard-16,16,64,18,186.5,1176.7,7076.8,0,0,10.9,3676.67
GCP,asia-southeast1,e2-medium,2,4,8,341.6,665.7,15086.3,1,1,52.9,1453.12
Azure,eastus,D8s_v5,8,32,20,670.3,2596.3,8782.6,1,0,26.5,6398.01
Azure,eastus,D2s_v5,2,8,5,362.1,2017.9,3236.5,1,1,46.2,690.13
AWS,eu-west-2,m6i.2xlarge,8,32,2,475.7,1300.9,17555.5,1,0,64.7,1995.86
GCP,europe-west2,e2-standard-2,2,8,5,474.3,1600.4,11692.6,0,1,59.2,1310.15
AWS,us-east-1,m6i.2xlarge,8,32,10,414.8,1006.0,2627.3,1,1,73.8,1935.03
AWS,ap-southeast-1,t3.large,2,8,14,269.3,1318.8,9396.4,1,1,55.9,1397.72
Azure,southeastasia,D2s_v5,2,8,9,353.7,1497.6,3681.5,1,1,52.0,883.58
AWS,ap-southeast-1,m6i.4xlarge,16,64,17,309.6,3553.0,6295.1,0,0,53.9,5400.04
GCP,asia-southeast1,n2-standard-4,4,16,5,236.6,687.2,2947.4,0,1,11.0,567.59
GCP,asia-southeast1,n2-standard-8,8,32,16,323.2,2305.7,3742.1,1,1,93.3,2766.86
GCP,europe-west2,n2-standard-2,2,8,11,681.2,2385.8,5261.7,0,1,40.8,1452.54
Azure,eastus,D4s_v5,4,16,6,389.9,303.3,19747.9,0,1,59.7,2105.49
AWS,us-east-1,m6i.2xlarge,8,32,9,451.0,2808.4,4676.4,0,0,77.4,2200.48
Azure,southeastasia,D16s_v5,16,64,3,640.4,2708.2,7414.6,0,0,74.7,2625.93
AWS,ap-southeast-1,m6i.large,2,8,4,697.9,3929.3,5546.1,1,0,11.9,1199.27
GCP,asia-southeast1,n2-standard-16,16,64,15,598.9,2109.1,5746.2,1,0,73.5,8546.49
Azure,southeastasia,D2s_v5,2,8,19,246.0,3831.6,11013.0,1,1,31.7,1882.28
AWS,ap-southeast-1,m6i.2xlarge,8,32,10,213.3,1325.0,9828.6,0,0,24.5,1904.35
Azure,southeastasia,B2ms,2,8,3,463.9,377.7,4995.2,0,1,94.7,605.49
Azure,eastus,D16s_v5,16,64,6,477.3,2829.3,9393.7,0,0,51.8,3320.36
Azure,uksouth,D16s_v5,16,64,7,458.8,1015.9,16753.0,1,1,75.1,4340.26
GCP,us-central1,n2-standard-2,2,8,15,571.7,1804.8,6047.6,0,0,6.5,1439.6
GCP,asia-southeast1,n2-standard-2,2,8,13,306.4,3851.4,3255.8,0,0,36.2,1021.33
Azure,eastus,D2s_v5,2,8,20,737.0,3892.0,8235.6,0,0,34.5,2441.34
AWS,us-east-1,t3.medium,2,4,4,732.1,3459.4,10211.9,1,0,11.4,1319.45
AWS,eu-west-2,t3.medium,2,4,9,243.5,1020.5,19662.4,0,0,50.9,1825.68
AWS,ap-southeast-1,t3.medium,2,4,11,562.0,3456.6,4851.9,0,0,42.7,1004.81
AWS,ap-southeast-1,t3.medium,2,4,1,203.8,2835.0,15673.4,1,1,53.5,1694.5
AWS,ap-southeast-1,t3.large,2,8,2,303.5,3261.8,1461.7,0,0,91.1,483.26
AWS,ap-southeast-1,m6i.4xlarge,16,64,3,203.6,1123.7,9509.9,1,1,34.2,1559.63
Azure,uksouth,D2s_v5,2,8,12,706.1,1576.9,961.8,0,1,86.1,1110.48
GCP,us-central1,n2-standard-16,16,64,15,458.2,2229.3,3041.3,1,1,72.9,5794.87
AWS,eu-west-2,m6i.large,2,8,3,512.5,2326.1,6316.0,0,0,88.4,905.89
AWS,eu-west-2,m6i.2xlarge,8,32,14,413.1,210.1,4392.7,0,0,14.5,2810.51
GCP,us-central1,n2-standard-16,16,64,3,540.3,974.5,15252.5,1,0,84.8,2635.66
AWS,ap-southeast-1,m6i.4xlarge,16,64,15,482.2,1152.4,11256.3,1,0,53.9,7329.53
GCP,asia-southeast1,n2-standard-2,2,8,13,342.7,2010.5,17597.8,1,1,91.1,2145.79
GCP,asia-southeast1,n2-standard-4,4,16,12,626.5,2468.9,2403.9,1,1,64.2,2059.52
GCP,asia-southeast1,n2-standard-4,4,16,6,508.2,3811.2,2437.1,0,0,53.7,1175.16
Azure,uksouth,B2ms,2,8,1,626.3,814.9,11203.8,0,1,46.0,1092.64
Azure,eastus,D8s_v5,8,32,1,413.2,600.0,3515.0,0,1,43.2,523.93
AWS,ap-southeast-1,m6i.xlarge,4,16,20,299.4,281.9,5012.7,1,0,56.7,1809.16
GCP,europe-west2,n2-standard-4,4,16,18,636.5,1647.3,12206.7,1,0,18.6,3662.25
GCP,us-central1,n2-standard-8,8,32,18,413.4,2911.5,7921.1,0,1,90.3,3834.86
GCP,europe-west2,e2-standard-2,2,8,7,272.5,966.9,3142.2,0,1,12.7,496.74
Azure,southeastasia,D2s_v5,2,8,4,268.1,272.5,14587.1,0,1,52.5,1335.26
Azure,eastus,B2ms,2,8,10,590.9,3090.7,6809.9,0,1,71.5,1296.99
GCP,asia-southeast1,n2-standard-8,8,32,13,361.7,1074.6,8941.4,0,0,56.3,2911.29
GCP,europe-west2,n2-standard-16,16,64,13,333.9,920.0,4303.8,0,1,33.4,4163.0
AWS,eu-west-2,m6i.xlarge,4,16,18,675.5,439.4,10804.2,1,0,38.7,3508.52
GCP,us-central1,e2-medium,2,4,10,425.4,3773.7,663.7,0,1,18.1,516.7
Azure,uksouth,D16s_v5,16,64,14,486.0,2031.8,4123.2,0,0,59.1,6327.63
AWS,ap-southeast-1,m6i.xlarge,4,16,3,668.7,2011.9,16044.3,0,1,74.3,1941.94
Azure,eastus,D16s_v5,16,64,17,467.0,3361.1,16192.9,1,1,22.7,7819.43
Azure,uksouth,D8s_v5,8,32,18,575.1,3285.9,11744.8,0,0,12.3,5708.25
AWS,us-east-1,m6i.2xlarge,8,32,3,521.5,1067.7,9259.3,1,1,23.0,1578.49
AWS,eu-west-2,m6i.xlarge,4,16,11,630.9,1953.2,847.7,0,1,40.6,1681.26
AWS,ap-southeast-1,t3.large,2,8,16,295.5,2661.0,9404.6,0,0,53.0,1503.92
GCP,asia-southeast1,n2-standard-16,16,64,16,477.1,3531.5,11321.5,0,1,71.5,7957.48
Azure,southeastasia,D8s_v5,8,32,19,548.8,2985.0,3161.0,1,0,43.8,5217.71
GCP,europe-west2,n2-standard-16,16,64,15,574.2,384.5,973.1,1,0,85.4,7388.0
GCP,us-central1,n2-standard-8,8,32,17,250.4,2556.8,8269.1,0,0,5.0,2668.44
Azure,southeastasia,D16s_v5,16,64,6,405.0,2174.7,15967.6,1,1,81.6,3705.43
Azure,uksouth,D2s_v5,2,8,11,582.1,2049.8,19341.9,1,1,43.5,2472.52
GCP,us-central1,n2-standard-4,4,16,5,264.6,2775.6,8425.4,0,1,61.1,1224.07
AWS,us-east-1,m6i.2xlarge,8,32,7,262.1,2781.4,13813.4,0,0,84.6,2138.53
GCP,us-central1,e2-standard-2,2,8,19,217.2,1991.4,18464.7,1,0,58.4,1977.08
AWS,us-east-1,m6i.2xlarge,8,32,18,286.4,91.9,13779.1,0,0,70.4,3135.37
AWS,eu-west-2,m6i.large,2,8,10,376.0,3088.4,13329.2,1,1,21.4,1873.49
GCP,us-central1,n2-standard-4,4,16,3,594.7,3966.6,8662.9,0,0,5.8,1386.68
GCP,asia-southeast1,n2-standard-4,4,16,8,247.5,1759.6,2329.2,0,1,21.5,767.15
AWS,ap-southeast-1,m6i.xlarge,4,16,19,684.4,3530.6,6961.0,0,1,88.0,3694.88
GCP,us-central1,e2-medium,2,4,12,319.3,3404.5,6784.4,0,0,20.5,962.78
Azure,uksouth,D16s_v5,16,64,16,334.8,2474.3,6863.3,0,0,40.6,5378.04
AWS,us-east-1,m6i.large,2,8,2,334.4,3816.4,7876.2,0,0,35.8,1074.11
Azure,southeastasia,D4s_v5,4,16,9,243.3,3082.9,18081.9,0,0,73.0,2172.45
Azure,uksouth,D8s_v5,8,32,5,693.7,533.1,16545.9,1,0,77.5,2950.55
AWS,us-east-1,m6i.large,2,8,16,301.0,466.2,10271.2,0,0,56.6,1406.21
AWS,ap-southeast-1,m6i.2xlarge,8,32,5,306.5,2832.0,15720.0,0,1,37.1,2264.29
GCP,asia-southeast1,e2-standard-2,2,8,8,422.4,2324.0,11.1,1,0,30.7,514.03
GCP,asia-southeast1,e2-medium,2,4,20,246.6,1087.6,13679.3,0,0,8.1,1387.12
Azure,uksouth,D4s_v5,4,16,6,463.9,1660.5,3586.7,1,1,54.7,1084.52
Azure,eastus,D2s_v5,2,8,2,367.1,2835.0,19566.1,1,0,66.7,1909.06
AWS,eu-west-2,m6i.2xlarge,8,32,19,622.8,2213.4,17947.3,0,1,56.6,6480.85
Azure,eastus,B2ms,2,8,14,564.8,2609.4,1247.0,0,1,27.2,975.44
Azure,eastus,D16s_v5,16,64,14,203.4,660.4,105.5,1,0,53.7,2408.68
GCP,europe-west2,n2-standard-4,4,16,12,518.8,2200.0,6719.8,0,1,24.8,2148.6
AWS,eu-west-2,m6i.4xlarge,16,64,14,302.4,2902.0,2325.0,1,1,25.5,3987.19
GCP,us-central1,n2-standard-4,4,16,3,437.5,149.8,19406.8,0,1,22.2,1761.09
Azure,southeastasia,D16s_v5,16,64,6,263.7,2153.0,5527.9,1,1,72.6,2140.97
GCP,europe-west2,e2-medium,2,4,1,247.9,2393.5,10443.1,0,0,49.8,1063.62
GCP,asia-southeast1,e2-standard-2,2,8,19,395.9,2620.8,408.7,1,1,72.9,902.67
GCP,europe-west2,n2-standard-4,4,16,14,578.4,147.8,18603.2,1,0,17.8,3238.14
AWS,eu-west-2,t3.large,2,8,18,196.3,2678.0,14765.2,1,1,57.7,1881.57
AWS,us-east-1,m6i.large,2,8,9,539.3,3545.1,8377.2,0,1,68.6,1522.1
AWS,eu-west-2,m6i.4xlarge,16,64,13,673.7,2412.0,12012.9,0,1,48.8,8473.66
Azure,uksouth,D4s_v5,4,16,8,264.1,3053.7,9131.8,0,1,50.4,1479.12
Azure,southeastasia,D16s_v5,16,64,20,434.6,3891.9,6520.3,1,0,52.3,8843.68
Azure,southeastasia,D8s_v5,8,32,20,572.4,619.8,4186.9,0,1,50.8,5644.24
GCP,asia-southeast1,n2-standard-4,4,16,6,597.6,1540.6,18025.7,0,1,5.8,2393.32
GCP,europe-west2,e2-standard-2,2,8,11,660.8,156.7,6457.8,0,0,50.2,1078.51
Azure,eastus,D16s_v5,16,64,1,689.7,3239.2,14024.6,0,0,74.9,1958.35
AWS,us-east-1,t3.large,2,8,8,669.6,3406.1,14199.1,1,0,25.8,1955.01
GCP,europe-west2,e2-medium,2,4,18,378.1,2423.0,14182.2,1,1,68.0,1702.07
GCP,europe-west2,n2-standard-4,4,16,18,253.1,2287.5,16003.5,1,0,43.5,2486.52
AWS,us-east-1,t3.large,2,8,15,353.3,1686.3,2290.8,1,1,7.4,856.68
AWS,ap-southeast-1,t3.medium,2,4,4,728.3,538.3,12548.3,1,1,81.9,1365.08
GCP,europe-west2,n2-standard-2,2,8,2,326.1,1120.4,8687.6,0,1,34.5,902.99
Azure,southeastasia,D16s_v5,16,64,8,209.5,1473.5,19355.7,0,1,31.9,3265.39
GCP,us-central1,e2-medium,2,4,3,506.1,1979.3,14324.7,1,1,60.4,1432.26
GCP,us-central1,e2-standard-2,2,8,1,703.9,3157.9,2284.0,0,1,77.3,489.79
GCP,europe-west2,n2-standard-4,4,16,16,235.7,3632.9,2872.8,0,1,20.5,1350.76
Azure,southeastasia,D4s_v5,4,16,8,513.2,2507.8,16570.4,0,1,34.4,2493.87
GCP,asia-southeast1,n2-standard-2,2,8,12,381.0,1386.4,4548.3,0,1,80.1,1011.36
Azure,uksouth,D8s_v5,8,32,4,218.7,1537.8,15152.9,0,1,26.2,1794.36
Azure,southeastasia,D16s_v5,16,64,8,430.1,2269.9,1239.3,1,0,8.8,3425.8
AWS,ap-southeast-1,t3.medium,2,4,5,253.5,3698.9,2517.9,0,0,5.3,594.25
AWS,eu-west-2,t3.medium,2,4,8,283.0,2372.8,3412.6,0,0,25.6,615.61
GCP,us-central1,n2-standard-16,16,64,1,188.3,1598.6,9780.8,1,1,17.6,1180.44
GCP,europe-west2,n2-standard-16,16,64,20,490.4,1521.7,12527.3,1,0,38.4,9508.61
Azure,southeastasia,D2s_v5,2,8,11,494.9,2815.5,2212.9,0,1,26.1,1069.32
Azure,uksouth,D16s_v5,16,64,10,648.6,2096.9,14893.6,0,1,69.9,7215.61
Azure,southeastasia,D2s_v5,2,8,6,723.1,841.7,18291.1,0,0,57.7,2006.38
Azure,uksouth,D2s_v5,2,8,6,659.8,1563.3,9733.9,0,1,79.0,1393.41
GCP,europe-west2,n2-standard-8,8,32,1,514.7,1927.8,15733.5,1,1,82.4,1753.08
Azure,uksouth,B2ms,2,8,2,702.2,3659.4,10333.9,1,0,85.3,1352.74
Azure,eastus,B2ms,2,8,13,428.0,840.1,13629.0,0,1,78.3,1653.66
AWS,ap-southeast-1,t3.large,2,8,17,722.5,836.2,3202.4,0,1,20.1,1550.1
Azure,uksouth,D8s_v5,8,32,7,631.3,639.1,7706.0,1,1,41.9,2691.72
AWS,us-east-1,t3.medium,2,4,2,527.8,1904.5,7465.7,1,0,26.4,909.76
Azure,southeastasia,B2ms,2,8,5,727.9,1691.0,10654.3,1,0,30.4,1442.89
GCP,us-central1,n2-standard-2,2,8,11,598.2,1894.1,12866.3,0,1,24.6,1850.27
GCP,us-central1,e2-medium,2,4,15,332.9,2535.5,2965.8,0,0,47.1,611.55
AWS,ap-southeast-1,m6i.xlarge,4,16,18,353.2,1845.1,6810.8,1,1,17.8,2284.36
GCP,europe-west2,e2-standard-2,2,8,6,219.5,2050.7,3062.7,1,0,57.9,586.62
AWS,ap-southeast-1,t3.large,2,8,5,628.9,655.0,13967.4,0,0,14.4,1556.16
Azure,eastus,D4s_v5,4,16,9,617.6,3962.6,17466.2,1,1,63.4,2864.51
AWS,eu-west-2,m6i.large,2,8,14,693.0,1251.8,2566.8,0,0,86.5,1315.92
AWS,ap-southeast-1,t3.large,2,8,8,537.2,3452.2,6949.5,1,0,7.3,1409.65
Azure,eastus,D2s_v5,2,8,13,713.7,338.1,86.9,1,0,92.5,1010.04
GCP,asia-southeast1,e2-medium,2,4,15,595.1,417.3,4702.4,0,1,51.9,750.76
Azure,uksouth,D2s_v5,2,8,9,301.7,206.3,19803.4,1,1,42.6,1950.37
GCP,asia-southeast1,n2-standard-16,16,64,16,370.5,2509.3,10860.0,0,0,24.6,6232.85
AWS,ap-southeast-1,m6i.2xlarge,8,32,11,723.3,2953.1,8998.6,1,0,87.4,4617.36
GCP,asia-southeast1,n2-standard-2,2,8,12,252.9,1021.3,7663.9,1,0,12.1,1150.83
Azure,uksouth,D16s_v5,16,64,17,234.5,1343.8,13942.1,0,1,46.6,4612.36
GCP,europe-west2,e2-medium,2,4,7,264.7,3812.3,16192.2,1,0,27.7,1704.57
AWS,eu-west-2,t3.large,2,8,11,703.4,3241.3,2598.5,0,0,53.7,1207.07
Azure,eastus,D16s_v5,16,64,5,729.4,1758.4,10376.5,0,1,12.3,4014.87
AWS,us-east-1,m6i.4xlarge,16,64,10,263.5,921.7,10746.2,0,1,24.4,3119.21
AWS,ap-southeast-1,t3.large,2,8,11,515.3,87.5,17336.1,0,0,91.7,1936.04
AWS,us-east-1,m6i.xlarge,4,16,16,497.8,432.1,5408.5,1,0,76.6,2087.49
Azure,southeastasia,D16s_v5,16,64,16,519.1,3424.0,4572.2,1,0,77.9,8455.8
AWS,ap-southeast-1,m6i.4xlarge,16,64,12,311.3,938.0,8911.8,0,1,11.1,4267.54
AWS,ap-southeast-1,m6i.large,2,8,17,315.5,2547.4,5394.4,0,0,23.7,1266.97
Azure,southeastasia,D16s_v5,16,64,9,684.8,3126.4,10422.7,1,1,34.7,6823.09
AWS,eu-west-2,m6i.4xlarge,16,64,13,699.9,603.3,14832.7,0,0,81.1,8859.68
Azure,uksouth,D4s_v5,4,16,2,340.3,2062.9,146.0,1,1,15.8,390.58
AWS,us-east-1,t3.medium,2,4,3,267.0,2681.5,13026.8,0,0,83.7,1357.92
Azure,eastus,D8s_v5,8,32,15,715.5,3839.3,10088.7,0,1,18.4,5368.52
GCP,asia-southeast1,n2-standard-2,2,8,4,450.0,3183.8,16015.6,0,1,43.9,1764.86
AWS,eu-west-2,m6i.xlarge,4,16,14,335.8,303.9,7757.2,0,1,33.7,1707.09
Azure,eastus,D16s_v5,16,64,9,568.7,612.5,17310.7,0,1,7.1,5478.3
GCP,us-central1,n2-standard-8,8,32,6,710.6,550.5,5686.6,0,1,43.4,2171.61
Azure,eastus,D4s_v5,4,16,3,303.8,3848.8,12868.5,1,0,40.8,1606.85
Azure,southeastasia,B2ms,2,8,4,604.6,109.6,5662.9,0,1,83.6,737.14
AWS,eu-west-2,m6i.4xlarge,16,64,8,680.1,3692.4,17337.3,1,0,32.6,6341.03
AWS,ap-southeast-1,m6i.large,2,8,6,213.0,2757.2,18985.0,0,1,6.3,1980.86
AWS,us-east-1,m6i.4xlarge,16,64,19,337.3,1414.3,15919.9,0,0,80.5,6447.29
Azure,southeastasia,D16s_v5,16,64,14,519.3,81.7,9109.1,1,0,5.9,7496.17
Azure,eastus,D4s_v5,4,16,20,628.4,3035.5,14257.6,1,1,76.9,3984.38
Azure,uksouth,D2s_v5,2,8,17,313.0,2201.3,5829.7,1,1,54.8,1318.39
GCP,us-central1,n2-standard-8,8,32,7,357.0,1149.8,12466.5,1,0,30.4,2128.2
AWS,us-east-1,t3.large,2,8,10,574.2,714.0,7599.3,1,1,86.8,1314.59
Azure,southeastasia,B2ms,2,8,15,339.6,1883.5,14815.6,1,1,25.2,1959.1
Azure,southeastasia,D2s_v5,2,8,20,239.3,568.0,4058.2,1,1,12.9,1007.05
Azure,eastus,D16s_v5,16,64,16,473.3,2988.6,3534.0,1,0,12.7,6555.46
Azure,eastus,D2s_v5,2,8,19,491.6,2209.0,6409.2,0,1,46.8,1622.78
Azure,uksouth,B2ms,2,8,15,338.1,973.4,14504.4,1,0,80.0,1783.01
Azure,southeastasia,D2s_v5,2,8,16,194.0,3845.3,15227.0,0,0,11.8,1971.72
Azure,uksouth,D2s_v5,2,8,20,641.7,1738.1,6926.2,0,1,89.4,2158.44
AWS,us-east-1,m6i.2xlarge,8,32,20,473.0,541.8,7599.1,0,1,60.3,4374.98
GCP,asia-southeast1,n2-standard-2,2,8,13,456.1,3509.3,8050.0,0,1,49.1,1609.9
Azure,uksouth,D8s_v5,8,32,10,621.8,1685.5,12611.9,1,0,91.2,3925.22
AWS,us-east-1,m6i.4xlarge,16,64,1,520.5,597.8,9359.4,1,1,83.7,1352.97
Azure,uksouth,D16s_v5,16,64,15,327.2,2580.3,14965.5,0,1,11.4,5584.31
Azure,southeastasia,D16s_v5,16,64,12,597.1,3029.2,17272.3,1,0,92.0,8247.72
AWS,us-east-1,m6i.large,2,8,14,449.9,38.5,7094.3,0,0,79.6,1223.36
Azure,uksouth,D4s_v5,4,16,10,630.2,420.9,10369.2,0,0,64.0,2269.89
Azure,eastus,D4s_v5,4,16,1,363.6,1331.2,16952.5,1,1,26.4,1618.0
GCP,asia-southeast1,e2-standard-2,2,8,5,283.9,2027.8,8703.8,0,0,49.5,1010.29
GCP,europe-west2,e2-medium,2,4,14,351.9,3614.6,8763.5,0,0,79.5,1212.86
GCP,europe-west2,n2-standard-16,16,64,10,439.5,3124.2,6599.5,0,0,17.5,4610.4
GCP,asia-southeast1,e2-medium,2,4,8,359.2,885.5,1087.9,0,0,64.4,265.96
Azure,eastus,D4s_v5,4,16,11,366.3,2574.3,8103.2,0,0,68.0,1691.85
Azure,uksouth,D8s_v5,8,32,11,628.2,3634.8,19981.9,0,0,41.0,4859.72
AWS,us-east-1,t3.medium,2,4,15,706.8,3441.3,17572.4,1,0,62.5,2223.74
Azure,eastus,D2s_v5,2,8,1,348.4,2820.3,18897.0,0,1,46.9,1742.74
Azure,southeastasia,B2ms,2,8,15,263.4,2111.9,17202.7,1,0,84.2,1987.89
AWS,ap-southeast-1,m6i.2xlarge,8,32,3,472.2,1918.2,636.8,1,0,29.8,882.32
GCP,europe-west2,n2-standard-8,8,32,17,242.8,1149.7,13700.8,1,1,12.7,3030.7
Azure,uksouth,D16s_v5,16,64,18,304.8,2904.3,6033.6,0,1,13.6,5284.89
GCP,europe-west2,n2-standard-8,8,32,5,251.3,490.6,17580.6,0,0,30.9,1973.8
Azure,southeastasia,B2ms,2,8,18,644.0,2667.0,8150.4,0,0,84.0,2038.62
Azure,eastus,D4s_v5,4,16,5,502.9,415.3,7524.6,0,1,82.9,1210.45
AWS,us-east-1,m6i.xlarge,4,16,18,446.8,171.0,1858.5,0,1,27.3,1721.69
Azure,eastus,D4s_v5,4,16,1,637.2,3323.4,7893.4,1,0,66.1,1103.43
AWS,eu-west-2,m6i.4xlarge,16,64,15,320.7,1809.4,13718.0,1,0,71.5,5382.41
AWS,eu-west-2,m6i.4xlarge,16,64,12,284.0,2808.2,16385.6,1,0,89.7,4546.86
GCP,us-central1,n2-standard-2,2,8,20,380.8,1228.5,735.3,0,0,45.6,887.0
GCP,asia-southeast1,n2-standard-4,4,16,9,435.5,1920.4,1953.6,1,1,74.8,1250.19
GCP,asia-southeast1,e2-standard-2,2,8,12,266.3,1212.3,4677.2,1,0,15.5,799.88
Azure,eastus,D8s_v5,8,32,2,400.8,2338.4,1379.5,1,0,41.7,653.8
GCP,asia-southeast1,n2-standard-2,2,8,20,664.9,3106.2,7792.9,0,1,75.7,2400.56
Azure,uksouth,D8s_v5,8,32,14,350.6,3122.6,19678.2,1,1,54.3,4083.87
Azure,eastus,D2s_v5,2,8,9,588.3,3777.2,14507.6,0,1,13.8,2027.2
Azure,eastus,D16s_v5,16,64,13,653.4,1795.5,3440.9,1,1,33.1,7235.83
GCP,us-central1,n2-standard-16,16,64,10,370.4,3861.8,17128.3,1,0,48.2,4549.4
GCP,asia-southeast1,e2-standard-2,2,8,13,295.1,800.0,19346.0,0,1,55.8,1862.65
Azure,southeastasia,B2ms,2,8,19,249.2,1310.6,11365.5,1,0,90.3,1628.84
GCP,us-central1,n2-standard-8,8,32,18,583.7,2356.1,2607.8,1,0,63.4,4601.99
GCP,us-central1,e2-medium,2,4,10,455.3,2573.8,17142.3,0,1,30.3,1732.97
Azure,eastus,D16s_v5,16,64,3,352.2,3071.0,8264.4,0,0,11.8,1748.13
AWS,us-east-1,t3.large,2,8,3,335.5,424.4,13259.4,0,0,56.8,1242.14
AWS,us-east-1,m6i.2xlarge,8,32,16,670.8,2778.9,7117.5,0,1,14.7,5054.58
AWS,ap-southeast-1,m6i.2xlarge,8,32,13,319.9,400.6,2220.8,0,0,73.1,2025.37
Azure,eastus,D4s_v5,4,16,5,385.3,3173.6,5187.8,0,1,58.6,1099.19
GCP,us-central1,e2-medium,2,4,9,720.9,1404.5,14811.9,0,1,12.3,1548.53
GCP,asia-southeast1,n2-standard-2,2,8,2,377.7,522.3,8100.5,0,1,48.1,824.54
GCP,asia-southeast1,n2-standard-4,4,16,14,256.3,3819.6,15392.4,0,0,43.3,2304.96
Azure,southeastasia,D4s_v5,4,16,10,645.4,3855.9,12105.6,1,0,67.7,2947.16
GCP,europe-west2,n2-standard-4,4,16,14,406.9,3055.7,6278.1,0,1,18.2,2071.3
Azure,southeastasia,D16s_v5,16,64,12,645.6,2722.2,16343.8,1,0,38.1,8447.99
AWS,eu-west-2,m6i.xlarge,4,16,10,480.9,2982.3,5255.8,0,0,10.9,1737.74
GCP,europe-west2,n2-standard-4,4,16,18,251.3,1091.6,12518.5,0,0,61.6,2119.21
AWS,eu-west-2,m6i.4xlarge,16,64,7,513.4,643.4,19917.0,1,1,75.9,4912.25
AWS,eu-west-2,m6i.2xlarge,8,32,9,703.1,3155.8,4656.8,1,0,48.8,3457.66
AWS,us-east-1,m6i.large,2,8,6,374.5,3200.1,3796.5,0,1,34.4,849.91
GCP,europe-west2,e2-medium,2,4,3,663.0,2978.7,5739.5,0,0,43.0,791.07
Azure,southeastasia,B2ms,2,8,17,567.1,878.9,13884.9,1,1,83.7,2231.04
GCP,europe-west2,n2-standard-4,4,16,7,576.7,1993.8,699.0,0,0,25.0,1043.08
GCP,europe-west2,n2-standard-16,16,64,6,591.7,1777.1,15874.7,0,1,16.4,4534.26
AWS,us-east-1,m6i.xlarge,4,16,10,705.7,3291.4,16032.3,0,1,72.1,2928.63
GCP,us-central1,n2-standard-2,2,8,12,700.3,3004.7,1533.1,0,0,59.3,1171.38
AWS,us-east-1,m6i.2xlarge,8,32,7,349.6,2567.4,11757.4,1,1,51.7,2314.51
AWS,us-east-1,t3.medium,2,4,17,741.6,3003.9,8831.4,0,0,74.2,1547.97
AWS,ap-southeast-1,m6i.4xlarge,16,64,3,240.4,146.7,14290.5,1,0,64.9,1909.64
Azure,eastus,D8s_v5,8,32,15,195.3,3641.9,6172.7,1,1,60.0,2008.07
GCP,asia-southeast1,n2-standard-2,2,8,20,342.8,205.2,15587.6,1,1,86.7,2119.45
GCP,europe-west2,e2-standard-2,2,8,10,329.6,105.5,4617.5,1,1,79.8,732.97
GCP,asia-southeast1,e2-medium,2,4,15,702.3,1646.0,6054.2,1,1,34.4,1116.5
Azure,southeastasia,D4s_v5,4,16,13,597.2,290.9,10542.3,0,1,11.8,2630.41
Azure,southeastasia,B2ms,2,8,13,356.0,1517.2,912.1,1,0,20.4,703.45
AWS,ap-southeast-1,m6i.2xlarge,8,32,13,225.8,2375.5,12545.8,1,1,81.0,2614.73
Azure,eastus,D16s_v5,16,64,2,506.0,1520.1,1604.0,1,1,56.7,1117.22
AWS,us-east-1,t3.medium,2,4,19,591.0,2039.1,1267.0,1,0,22.0,803.46
Azure,southeastasia,D8s_v5,8,32,14,626.6,3645.9,7903.7,0,1,79.4,4940.0
Azure,southeastasia,D2s_v5,2,8,8,609.9,2422.9,4289.1,0,1,68.8,1117.9
AWS,us-east-1,m6i.2xlarge,8,32,6,318.2,3156.0,8013.0,0,1,35.1,1711.41
Azure,eastus,D8s_v5,8,32,1,433.4,3934.9,4930.6,1,0,84.7,953.93
AWS,ap-southeast-1,m6i.2xlarge,8,32,3,410.6,2357.6,5084.6,1,1,20.8,1281.79
Azure,southeastasia,D8s_v5,8,32,3,734.7,3011.0,3058.0,1,1,70.6,1592.1
GCP,asia-southeast1,e2-standard-2,2,8,15,664.8,1658.6,13220.8,0,0,16.8,1944.81
AWS,eu-west-2,m6i.2xlarge,8,32,8,465.3,3812.3,9063.3,1,1,86.1,2676.91
GCP,europe-west2,n2-standard-2,2,8,4,490.8,1857.6,7713.3,0,0,11.2,1003.87
Azure,southeastasia,D8s_v5,8,32,12,742.7,956.8,9927.3,0,1,8.5,4968.26
GCP,europe-west2,e2-standard-2,2,8,20,409.4,482.4,425.2,1,1,80.1,741.75
GCP,asia-southeast1,e2-medium,2,4,10,436.5,1274.0,2581.0,0,1,10.3,504.45
AWS,eu-west-2,m6i.large,2,8,16,702.4,1323.1,17414.4,1,1,46.2,2759.32
Azure,uksouth,B2ms,2,8,16,378.4,3685.8,1483.3,0,0,54.8,955.0
GCP,europe-west2,n2-standard-4,4,16,14,188.2,2691.6,13131.2,1,1,8.5,1952.06
Azure,southeastasia,D4s_v5,4,16,17,566.3,1480.1,7929.0,1,1,75.6,3050.61
AWS,ap-southeast-1,m6i.2xlarge,8,32,10,231.4,3677.6,5661.5,1,1,34.6,1863.69
Azure,uksouth,D2s_v5,2,8,1,218.6,3878.8,14279.8,0,1,88.9,1505.96
Azure,southeastasia,B2ms,2,8,11,193.0,1027.7,16774.8,1,0,70.8,1729.99
Azure,uksouth,D16s_v5,16,64,6,344.8,3347.5,8494.7,1,1,77.0,2785.84
AWS,us-east-1,m6i.large,2,8,3,249.9,2755.1,4789.8,1,0,34.0,781.89
GCP,europe-west2,e2-medium,2,4,7,519.2,252.9,9071.2,1,1,8.8,989.87
AWS,us-east-1,m6i.2xlarge,8,32,13,251.0,3837.7,19878.2,1,0,62.2,3287.73
AWS,eu-west-2,m6i.2xlarge,8,32,11,252.0,2309.2,11983.6,1,1,87.6,2562.1
AWS,us-east-1,m6i.large,2,8,4,324.2,3008.9,11545.0,0,0,93.0,1391.21
AWS,ap-southeast-1,m6i.large,2,8,17,262.3,1041.0,7985.9,0,1,60.3,1307.75
Azure,uksouth,D4s_v5,4,16,2,709.2,3356.5,9792.8,1,1,92.8,1491.78
GCP,us-central1,e2-medium,2,4,6,709.0,485.9,15477.8,1,0,13.7,1428.14
Azure,eastus,D8s_v5,8,32,15,719.0,2019.6,17753.8,0,1,13.5,6020.76
GCP,europe-west2,n2-standard-4,4,16,5,547.0,3103.7,11506.9,0,1,60.3,1827.7
Azure,eastus,D2s_v5,2,8,16,637.1,2078.1,2932.6,1,0,87.5,1482.04
Azure,southeastasia,D16s_v5,16,64,20,698.2,3743.0,10096.6,0,1,39.1,13624.08
AWS,ap-southeast-1,t3.large,2,8,3,302.2,868.7,12441.5,0,0,86.0,1241.43
GCP,asia-southeast1,e2-standard-2,2,8,4,335.4,2906.6,1533.3,1,1,14.2,544.24
GCP,europe-west2,n2-standard-2,2,8,10,691.4,1917.0,13993.5,1,0,8.1,2063.91
GCP,asia-southeast1,e2-standard-2,2,8,5,646.8,1210.7,9037.0,1,1,5.8,1194.59
GCP,us-central1,e2-medium,2,4,20,575.3,3245.0,10269.4,1,0,31.9,1528.72
AWS,ap-southeast-1,t3.large,2,8,10,343.2,146.1,14029.1,1,0,38.0,1617.47
GCP,us-central1,n2-standard-8,8,32,18,312.9,3173.4,3056.3,1,1,34.2,2708.48
AWS,ap-southeast-1,t3.medium,2,4,6,256.7,2861.6,12085.7,1,0,81.8,1454.25
Azure,southeastasia,D4s_v5,4,16,19,240.8,3531.0,18907.2,0,1,41.1,2925.71
AWS,us-east-1,m6i.large,2,8,3,728.4,3678.8,5079.3,0,1,49.6,952.88
Azure,uksouth,D16s_v5,16,64,19,626.1,3390.5,692.2,1,0,64.3,10546.45
AWS,us-east-1,m6i.xlarge,4,16,13,683.8,2036.3,10784.3,0,0,70.8,2835.0
AWS,us-east-1,m6i.large,2,8,13,433.8,2451.9,11513.5,1,1,46.2,1821.67
Azure,eastus,D8s_v5,8,32,11,368.6,1967.9,13274.5,0,1,16.6,2928.07
GCP,asia-southeast1,n2-standard-2,2,8,4,317.7,2422.5,10715.2,1,0,10.7,1312.5
GCP,europe-west2,e2-medium,2,4,7,341.2,2056.3,8525.1,0,1,46.3,986.63
Azure,eastus,B2ms,2,8,11,498.8,3646.6,7513.9,1,0,8.0,1415.78
GCP,us-central1,n2-standard-8,8,32,18,380.0,3458.9,738.8,1,1,13.5,3111.66
GCP,asia-southeast1,n2-standard-16,16,64,19,572.1,1258.3,4766.4,1,1,32.1,10056.1
AWS,us-east-1,m6i.4xlarge,16,64,20,564.7,1298.3,15635.7,0,1,82.0,9995.12
AWS,ap-southeast-1,t3.large,2,8,2,573.9,2993.6,1420.2,1,0,65.2,554.22
GCP,europe-west2,n2-standard-4,4,16,16,548.3,294.0,6683.0,0,0,71.8,2384.5
AWS,ap-southeast-1,m6i.xlarge,4,16,12,387.4,3342.1,18328.0,0,0,86.8,2793.71
Azure,uksouth,D2s_v5,2,8,4,453.8,3397.0,6500.8,1,1,17.9,1099.39
AWS,eu-west-2,m6i.2xlarge,8,32,2,434.4,2412.5,12152.8,1,0,16.0,1672.35
AWS,ap-southeast-1,t3.medium,2,4,9,468.8,1124.3,16557.4,0,0,41.0,1674.67
AWS,eu-west-2,m6i.2xlarge,8,32,19,595.9,3771.4,9070.0,1,0,63.8,5799.04
GCP,us-central1,e2-medium,2,4,10,282.0,3018.1,18136.2,1,0,22.9,1820.42
Azure,uksouth,D2s_v5,2,8,19,226.6,377.3,19174.5,1,1,46.3,2105.77
AWS,us-east-1,m6i.2xlarge,8,32,14,472.6,1587.7,13639.4,1,1,94.4,3936.27
GCP,europe-west2,e2-medium,2,4,12,477.1,3380.2,12017.3,1,1,21.5,1589.77
AWS,eu-west-2,m6i.xlarge,4,16,7,383.0,3629.8,7206.3,0,0,86.9,1529.95
GCP,europe-west2,n2-standard-4,4,16,16,364.4,3777.2,223.2,0,1,84.0,1570.19
GCP,us-central1,e2-standard-2,2,8,3,377.5,1313.2,2106.2,0,0,67.3,350.25
GCP,us-central1,n2-standard-8,8,32,17,434.8,655.9,13446.3,0,1,85.9,4103.01
Azure,uksouth,D4s_v5,4,16,3,694.4,698.5,7373.8,0,0,44.6,1131.25
AWS,eu-west-2,m6i.xlarge,4,16,19,553.1,671.0,3516.0,0,1,5.8,2592.82
AWS,ap-southeast-1,m6i.4xlarge,16,64,9,495.1,796.9,6712.8,0,0,29.9,4467.89
AWS,us-east-1,m6i.xlarge,4,16,2,389.0,931.9,17920.2,0,1,41.7,1722.43
AWS,us-east-1,m6i.2xlarge,8,32,19,660.4,3428.9,4861.5,1,0,17.9,5472.39
GCP,asia-southeast1,n2-standard-2,2,8,15,530.8,1719.2,16323.6,0,0,42.7,2215.35
Azure,uksouth,D16s_v5,16,64,20,283.0,1404.8,3422.3,0,1,41.5,5258.12
AWS,eu-west-2,t3.medium,2,4,3,504.9,3736.7,1431.9,1,1,66.4,593.78
Azure,southeastasia,D8s_v5,8,32,20,519.5,3643.1,2593.2,0,0,65.6,5211.8
AWS,us-east-1,t3.large,2,8,3,639.1,2547.9,15429.5,0,1,91.1,1752.3
AWS,us-east-1,t3.large,2,8,5,302.1,2223.4,5605.9,0,0,74.2,790.97
AWS,ap-southeast-1,m6i.4xlarge,16,64,20,614.9,3247.3,4095.0,0,1,26.2,11273.49
GCP,asia-southeast1,n2-standard-2,2,8,19,433.3,2602.5,6099.9,1,0,86.1,1652.43
GCP,us-central1,n2-standard-16,16,64,15,336.5,317.2,9773.9,0,1,23.9,4825.22
Azure,uksouth,D4s_v5,4,16,8,666.5,2338.5,18405.4,1,1,11.7,2952.66
AWS,eu-west-2,m6i.xlarge,4,16,4,198.5,1037.9,9812.5,1,1,45.6,1214.04
GCP,us-central1,e2-medium,2,4,15,448.4,3213.3,3415.7,0,1,42.1,771.23
GCP,us-central1,n2-standard-16,16,64,18,472.7,1159.9,14669.4,0,1,47.8,7738.12
Azure,uksouth,B2ms,2,8,5,212.4,2289.3,9924.1,1,1,61.0,1183.86
Azure,southeastasia,D8s_v5,8,32,3,391.2,324.5,7583.4,0,1,35.7,1231.92
GCP,europe-west2,n2-standard-8,8,32,12,740.6,2230.2,12723.5,1,0,56.4,4995.43
AWS,ap-southeast-1,m6i.xlarge,4,16,15,351.7,3739.9,3386.3,0,0,49.3,1764.52
Azure,eastus,B2ms,2,8,20,380.9,1470.0,9007.3,0,0,30.0,1515.95
Azure,eastus,D16s_v5,16,64,5,536.8,426.1,8471.5,0,0,51.6,2981.59
Azure,uksouth,B2ms,2,8,14,204.0,3956.6,6543.3,1,1,84.2,1197.65
GCP,europe-west2,e2-standard-2,2,8,5,584.1,3500.8,14285.3,1,1,80.5,1784.12
AWS,eu-west-2,m6i.4xlarge,16,64,20,538.3,444.3,5549.1,0,1,35.0,9411.98
GCP,us-central1,e2-standard-2,2,8,1,467.9,3979.1,8165.4,1,1,51.4,1081.75
GCP,asia-southeast1,e2-standard-2,2,8,8,404.8,1555.3,10943.8,1,1,30.7,1376.6
AWS,ap-southeast-1,m6i.xlarge,4,16,11,657.6,1019.7,18094.5,0,0,60.1,3093.88
GCP,europe-west2,n2-standard-4,4,16,4,400.1,3754.7,9029.1,0,0,34.9,1396.9
GCP,europe-west2,n2-standard-8,8,32,8,194.3,2783.7,16405.8,0,1,60.4,2186.24
Azure,uksouth,D16s_v5,16,64,11,387.7,2205.4,3867.9,0,1,48.8,4240.36
AWS,us-east-1,t3.medium,2,4,11,609.2,973.5,8910.2,0,0,62.9,1122.25
AWS,us-east-1,m6i.xlarge,4,16,2,492.5,751.8,9713.5,1,1,87.8,1178.6
AWS,ap-southeast-1,m6i.4xlarge,16,64,5,677.0,3995.6,17684.0,0,0,22.8,4751.72
GCP,europe-west2,n2-standard-4,4,16,6,198.3,767.6,15589.8,0,1,81.1,1582.73
GCP,us-central1,n2-standard-8,8,32,2,592.5,172.7,5251.7,0,0,14.5,917.91
Azure,uksouth,D8s_v5,8,32,8,696.3,1886.0,16818.0,0,1,57.2,3958.64
GCP,asia-southeast1,n2-standard-4,4,16,15,340.5,1066.1,18907.3,0,1,73.9,2750.33
AWS,us-east-1,t3.medium,2,4,18,323.0,3204.1,2028.2,0,1,46.0,669.05
Azure,eastus,B2ms,2,8,2,703.5,885.0,10014.6,0,1,59.8,1057.19
Azure,uksouth,D4s_v5,4,16,1,417.2,1209.1,3677.1,0,1,30.4,518.19
GCP,europe-west2,n2-standard-16,16,64,16,477.6,780.0,17867.5,0,0,55.5,7748.2
AWS,us-east-1,t3.large,2,8,2,525.3,921.7,9279.3,0,0,13.2,1015.74
GCP,europe-west2,n2-standard-8,8,32,10,508.2,3762.5,3359.6,0,0,94.5,2757.5
Azure,eastus,D4s_v5,4,16,1,627.0,563.7,6120.2,0,1,25.8,707.19
Azure,eastus,B2ms,2,8,6,479.5,646.2,9216.7,1,0,37.9,1159.2
Azure,southeastasia,D2s_v5,2,8,4,492.4,3778.0,4228.0,0,0,56.3,907.76
GCP,us-central1,n2-standard-8,8,32,17,258.3,625.0,14622.5,1,1,39.1,3019.62
GCP,europe-west2,e2-medium,2,4,9,500.8,2859.9,997.9,1,0,43.5,542.04
AWS,us-east-1,t3.large,2,8,20,412.0,1925.6,4475.9,0,1,59.9,1253.01
GCP,europe-west2,n2-standard-2,2,8,8,225.0,3372.6,18091.2,1,1,63.9,1968.04
GCP,us-central1,e2-medium,2,4,19,574.1,606.9,15367.0,0,1,49.5,1645.21
AWS,us-east-1,m6i.xlarge,4,16,20,230.1,3054.4,1952.7,1,0,5.3,1361.38
AWS,eu-west-2,t3.large,2,8,7,602.2,3901.4,8329.8,1,0,29.7,1508.8
GCP,asia-southeast1,e2-standard-2,2,8,11,521.4,1030.9,14249.2,0,1,55.0,1656.21
AWS,eu-west-2,t3.medium,2,4,1,631.6,3559.4,15557.4,0,1,57.6,1654.48
GCP,us-central1,n2-standard-4,4,16,13,306.7,1470.5,14984.6,1,0,92.5,2180.51
Azure,uksouth,D4s_v5,4,16,17,661.1,1587.9,14631.6,0,0,56.7,3676.32
AWS,ap-southeast-1,m6i.2xlarge,8,32,19,250.4,2393.2,11846.1,0,0,59.2,3209.69
GCP,europe-west2,n2-standard-16,16,64,8,212.4,1513.4,10653.4,0,0,44.8,2423.12
AWS,ap-southeast-1,m6i.4xlarge,16,64,2,295.9,2508.6,14028.1,1,1,52.0,2022.18
GCP,us-central1,n2-standard-8,8,32,2,374.4,559.9,8779.9,0,1,50.0,1067.07
AWS,us-east-1,m6i.large,2,8,20,230.6,3729.6,12787.3,1,0,41.0,1908.07
GCP,us-central1,n2-standard-8,8,32,8,524.9,2899.9,13236.4,0,0,22.7,2947.77
GCP,us-central1,n2-standard-8,8,32,13,326.3,1077.8,8430.9,1,0,16.2,2536.46
GCP,europe-west2,n2-standard-2,2,8,19,538.4,2436.5,19892.9,1,1,16.3,2878.18
GCP,us-central1,n2-standard-8,8,32,2,333.5,2663.5,14761.4,1,1,16.9,1732.91
AWS,ap-southeast-1,t3.medium,2,4,9,650.7,2114.4,13935.3,1,1,44.3,1737.26
GCP,europe-west2,n2-standard-16,16,64,8,210.9,3604.2,18520.7,1,1,56.5,3317.64
AWS,eu-west-2,m6i.large,2,8,5,466.3,2463.0,3886.1,0,1,18.8,809.22
GCP,asia-southeast1,e2-medium,2,4,12,198.6,2911.9,1469.8,1,1,79.7,547.71
AWS,eu-west-2,t3.large,2,8,12,197.4,3605.5,19640.5,1,0,66.1,2179.55
GCP,europe-west2,n2-standard-4,4,16,15,383.2,2565.7,9449.7,1,0,82.8,2267.85
Azure,eastus,D8s_v5,8,32,11,457.2,2128.4,2052.4,1,1,94.8,2387.68
AWS,us-east-1,t3.large,2,8,2,657.8,1855.7,5820.1,0,1,54.3,782.56
GCP,us-central1,e2-standard-2,2,8,11,523.8,174.1,13176.0,0,1,77.2,1478.89
AWS,ap-southeast-1,m6i.xlarge,4,16,11,725.3,876.3,3182.0,1,1,60.7,2166.59
Azure,uksouth,B2ms,2,8,4,547.4,677.1,15099.9,1,1,38.1,1585.11
Azure,southeastasia,D8s_v5,8,32,14,477.4,1616.1,5874.0,0,1,74.6,3712.7
GCP,us-central1,n2-standard-4,4,16,9,717.5,64.8,13789.8,1,1,13.3,2475.2
AWS,us-east-1,t3.large,2,8,13,355.4,1388.5,13202.5,1,1,45.1,1697.04
GCP,asia-southeast1,n2-standard-16,16,64,9,438.3,2669.6,16913.8,1,0,10.6,5185.29
GCP,europe-west2,n2-standard-16,16,64,16,231.6,572.5,5869.6,1,1,46.2,3887.83
Azure,uksouth,D8s_v5,8,32,13,392.0,259.3,4873.9,0,0,77.0,2715.81
AWS,eu-west-2,t3.large,2,8,10,658.6,2925.4,2639.7,0,1,90.9,1102.0
AWS,us-east-1,m6i.2xlarge,8,32,10,490.5,273.1,14313.3,1,1,31.1,3268.23
GCP,asia-southeast1,n2-standard-2,2,8,18,480.8,863.1,8360.8,0,0,67.8,1706.96
AWS,ap-southeast-1,m6i.large,2,8,16,725.1,3952.1,11995.8,1,0,53.7,2738.87
AWS,us-east-1,m6i.4xlarge,16,64,3,651.1,3767.3,18888.7,0,0,18.5,3325.85
GCP,europe-west2,e2-medium,2,4,1,616.6,3668.1,16796.7,0,1,73.7,1658.92
Azure,southeastasia,D8s_v5,8,32,1,425.7,194.2,5325.3,0,0,41.5,671.92
Azure,uksouth,D4s_v5,4,16,8,365.0,3086.6,7106.1,1,0,43.7,1558.32
Azure,eastus,B2ms,2,8,16,477.1,3408.3,12356.8,1,1,42.6,1933.87
GCP,us-central1,n2-standard-8,8,32,11,539.0,3017.3,5477.2,0,1,64.5,3076.72
GCP,us-central1,n2-standard-4,4,16,2,377.6,3506.3,13294.9,0,1,86.2,1552.65
AWS,eu-west-2,m6i.xlarge,4,16,6,470.2,3629.6,2025.6,1,0,48.6,1140.08
AWS,eu-west-2,m6i.xlarge,4,16,3,436.1,1839.7,18354.3,0,0,34.7,1935.5
GCP,asia-southeast1,e2-standard-2,2,8,15,254.1,1663.5,4973.4,1,0,91.4,906.08
Azure,eastus,D8s_v5,8,32,17,658.1,2452.2,11308.6,0,0,29.8,5684.49
AWS,eu-west-2,t3.large,2,8,20,580.4,3570.6,17923.8,1,0,82.6,2810.27
Azure,uksouth,D16s_v5,16,64,16,643.4,908.4,7468.4,0,0,15.8,9271.33
GCP,europe-west2,n2-standard-8,8,32,18,737.7,2782.0,195.3,0,0,42.1,5740.37
GCP,us-central1,e2-medium,2,4,3,540.5,1362.4,10360.3,0,0,58.5,1032.6
GCP,europe-west2,n2-standard-16,16,64,4,195.3,2313.2,8464.4,1,1,15.2,1641.28
Azure,uksouth,B2ms,2,8,11,523.8,534.8,16282.8,1,0,46.9,1965.32
AWS,us-east-1,m6i.xlarge,4,16,16,242.2,317.7,2021.2,0,0,68.0,972.45
Azure,eastus,D16s_v5,16,64,13,286.8,1105.9,16815.8,1,0,75.7,4375.15
Azure,uksouth,D8s_v5,8,32,14,378.6,2619.6,16582.2,0,0,93.5,3882.22
GCP,asia-southeast1,e2-standard-2,2,8,15,729.0,3643.1,824.9,0,1,78.4,1209.11
GCP,europe-west2,n2-standard-2,2,8,11,462.7,1594.2,19843.7,0,1,82.1,2240.08
Azure,eastus,D8s_v5,8,32,17,706.6,3523.7,12133.7,1,1,56.4,6116.7
AWS,us-east-1,m6i.xlarge,4,16,6,253.6,3632.4,12816.9,1,0,42.0,1755.06
AWS,ap-southeast-1,t3.large,2,8,20,719.1,2913.9,4544.9,1,0,8.6,2053.09
AWS,eu-west-2,t3.large,2,8,14,223.6,2174.2,11481.1,1,1,7.6,1534.22
GCP,us-central1,n2-standard-8,8,32,4,560.0,3093.5,6706.6,1,1,67.5,1752.39
Azure,southeastasia,D4s_v5,4,16,1,604.5,467.5,10492.9,0,1,91.8,1087.93
GCP,us-central1,n2-standard-8,8,32,7,617.1,3368.4,1812.6,1,0,42.7,2180.29
Azure,southeastasia,B2ms,2,8,9,465.0,755.0,7761.3,1,1,92.8,1197.63
AWS,us-east-1,m6i.2xlarge,8,32,6,730.5,3381.2,2791.0,0,0,74.4,2236.21
AWS,eu-west-2,t3.large,2,8,8,335.7,2625.0,6872.0,0,0,82.9,1062.11
Azure,southeastasia,D16s_v5,16,64,1,681.3,834.0,1063.8,1,0,18.4,828.55
AWS,ap-southeast-1,m6i.xlarge,4,16,2,528.7,2838.8,10393.7,1,0,42.7,1452.58
GCP,europe-west2,n2-standard-4,4,16,1,618.2,182.5,17023.1,0,0,53.3,1451.74
AWS,eu-west-2,m6i.xlarge,4,16,4,444.9,1981.9,17889.6,0,1,83.1,1974.77
AWS,ap-southeast-1,m6i.4xlarge,16,64,11,299.7,3776.8,11697.2,0,1,12.6,4081.44
GCP,us-central1,n2-standard-4,4,16,6,490.9,2076.5,10857.3,1,1,46.7,1742.3
GCP,asia-southeast1,n2-standard-8,8,32,2,378.5,2185.1,12572.0,1,0,17.4,1605.34
AWS,ap-southeast-1,m6i.xlarge,4,16,8,501.0,2764.1,16016.4,0,1,67.6,2402.57
AWS,eu-west-2,t3.large,2,8,17,414.8,2811.4,10482.2,0,0,47.9,1763.44
GCP,asia-southeast1,e2-standard-2,2,8,1,295.8,1139.5,2362.3,0,1,7.7,333.69
AWS,ap-southeast-1,m6i.2xlarge,8,32,10,688.9,3414.1,17787.6,0,0,40.0,4794.35
AWS,eu-west-2,m6i.xlarge,4,16,5,295.5,3775.6,10976.3,1,1,46.5,1741.09
AWS,ap-southeast-1,m6i.2xlarge,8,32,7,215.0,504.3,13427.9,0,0,58.4,1817.22
GCP,asia-southeast1,n2-standard-16,16,64,6,367.0,2836.6,11937.0,0,1,89.5,3137.74
Azure,eastus,D16s_v5,16,64,4,292.6,884.7,11444.1,0,0,79.6,2007.1
GCP,us-central1,e2-standard-2,2,8,20,190.4,3951.8,8196.6,0,0,5.8,1260.69
AWS,eu-west-2,m6i.2xlarge,8,32,16,670.7,608.0,5259.7,0,1,31.8,4987.58
GCP,europe-west2,n2-standard-8,8,32,15,292.0,266.4,69.1,0,1,55.5,1897.02
AWS,us-east-1,m6i.xlarge,4,16,11,180.9,3925.8,10336.5,0,0,94.6,1661.16
Azure,southeastasia,D8s_v5,8,32,6,498.3,3851.7,12667.6,0,0,60.2,2789.83
Azure,uksouth,B2ms,2,8,8,320.3,2541.5,19622.5,0,1,80.8,2042.3
AWS,eu-west-2,t3.large,2,8,12,704.7,3838.2,12061.2,0,1,70.1,2214.38
AWS,us-east-1,m6i.xlarge,4,16,8,214.0,2665.5,8738.6,1,1,14.1,1409.64
GCP,europe-west2,e2-standard-2,2,8,13,501.8,1743.1,16861.1,0,0,58.9,1939.09
AWS,us-east-1,t3.large,2,8,18,348.1,2969.4,8645.5,0,1,39.5,1556.94
Azure,eastus,D4s_v5,4,16,17,450.5,2487.7,11959.0,1,0,79.0,2842.05
AWS,us-east-1,m6i.large,2,8,13,575.2,3651.9,2346.7,0,0,31.8,1198.97
Azure,eastus,D2s_v5,2,8,6,312.6,2573.3,1000.7,1,0,90.7,519.54
Azure,eastus,D4s_v5,4,16,17,180.9,3714.7,9480.8,0,1,94.8,1735.43
GCP,us-central1,n2-standard-4,4,16,19,546.4,3792.0,9902.8,0,1,64.5,3217.74
GCP,europe-west2,e2-standard-2,2,8,10,275.9,3626.0,9084.2,1,0,70.4,1346.75
AWS,us-east-1,m6i.2xlarge,8,32,7,509.5,3289.9,6212.1,1,0,24.7,2252.7
GCP,asia-southeast1,n2-standard-2,2,8,19,379.5,679.6,11701.2,1,1,41.1,1860.44
AWS,us-east-1,m6i.xlarge,4,16,7,340.6,1002.0,13802.7,1,0,71.9,1814.63
Azure,southeastasia,D4s_v5,4,16,13,262.8,1295.9,15753.3,0,1,91.6,2219.64
GCP,asia-southeast1,n2-standard-4,4,16,18,295.3,2013.7,8810.8,1,1,17.6,2184.64
AWS,eu-west-2,t3.large,2,8,16,327.5,3741.5,18727.5,0,1,26.0,2398.95
GCP,asia-southeast1,e2-standard-2,2,8,17,725.4,291.4,6683.9,1,1,65.1,1580.42
GCP,asia-southeast1,n2-standard-4,4,16,7,405.2,2173.8,16335.9,0,0,51.7,2038.69
AWS,eu-west-2,m6i.xlarge,4,16,15,718.4,1155.5,3967.6,1,0,54.1,2747.06
GCP,us-central1,e2-standard-2,2,8,8,425.9,948.3,12116.5,1,1,28.5,1356.32
AWS,eu-west-2,t3.large,2,8,3,244.8,687.9,14492.2,0,1,64.1,1352.65
Azure,southeastasia,B2ms,2,8,15,253.2,1767.8,3084.3,1,1,64.5,879.42
GCP,us-central1,n2-standard-8,8,32,6,664.1,1109.6,3368.9,0,1,77.4,1984.32
GCP,us-central1,e2-medium,2,4,9,655.3,2944.2,4691.9,0,0,48.0,810.37
Azure,eastus,D4s_v5,4,16,14,656.6,785.8,18534.7,0,0,89.7,3411.35
GCP,europe-west2,n2-standard-16,16,64,14,643.0,3001.6,11835.8,0,0,5.9,8754.26
AWS,eu-west-2,m6i.2xlarge,8,32,12,652.8,837.6,10506.9,1,0,73.7,4430.95
Azure,uksouth,D8s_v5,8,32,14,540.8,3600.0,14428.4,1,1,71.3,4789.5
Azure,eastus,D16s_v5,16,64,12,694.1,3498.3,1626.3,0,0,81.7,7083.19
Azure,eastus,D4s_v5,4,16,10,443.7,1045.7,18858.6,1,1,10.3,2598.2
Azure,eastus,D8s_v5,8,32,3,402.6,340.2,11223.3,1,0,94.0,1476.23
AWS,eu-west-2,t3.large,2,8,2,564.4,1483.4,15565.6,0,1,42.3,1546.86
GCP,europe-west2,n2-standard-8,8,32,12,580.4,2845.2,9643.1,1,0,15.2,4159.87
GCP,us-central1,n2-standard-16,16,64,10,599.5,741.2,15693.2,0,0,35.2,5986.04
AWS,ap-southeast-1,t3.medium,2,4,12,392.6,2250.4,4880.3,0,0,34.4,876.02
AWS,us-east-1,t3.large,2,8,3,272.1,3199.5,16646.6,1,0,45.8,1793.86
AWS,us-east-1,m6i.2xlarge,8,32,18,435.8,239.8,12690.4,0,0,37.4,4065.88
GCP,us-central1,e2-standard-2,2,8,4,302.2,2460.7,16210.0,1,1,73.5,1682.15
Azure,eastus,D8s_v5,8,32,7,498.5,1957.2,2431.2,0,1,79.3,1765.77
Azure,eastus,B2ms,2,8,8,552.8,3927.6,14236.6,1,0,64.6,1936.61
Azure,southeastasia,B2ms,2,8,10,646.8,1162.0,19266.8,1,1,23.0,2317.1
Azure,southeastasia,D8s_v5,8,32,9,690.5,1001.6,4671.2,1,1,51.3,3345.05
GCP,asia-southeast1,n2-standard-2,2,8,3,400.2,945.8,11485.3,0,1,6.2,1184.53
Azure,southeastasia,D8s_v5,8,32,1,504.6,3847.6,15354.1,1,0,54.4,1869.18
AWS,ap-southeast-1,m6i.4xlarge,16,64,14,422.2,3525.5,3345.7,1,1,68.5,5784.22
Azure,uksouth,D2s_v5,2,8,19,285.1,29.0,11562.4,1,1,31.7,1589.09
GCP,europe-west2,n2-standard-8,8,32,6,625.4,1232.9,9792.5,1,0,74.7,2566.66
Azure,southeastasia,D16s_v5,16,64,11,226.4,1733.5,11291.7,1,1,69.3,3441.24
Azure,uksouth,D2s_v5,2,8,18,504.7,2525.4,10656.2,1,0,15.0,2139.73
AWS,us-east-1,m6i.xlarge,4,16,2,334.5,3250.6,5377.9,0,1,64.1,863.55
Azure,southeastasia,D8s_v5,8,32,20,355.4,1412.2,3975.4,0,0,24.0,3592.04
AWS,us-east-1,m6i.xlarge,4,16,8,570.1,3622.9,10436.3,0,1,40.5,2112.99
Azure,southeastasia,D2s_v5,2,8,3,621.3,1246.9,7059.8,0,1,61.2,930.49
AWS,us-east-1,m6i.xlarge,4,16,8,187.7,2081.6,14619.2,0,1,18.4,1733.64
GCP,europe-west2,n2-standard-4,4,16,7,468.9,3605.1,4329.0,0,1,83.1,1417.34
Azure,southeastasia,B2ms,2,8,14,375.3,845.0,4568.6,0,0,59.5,943.8
GCP,us-central1,n2-standard-16,16,64,5,547.7,859.6,1867.5,1,0,39.4,2381.24
AWS,eu-west-2,t3.medium,2,4,1,646.4,3500.5,3251.0,1,1,45.1,691.1
AWS,ap-southeast-1,m6i.xlarge,4,16,14,384.6,3857.0,16331.7,0,0,8.6,2826.19
GCP,europe-west2,e2-medium,2,4,20,233.0,1692.2,15878.3,1,0,89.1,1672.24
Azure,eastus,D2s_v5,2,8,13,262.1,1775.2,17956.1,1,0,94.5,1954.4
Azure,uksouth,D4s_v5,4,16,8,424.0,735.7,401.1,1,0,6.9,884.5
Azure,uksouth,D16s_v5,16,64,14,278.6,1342.5,628.8,1,1,16.4,3528.13
Azure,eastus,D2s_v5,2,8,20,588.1,2622.3,7660.0,0,0,59.6,2034.89
Azure,southeastasia,B2ms,2,8,2,412.8,2190.2,19820.4,0,1,93.1,1866.78
GCP,asia-southeast1,n2-standard-8,8,32,16,363.3,1609.2,17418.9,1,0,77.9,4095.73
Azure,southeastasia,D16s_v5,16,64,5,563.1,361.2,17219.2,0,0,81.6,3977.73
GCP,europe-west2,e2-medium,2,4,2,518.8,2874.9,16103.4,1,1,43.9,1685.57
Azure,southeastasia,B2ms,2,8,16,474.9,27.5,12627.4,1,0,21.2,1836.08
GCP,us-central1,n2-standard-2,2,8,16,601.9,2423.6,299.3,0,1,76.7,1160.3
GCP,us-central1,e2-medium,2,4,15,536.3,2499.5,8111.1,1,1,81.0,1196.62
AWS,eu-west-2,m6i.xlarge,4,16,18,223.4,1403.7,12383.0,1,0,11.5,2059.82
GCP,europe-west2,n2-standard-16,16,64,7,667.1,3310.8,6664.2,0,0,59.7,4787.53
AWS,ap-southeast-1,m6i.2xlarge,8,32,7,335.6,3331.9,19350.5,1,1,30.2,2991.76
Azure,eastus,D8s_v5,8,32,18,688.2,189.8,1002.2,0,1,15.1,5051.35
AWS,ap-southeast-1,t3.medium,2,4,15,622.8,269.8,15328.3,0,1,59.9,1802.43
Azure,eastus,D16s_v5,16,64,3,635.3,2286.4,12401.1,0,0,57.5,2692.64
GCP,europe-west2,e2-standard-2,2,8,16,741.5,3029.5,15803.3,0,0,26.9,2360.92
Azure,eastus,D4s_v5,4,16,12,489.9,2397.1,19470.7,0,0,79.7,2905.84
GCP,asia-southeast1,n2-standard-4,4,16,12,662.7,1133.3,14497.8,1,1,33.7,3028.87
Azure,southeastasia,D4s_v5,4,16,18,188.8,475.0,18510.3,1,0,78.1,2424.0
GCP,us-central1,e2-medium,2,4,9,722.3,1487.8,14205.1,1,0,23.8,1530.98
Azure,eastus,D4s_v5,4,16,4,718.7,2294.3,4939.7,1,0,10.6,1216.87
Azure,uksouth,D8s_v5,8,32,10,564.6,3349.2,760.6,1,1,41.5,2838.21
AWS,us-east-1,t3.large,2,8,12,701.6,3688.5,6195.7,0,0,91.1,1533.44
AWS,eu-west-2,m6i.xlarge,4,16,6,375.9,2477.6,5590.7,1,0,12.8,1214.33
GCP,asia-southeast1,n2-standard-8,8,32,12,531.8,2671.7,19890.1,1,1,17.4,4629.52
Azure,uksouth,D4s_v5,4,16,13,468.2,1818.8,17247.1,0,0,52.5,2860.98
GCP,us-central1,n2-standard-4,4,16,12,245.3,2156.5,17028.8,0,1,7.8,2091.27
AWS,us-east-1,m6i.large,2,8,4,618.1,1027.8,14748.9,1,0,10.8,1630.51
Azure,eastus,D2s_v5,2,8,6,682.8,2147.2,16861.5,0,0,54.6,1973.06
GCP,europe-west2,e2-standard-2,2,8,6,698.2,3634.4,1454.7,0,1,66.3,736.01
AWS,eu-west-2,m6i.large,2,8,5,243.5,3029.6,8848.6,0,0,27.8,1197.93
Azure,southeastasia,D16s_v5,16,64,7,547.8,1345.1,19914.1,1,1,33.6,5202.28
AWS,eu-west-2,m6i.4xlarge,16,64,5,356.4,2127.9,12998.9,1,0,39.3,2810.31
AWS,us-east-1,t3.large,2,8,20,570.9,417.5,7324.7,1,1,68.0,1722.87
Azure,southeastasia,D2s_v5,2,8,19,391.0,954.5,2597.1,1,0,48.2,1191.74
Azure,eastus,D8s_v5,8,32,3,412.7,1829.0,1953.6,1,0,65.0,843.05
Azure,uksouth,B2ms,2,8,16,383.7,3189.9,18996.0,1,0,19.9,2373.85
AWS,eu-west-2,t3.medium,2,4,14,276.0,564.6,5730.9,1,1,20.4,827.68
Azure,eastus,D4s_v5,4,16,16,732.7,432.6,1511.6,0,0,62.2,2443.05
Azure,southeastasia,D8s_v5,8,32,13,387.6,2027.7,809.2,1,0,54.7,2651.62
AWS,ap-southeast-1,m6i.large,2,8,6,284.2,3700.3,16124.2,0,0,38.6,1917.25
Azure,uksouth,D2s_v5,2,8,16,688.0,1862.6,3560.0,1,1,25.1,1704.81
AWS,eu-west-2,m6i.2xlarge,8,32,11,229.1,3640.4,48.6,1,1,93.8,1426.04
Azure,eastus,D4s_v5,4,16,16,388.9,3904.1,10974.5,1,1,15.6,2537.58
GCP,europe-west2,n2-standard-2,2,8,9,591.1,784.0,2746.8,0,0,49.8,847.14
GCP,asia-southeast1,e2-medium,2,4,13,393.3,3619.3,14181.1,0,0,6.8,1664.34
Azure,southeastasia,D16s_v5,16,64,16,737.4,1743.8,19803.2,1,0,58.1,12520.63
AWS,eu-west-2,m6i.xlarge,4,16,3,205.0,1653.7,17504.6,1,0,52.1,1817.11
AWS,eu-west-2,t3.large,2,8,19,326.0,2778.7,10953.8,0,1,29.5,1789.72
Azure,eastus,D2s_v5,2,8,17,271.1,3726.6,17212.1,0,0,93.9,2131.2
GCP,europe-west2,e2-medium,2,4,13,433.4,3258.0,14088.7,0,1,25.6,1630.86
AWS,ap-southeast-1,t3.medium,2,4,6,243.1,3965.1,3562.2,0,1,51.9,763.99
AWS,ap-southeast-1,m6i.xlarge,4,16,3,505.9,1523.0,15949.2,0,0,41.5,1850.98
GCP,us-central1,n2-standard-16,16,64,15,432.3,3432.4,13040.6,1,1,65.9,6310.34
GCP,us-central1,n2-standard-4,4,16,8,557.6,710.9,18094.3,0,0,40.7,2310.26
GCP,asia-southeast1,n2-standard-8,8,32,2,490.3,1101.6,16667.2,0,1,32.2,1821.4
AWS,eu-west-2,t3.large,2,8,18,465.0,2874.7,5710.0,1,0,71.3,1532.79
Azure,uksouth,D16s_v5,16,64,15,310.3,3979.9,2715.8,1,0,16.9,4591.31
GCP,asia-southeast1,n2-standard-4,4,16,13,370.0,1647.1,11002.3,0,0,15.1,2116.89
GCP,europe-west2,n2-standard-2,2,8,17,329.0,2399.0,8299.6,0,1,8.7,1514.58
GCP,asia-southeast1,n2-standard-4,4,16,18,415.1,3020.5,16914.3,1,0,71.3,3212.46
GCP,asia-southeast1,n2-standard-2,2,8,18,454.5,322.5,18379.4,0,1,70.9,2340.81
Azure,eastus,D8s_v5,8,32,3,335.0,3459.8,19391.7,1,1,36.7,2292.35
Azure,eastus,D2s_v5,2,8,3,184.5,3269.6,16893.1,0,1,61.9,1675.26
AWS,eu-west-2,t3.medium,2,4,8,579.9,3377.3,16619.8,1,0,29.0,1963.47
GCP,europe-west2,e2-standard-2,2,8,17,708.7,1174.1,17376.3,0,0,52.2,2400.44
GCP,asia-southeast1,e2-standard-2,2,8,5,227.0,2855.5,4448.8,0,0,65.4,698.65
Azure,southeastasia,D2s_v5,2,8,16,619.9,329.3,2834.2,0,1,18.6,1382.73
AWS,eu-west-2,m6i.large,2,8,8,652.4,627.0,315.0,0,1,11.9,624.96
AWS,ap-southeast-1,m6i.2xlarge,8,32,13,524.3,2471.9,10443.9,0,0,62.7,4089.18
GCP,asia-southeast1,n2-standard-16,16,64,10,520.7,820.9,3205.9,1,1,79.1,4954.73
AWS,eu-west-2,m6i.4xlarge,16,64,15,514.6,1023.8,3146.8,0,1,39.0,6774.4
AWS,us-east-1,t3.medium,2,4,19,528.5,2038.1,11140.0,0,0,56.3,1618.08
AWS,ap-southeast-1,t3.large,2,8,13,241.2,2579.3,15921.9,0,1,63.2,1865.42
GCP,asia-southeast1,e2-medium,2,4,11,352.2,3169.1,6494.6,0,1,11.0,1013.64
Azure,eastus,D8s_v5,8,32,4,264.8,152.9,17069.2,1,0,12.5,1884.56
GCP,us-central1,n2-standard-8,8,32,11,230.5,2542.6,7311.3,1,1,50.7,1944.16
Azure,eastus,D2s_v5,2,8,20,195.3,2802.7,3665.9,1,0,63.3,953.84
GCP,us-central1,n2-standard-8,8,32,11,676.4,3821.1,19520.9,1,1,69.4,4794.88
GCP,asia-southeast1,n2-standard-16,16,64,10,618.3,299.2,17586.9,0,1,50.7,6759.84
Azure,eastus,B2ms,2,8,18,480.2,2210.9,6380.0,0,1,92.1,1419.42
Azure,southeastasia,D8s_v5,8,32,18,303.0,1170.5,5560.2,1,1,79.4,3113.86
GCP,europe-west2,n2-standard-2,2,8,12,457.3,515.0,8722.1,1,0,68.1,1432.8
AWS,ap-southeast-1,m6i.xlarge,4,16,17,226.1,296.8,2948.7,0,0,59.7,1107.35
AWS,us-east-1,m6i.xlarge,4,16,7,406.1,1151.9,11622.6,1,1,57.9,1726.91
Azure,southeastasia,B2ms,2,8,2,524.6,3959.0,12858.5,0,0,77.5,1511.0
AWS,us-east-1,t3.large,2,8,9,369.0,2314.4,7492.9,0,0,35.2,1124.65
GCP,asia-southeast1,n2-standard-16,16,64,20,539.3,29.3,17372.3,0,0,65.4,10742.98
AWS,eu-west-2,m6i.large,2,8,20,218.2,614.9,12558.0,0,0,62.0,1592.23
AWS,eu-west-2,m6i.4xlarge,16,64,18,660.6,646.5,6947.2,1,0,61.5,10209.2
AWS,eu-west-2,m6i.2xlarge,8,32,6,623.9,3169.9,9823.6,1,1,85.6,2823.56
GCP,asia-southeast1,n2-standard-2,2,8,16,373.5,486.1,6856.1,1,1,40.4,1340.44
GCP,us-central1,n2-standard-2,2,8,8,299.8,355.3,5051.4,0,0,60.8,698.19
GCP,us-central1,n2-standard-2,2,8,16,274.9,890.8,7418.4,0,0,32.6,1112.28
GCP,us-central1,n2-standard-2,2,8,18,620.1,2767.5,8142.9,1,0,13.4,2026.37
GCP,us-central1,e2-standard-2,2,8,11,500.6,258.0,8397.3,1,0,87.2,1137.2
AWS,ap-southeast-1,m6i.4xlarge,16,64,1,686.3,3381.2,15937.0,1,1,92.7,2270.96
GCP,europe-west2,n2-standard-16,16,64,12,558.3,186.6,19168.0,0,1,6.4,7139.4
GCP,us-central1,n2-standard-4,4,16,12,236.2,2188.8,8634.5,1,0,31.6,1509.74
AWS,eu-west-2,m6i.xlarge,4,16,16,265.9,3763.7,465.8,1,1,64.1,1320.66
AWS,ap-southeast-1,t3.medium,2,4,1,471.6,3540.2,17731.4,0,1,16.0,1891.98
GCP,asia-southeast1,e2-medium,2,4,16,534.0,1997.1,9146.8,0,1,47.7,1303.08
GCP,us-central1,n2-standard-16,16,64,3,299.2,3884.4,19813.7,0,0,14.3,2524.21
Azure,eastus,B2ms,2,8,8,211.8,3797.2,13080.7,1,0,79.1,1562.46
GCP,us-central1,n2-standard-16,16,64,2,406.0,2203.2,14875.9,1,0,27.6,2031.45
AWS,us-east-1,t3.large,2,8,13,254.6,3042.1,17246.0,1,1,95.0,2073.56
AWS,us-east-1,m6i.4xlarge,16,64,16,398.0,554.9,8361.0,0,1,6.5,5646.78
AWS,ap-southeast-1,m6i.4xlarge,16,64,11,714.2,2092.4,6361.5,0,0,6.8,7369.2
Azure,uksouth,D4s_v5,4,16,8,242.7,901.9,489.2,0,1,84.9,527.78
Azure,uksouth,D16s_v5,16,64,16,547.0,3017.0,17555.5,0,0,70.7,9158.42
GCP,asia-southeast1,n2-standard-8,8,32,14,499.1,3854.5,10018.7,1,1,42.3,4216.99
Azure,uksouth,B2ms,2,8,5,338.5,3877.1,15591.7,1,1,86.8,1835.41
AWS,ap-southeast-1,m6i.xlarge,4,16,3,509.7,1122.4,12595.0,1,1,40.0,1586.35
GCP,us-central1,n2-standard-4,4,16,11,636.4,2567.2,18061.6,0,1,12.6,2986.77
AWS,ap-southeast-1,m6i.2xlarge,8,32,15,725.9,33.3,4739.2,0,0,46.8,5029.93
Azure,southeastasia,B2ms,2,8,3,624.1,3795.9,5236.9,1,0,43.2,1004.95
AWS,ap-southeast-1,m6i.large,2,8,11,527.9,994.1,14548.2,1,1,27.4,2049.06
GCP,asia-southeast1,n2-standard-2,2,8,8,658.8,275.5,7451.7,1,0,60.0,1292.26
AWS,us-east-1,t3.medium,2,4,7,706.8,3258.4,18309.7,1,1,60.4,2125.64
Azure,southeastasia,D16s_v5,16,64,16,515.8,811.6,10292.0,1,0,21.5,8391.29
GCP,asia-southeast1,n2-standard-4,4,16,1,268.2,2007.4,819.2,0,1,70.4,306.96
AWS,ap-southeast-1,m6i.xlarge,4,16,13,459.9,462.5,8181.2,0,1,27.6,2035.31
Azure,southeastasia,D16s_v5,16,64,9,312.7,3798.7,3114.6,0,1,91.7,3163.46
GCP,us-central1,e2-medium,2,4,7,244.6,3441.2,13988.6,1,1,6.1,1501.38
AWS,ap-southeast-1,m6i.2xlarge,8,32,12,410.4,3301.2,18614.9,0,0,18.1,3890.83
AWS,ap-southeast-1,t3.large,2,8,16,305.0,2054.0,1652.0,0,1,70.5,796.4
AWS,ap-southeast-1,m6i.4xlarge,16,64,5,593.7,1258.2,4971.8,1,1,34.3,3179.34
Azure,eastus,D4s_v5,4,16,19,443.3,3322.4,3609.5,1,1,11.8,2344.2
Azure,uksouth,B2ms,2,8,10,602.0,3057.5,18279.6,0,1,15.1,2218.61
AWS,eu-west-2,m6i.large,2,8,14,467.1,3742.5,19763.8,1,1,34.3,2658.78
GCP,asia-southeast1,e2-medium,2,4,18,722.4,695.2,401.5,0,0,72.6,564.36
GCP,us-central1,n2-standard-4,4,16,15,207.3,1555.7,1984.5,0,0,9.3,884.34
Azure,southeastasia,D2s_v5,2,8,3,550.0,977.3,16898.4,1,1,91.6,1743.73
Azure,southeastasia,D8s_v5,8,32,3,360.0,260.6,16661.9,0,1,81.3,1891.09
AWS,eu-west-2,m6i.xlarge,4,16,12,621.9,177.1,9923.5,0,0,29.1,2419.35
AWS,us-east-1,m6i.4xlarge,16,64,2,287.1,2007.2,6196.0,0,0,48.9,1129.24
AWS,us-east-1,m6i.4xlarge,16,64,20,206.5,2207.6,4393.0,0,1,91.2,3690.62
GCP,asia-southeast1,e2-medium,2,4,7,598.0,3812.0,4473.4,0,1,37.6,879.45
AWS,eu-west-2,m6i.xlarge,4,16,20,361.0,2227.8,12669.8,0,1,55.3,2812.18
Azure,southeastasia,D2s_v5,2,8,13,312.6,857.9,13674.9,0,0,81.4,1662.37
AWS,ap-southeast-1,t3.large,2,8,18,329.7,3878.2,8605.2,0,1,52.3,1660.47
Azure,southeastasia,D2s_v5,2,8,8,655.5,2727.8,2378.8,0,1,61.9,1042.17
AWS,ap-southeast-1,m6i.large,2,8,17,393.4,1574.9,89.6,0,1,88.0,868.25
GCP,asia-southeast1,n2-standard-8,8,32,15,553.2,1818.2,18186.7,1,1,37.9,5432.25
Azure,uksouth,D4s_v5,4,16,18,297.0,2612.2,6119.1,1,0,75.7,1913.21
AWS,eu-west-2,m6i.4xlarge,16,64,19,547.2,2483.7,805.4,1,1,72.5,8896.84
Azure,uksouth,D2s_v5,2,8,13,288.3,3114.9,2269.4,0,1,70.4,850.86
GCP,us-central1,n2-standard-4,4,16,5,459.9,406.9,10966.4,1,0,43.0,1484.17
GCP,asia-southeast1,n2-standard-4,4,16,12,620.9,296.7,14059.6,0,1,6.2,2869.55
AWS,ap-southeast-1,m6i.xlarge,4,16,9,187.7,3744.7,17260.5,0,1,57.5,2179.0
GCP,asia-southeast1,e2-medium,2,4,6,277.4,3620.5,15358.5,1,0,59.7,1690.29
AWS,us-east-1,m6i.xlarge,4,16,3,563.1,1643.4,6995.3,0,0,30.4,1090.68
GCP,us-central1,e2-medium,2,4,15,533.6,1823.0,5200.1,1,0,78.8,933.65
Azure,uksouth,D4s_v5,4,16,12,432.0,1945.8,9228.3,1,1,88.8,2155.61
Azure,uksouth,B2ms,2,8,18,559.0,3284.8,4320.0,1,0,54.4,1565.1
Azure,uksouth,D4s_v5,4,16,13,241.0,3941.2,11114.3,1,1,87.5,1986.69
GCP,europe-west2,n2-standard-4,4,16,6,425.4,2589.3,2223.1,0,1,25.3,950.05
Azure,eastus,D16s_v5,16,64,2,327.9,1961.0,18644.6,0,1,49.4,2166.57
AWS,us-east-1,m6i.xlarge,4,16,14,197.3,489.5,11557.8,0,1,50.3,1601.07
Azure,uksouth,B2ms,2,8,15,373.2,2499.6,15314.2,0,0,36.6,1921.31
GCP,us-central1,e2-medium,2,4,17,413.9,1463.0,3049.4,0,1,17.0,628.75
AWS,ap-southeast-1,m6i.xlarge,4,16,6,470.8,3744.6,19182.5,1,1,42.9,2641.77
GCP,europe-west2,n2-standard-4,4,16,10,516.1,3077.6,12683.1,0,0,51.7,2458.58
AWS,ap-southeast-1,m6i.large,2,8,19,369.6,943.2,13161.6,1,0,25.4,2013.32
GCP,us-central1,e2-medium,2,4,7,449.2,3206.5,5740.6,1,1,11.7,926.72
GCP,us-central1,n2-standard-2,2,8,18,573.6,3521.9,4428.6,0,0,61.3,1583.33
GCP,asia-southeast1,n2-standard-8,8,32,10,222.2,3840.6,18905.3,1,1,10.9,2895.73
Azure,southeastasia,B2ms,2,8,1,524.9,3345.5,7594.1,0,1,10.9,999.87
GCP,asia-southeast1,n2-standard-16,16,64,2,566.3,1254.2,16050.1,0,0,71.4,2419.26
AWS,us-east-1,m6i.2xlarge,8,32,10,600.5,2893.6,13845.8,1,1,11.1,3822.47
Azure,southeastasia,D16s_v5,16,64,16,488.4,2029.5,1712.0,0,1,25.0,7478.41
GCP,asia-southeast1,n2-standard-2,2,8,8,221.7,1637.9,12067.9,1,0,37.3,1362.8
Azure,eastus,D2s_v5,2,8,15,655.5,799.5,1702.4,1,1,34.2,1256.81
AWS,ap-southeast-1,t3.medium,2,4,5,582.2,1438.8,14135.0,0,0,12.9,1507.53
Azure,uksouth,B2ms,2,8,6,400.4,1004.2,19883.4,0,0,90.6,1869.64
GCP,asia-southeast1,n2-standard-4,4,16,8,264.6,1091.3,8032.3,0,0,36.1,1267.05
Azure,eastus,B2ms,2,8,14,389.8,2729.2,17040.7,1,1,67.3,2132.4
AWS,us-east-1,t3.large,2,8,1,293.7,1000.4,17356.3,0,1,39.4,1611.57
Azure,uksouth,D2s_v5,2,8,2,692.9,198.0,1233.6,0,0,68.9,259.87
Azure,eastus,B2ms,2,8,13,574.8,3314.7,8927.4,0,0,37.1,1673.16
Azure,southeastasia,B2ms,2,8,1,595.7,977.9,5078.2,0,0,41.7,566.58
Azure,eastus,B2ms,2,8,8,528.2,2477.2,13137.0,0,0,78.3,1666.67
GCP,europe-west2,n2-standard-2,2,8,19,473.2,2829.7,8048.6,0,1,38.1,1874.06
Azure,southeastasia,D16s_v5,16,64,19,474.8,1476.2,16175.5,1,0,69.1,9416.85
AWS,us-east-1,m6i.large,2,8,6,627.4,3178.5,7218.6,1,0,38.1,1337.0
AWS,eu-west-2,m6i.xlarge,4,16,9,647.9,3812.2,14269.3,1,1,22.1,2851.5
AWS,eu-west-2,m6i.2xlarge,8,32,12,734.1,1801.8,2109.2,0,1,21.0,4115.3
GCP,us-central1,e2-medium,2,4,14,452.8,3243.8,17713.3,1,1,80.9,1981.97
AWS,ap-southeast-1,m6i.2xlarge,8,32,17,458.6,3483.1,14132.5,1,1,89.3,4901.56
Azure,uksouth,B2ms,2,8,6,351.9,2811.6,8923.7,1,1,46.0,1264.83
Azure,uksouth,D4s_v5,4,16,18,289.7,1128.3,5987.5,1,1,48.4,1791.09
AWS,us-east-1,m6i.xlarge,4,16,11,372.1,2538.7,9409.8,1,1,91.6,1833.75
AWS,ap-southeast-1,m6i.xlarge,4,16,13,655.7,3318.3,17764.1,1,1,76.9,3604.83
AWS,eu-west-2,m6i.xlarge,4,16,17,553.8,359.6,18525.1,0,1,72.0,3436.56
AWS,ap-southeast-1,m6i.xlarge,4,16,13,413.1,2118.0,12731.1,1,1,12.4,2510.97
AWS,eu-west-2,t3.medium,2,4,6,462.2,181.1,15921.2,0,0,8.1,1478.14
GCP,asia-southeast1,e2-standard-2,2,8,11,609.0,405.5,14934.2,0,0,85.5,1716.74
Azure,uksouth,D4s_v5,4,16,10,487.3,2832.2,14936.5,0,0,27.2,2455.85
Azure,eastus,D16s_v5,16,64,18,588.0,1045.5,3765.0,1,1,30.6,9166.63
AWS,eu-west-2,t3.medium,2,4,9,242.8,3498.3,1936.0,1,1,57.4,627.81
AWS,eu-west-2,t3.large,2,8,15,372.5,1025.7,9063.5,1,0,54.5,1465.49
Azure,southeastasia,B2ms,2,8,1,422.8,3935.1,10012.3,1,0,88.6,1299.8
AWS,ap-southeast-1,m6i.4xlarge,16,64,1,523.6,2936.5,5217.1,0,1,77.1,1191.84
Azure,eastus,B2ms,2,8,1,195.8,2574.7,10929.6,0,1,36.8,1152.96
AWS,us-east-1,t3.large,2,8,2,478.3,3677.2,15320.1,1,0,21.6,1697.45
AWS,us-east-1,m6i.xlarge,4,16,11,664.1,1886.0,17837.2,0,1,16.0,3025.51
AWS,eu-west-2,t3.large,2,8,12,418.7,863.7,4350.6,0,1,44.5,920.03
AWS,ap-southeast-1,t3.medium,2,4,14,270.3,3078.9,9852.3,0,1,40.4,1348.59
Azure,eastus,D4s_v5,4,16,3,531.8,883.3,8896.1,0,1,12.1,1201.65
Azure,uksouth,D8s_v5,8,32,15,573.7,3589.3,18566.1,1,0,91.3,5448.61
GCP,asia-southeast1,n2-standard-8,8,32,13,375.1,412.7,5252.1,1,1,63.8,2662.66
GCP,us-central1,n2-standard-2,2,8,8,724.7,3216.4,619.8,0,0,77.5,857.49
AWS,ap-southeast-1,m6i.4xlarge,16,64,10,315.0,3484.4,16692.9,1,0,55.1,4588.54
AWS,eu-west-2,m6i.xlarge,4,16,17,436.4,1133.9,47.5,0,1,43.8,1710.75
Azure,southeastasia,D4s_v5,4,16,11,332.4,22.3,15600.2,0,1,61.0,2145.87
GCP,us-central1,e2-medium,2,4,7,624.9,2440.9,15824.9,0,1,87.3,1632.66
Azure,uksouth,B2ms,2,8,12,463.8,1885.5,1478.0,1,1,23.3,850.92
Azure,eastus,D2s_v5,2,8,18,299.6,3939.1,10890.0,1,1,23.1,1769.32
Azure,uksouth,D2s_v5,2,8,5,647.0,1480.8,10538.9,0,0,94.8,1394.74
Azure,eastus,B2ms,2,8,12,742.7,3128.1,15953.4,1,1,36.7,2268.61
GCP,europe-west2,n2-standard-2,2,8,17,391.0,2150.1,15499.4,1,0,74.8,2202.65
AWS,us-east-1,m6i.2xlarge,8,32,18,183.6,1920.9,14013.5,1,0,22.2,2718.42
AWS,us-east-1,m6i.4xlarge,16,64,8,578.9,537.2,16362.2,0,0,41.5,4865.75
GCP,europe-west2,e2-standard-2,2,8,19,567.8,748.2,15997.0,1,0,48.3,2204.83
Azure,eastus,D2s_v5,2,8,15,555.1,2663.6,13178.9,0,0,32.0,2102.7
Azure,southeastasia,D8s_v5,8,32,7,687.9,3861.0,17342.7,0,0,35.1,3924.96
Azure,eastus,D4s_v5,4,16,16,620.8,52.0,17271.9,0,1,6.6,3407.79
GCP,us-central1,n2-standard-4,4,16,13,486.0,3269.8,15636.4,0,0,66.7,2737.39
Azure,uksouth,D4s_v5,4,16,4,428.1,1816.5,370.0,1,1,13.1,599.31
AWS,us-east-1,m6i.large,2,8,9,623.8,3244.2,13217.1,1,0,69.2,1958.07
Azure,southeastasia,D2s_v5,2,8,3,424.5,1708.7,3066.1,1,1,52.5,619.27
Azure,southeastasia,D16s_v5,16,64,7,623.5,1420.2,15058.1,0,0,61.8,5339.36
AWS,ap-southeast-1,m6i.large,2,8,15,254.2,1456.1,16840.2,0,1,91.5,1915.31
GCP,europe-west2,n2-standard-4,4,16,4,344.7,2074.3,19375.7,1,1,85.8,2070.78
GCP,us-central1,e2-standard-2,2,8,20,377.2,38.4,19074.5,1,0,9.3,2139.59
GCP,us-central1,n2-standard-8,8,32,12,725.2,200.0,7359.8,0,0,37.7,3925.0
Azure,southeastasia,D4s_v5,4,16,18,585.7,1539.9,10738.3,0,0,31.0,3385.88
GCP,asia-southeast1,n2-standard-16,16,64,7,499.4,1323.6,3202.1,1,1,61.9,3483.57
GCP,europe-west2,n2-standard-16,16,64,2,359.6,3235.5,2245.1,0,0,89.6,1045.27
AWS,ap-southeast-1,m6i.2xlarge,8,32,18,331.2,3205.1,4521.4,0,1,76.9,3264.04
Azure,eastus,B2ms,2,8,18,319.3,3990.3,16107.4,1,1,36.4,2103.85
AWS,eu-west-2,m6i.4xlarge,16,64,6,422.8,2676.9,9061.4,0,1,52.2,3136.86
GCP,asia-southeast1,e2-medium,2,4,8,446.6,3732.7,9986.3,0,0,28.0,1303.92
AWS,eu-west-2,m6i.xlarge,4,16,9,510.3,3175.3,6913.9,0,0,92.0,1839.44
Azure,eastus,D4s_v5,4,16,2,730.6,2418.5,345.0,0,0,93.6,485.63
AWS,ap-southeast-1,m6i.2xlarge,8,32,7,404.5,3037.6,5399.4,1,1,17.8,2051.45
GCP,us-central1,e2-standard-2,2,8,20,416.2,2739.2,5701.5,0,0,90.5,1239.45
Azure,uksouth,D2s_v5,2,8,13,256.6,2349.7,16068.3,1,0,65.4,1906.48
AWS,eu-west-2,m6i.4xlarge,16,64,16,515.0,3787.1,15274.1,0,1,78.0,8354.76
GCP,us-central1,n2-standard-16,16,64,3,666.4,1598.6,10164.7,0,0,23.0,2523.2
GCP,asia-southeast1,n2-standard-2,2,8,8,266.2,382.8,14893.9,0,0,91.1,1483.67
Azure,eastus,D2s_v5,2,8,2,226.3,2718.0,19447.8,1,1,53.0,1892.8
AWS,eu-west-2,t3.large,2,8,17,402.6,1693.4,19239.2,1,1,74.3,2363.32
AWS,eu-west-2,t3.large,2,8,13,339.8,667.7,17002.7,1,0,5.9,1943.75
Azure,eastus,D8s_v5,8,32,19,213.1,2517.7,15653.6,0,0,16.9,3128.37
AWS,eu-west-2,m6i.2xlarge,8,32,11,476.2,1370.5,9108.9,1,0,40.1,3097.77
AWS,eu-west-2,t3.large,2,8,19,691.5,3156.6,600.3,0,1,44.4,1523.07
Azure,eastus,D4s_v5,4,16,13,504.9,1881.5,7793.5,0,0,94.2,2181.52
AWS,us-east-1,m6i.2xlarge,8,32,14,671.4,977.3,9600.7,1,1,16.3,4563.47
GCP,europe-west2,e2-standard-2,2,8,1,516.0,291.2,4044.0,0,1,75.3,409.22
Azure,uksouth,D2s_v5,2,8,3,680.9,672.0,6992.8,0,0,88.5,858.15
GCP,us-central1,n2-standard-8,8,32,7,540.5,604.0,10844.4,1,0,87.6,2478.67
GCP,europe-west2,n2-standard-8,8,32,2,739.0,616.6,3468.7,1,1,18.3,1032.14
Azure,eastus,D2s_v5,2,8,13,328.6,3274.8,12938.4,0,0,39.8,1738.45
Azure,uksouth,D4s_v5,4,16,12,259.0,1121.7,18154.8,0,1,48.0,2274.79
Azure,eastus,D4s_v5,4,16,20,507.1,1298.2,4267.8,0,0,34.4,2475.6
Azure,southeastasia,D2s_v5,2,8,16,516.2,853.7,12961.9,0,0,62.4,2075.2
Azure,uksouth,D16s_v5,16,64,16,257.3,2367.0,17953.1,1,0,84.5,5115.57
Azure,uksouth,B2ms,2,8,15,669.4,700.6,13998.7,1,0,53.0,2157.92
Azure,eastus,D8s_v5,8,32,11,652.7,1593.0,10556.5,0,1,32.2,3825.07
AWS,ap-southeast-1,m6i.2xlarge,8,32,19,257.6,1497.8,19186.3,0,0,54.4,3893.41
Azure,southeastasia,D2s_v5,2,8,6,540.5,2917.0,15506.1,0,0,21.2,1887.02
GCP,us-central1,n2-standard-16,16,64,8,292.7,428.1,4806.3,0,1,64.9,2299.61
GCP,us-central1,n2-standard-2,2,8,19,319.5,3221.4,5425.4,1,1,18.5,1339.9
Azure,southeastasia,D8s_v5,8,32,15,355.5,1808.8,12563.8,0,0,77.3,3530.45
AWS,eu-west-2,m6i.xlarge,4,16,19,601.3,502.0,8771.9,0,0,38.0,3186.81
GCP,europe-west2,n2-standard-4,4,16,5,221.8,1661.7,1166.3,0,1,84.4,488.48
GCP,europe-west2,n2-standard-16,16,64,7,683.9,158.0,9744.1,1,0,80.3,4860.24
AWS,eu-west-2,m6i.large,2,8,9,493.0,2305.1,12702.7,0,1,23.1,1769.53
AWS,ap-southeast-1,m6i.large,2,8,13,364.3,1694.3,19363.8,1,0,91.3,2304.3
AWS,ap-southeast-1,m6i.2xlarge,8,32,7,548.6,1179.9,2416.7,1,1,93.1,2037.53
Azure,eastus,D16s_v5,16,64,9,529.2,748.1,5777.4,0,0,16.7,4257.99
Azure,uksouth,B2ms,2,8,13,456.2,592.9,10998.1,1,1,84.2,1620.72
GCP,us-central1,n2-standard-2,2,8,13,282.4,3758.2,4861.2,0,0,19.3,1065.46
GCP,asia-southeast1,n2-standard-2,2,8,14,677.4,2623.3,1601.7,1,1,39.9,1447.66
GCP,us-central1,n2-standard-16,16,64,10,457.7,363.9,9670.8,1,0,29.3,4471.6
GCP,us-central1,n2-standard-16,16,64,13,352.4,1418.2,10210.3,0,1,49.2,4623.89
Azure,uksouth,D2s_v5,2,8,11,182.8,1942.4,18460.3,0,1,74.5,1877.12
GCP,europe-west2,e2-medium,2,4,10,290.1,514.3,510.5,0,1,89.5,201.56
Azure,eastus,D2s_v5,2,8,10,210.8,2023.6,2471.6,1,1,56.2,648.13
Azure,uksouth,B2ms,2,8,6,340.2,584.4,19314.4,0,1,37.1,1812.85
AWS,us-east-1,m6i.large,2,8,16,257.1,3521.7,16836.7,0,1,28.3,2118.41
Azure,southeastasia,D16s_v5,16,64,17,476.3,209.5,3859.2,1,1,50.8,7609.38
GCP,europe-west2,e2-standard-2,2,8,4,601.8,2566.8,8868.5,0,1,88.5,1173.8
Azure,eastus,D4s_v5,4,16,13,462.3,1714.5,8594.3,1,0,36.7,2157.37
AWS,ap-southeast-1,m6i.4xlarge,16,64,8,660.2,565.6,5636.4,1,0,75.3,5203.89
AWS,eu-west-2,m6i.4xlarge,16,64,12,304.5,1520.5,11006.0,1,0,81.9,4285.89
Azure,southeastasia,D16s_v5,16,64,9,182.2,1150.3,10557.2,0,1,21.8,2449.98
GCP,europe-west2,n2-standard-8,8,32,15,385.9,2595.5,4435.0,0,1,9.7,3056.22
AWS,ap-southeast-1,t3.large,2,8,20,727.6,1836.6,12237.5,0,1,15.3,2616.84
GCP,europe-west2,n2-standard-2,2,8,20,251.5,1261.2,1541.0,1,1,37.2,833.1
Azure,southeastasia,D16s_v5,16,64,19,607.5,3177.3,11622.7,1,0,37.8,11911.02
AWS,eu-west-2,t3.large,2,8,3,682.9,616.9,8947.9,0,0,63.8,1051.35
AWS,eu-west-2,m6i.large,2,8,12,328.5,511.9,9105.3,1,1,21.3,1353.7
AWS,us-east-1,m6i.2xlarge,8,32,2,428.1,3235.8,6338.0,0,1,26.1,1147.55
GCP,us-central1,n2-standard-2,2,8,3,293.3,3911.5,13749.7,1,0,24.5,1562.26
AWS,eu-west-2,m6i.large,2,8,6,486.6,236.6,16929.2,1,0,88.5,1801.83
AWS,ap-southeast-1,m6i.2xlarge,8,32,2,620.3,1902.7,16318.2,0,1,70.0,2048.5
AWS,eu-west-2,t3.medium,2,4,16,719.7,2951.7,6597.7,0,0,8.0,1375.91
AWS,us-east-1,t3.medium,2,4,6,629.6,3311.0,1344.3,1,1,66.3,599.7
GCP,us-central1,n2-standard-16,16,64,18,297.0,3074.3,12815.5,0,0,52.6,5484.88
GCP,us-central1,n2-standard-4,4,16,3,620.6,3423.7,4847.9,0,1,74.5,1035.44
GCP,europe-west2,n2-standard-4,4,16,1,533.1,2645.2,16302.9,1,0,94.4,1690.39
GCP,europe-west2,e2-medium,2,4,8,210.9,3017.1,1399.3,1,1,70.3,528.01
AWS,us-east-1,t3.medium,2,4,14,216.4,1494.2,8123.4,0,1,63.3,981.83
GCP,asia-southeast1,n2-standard-8,8,32,2,237.6,431.5,5085.9,1,0,70.0,740.96
GCP,us-central1,e2-standard-2,2,8,18,234.2,3146.8,2232.3,1,0,27.8,785.08
Azure,southeastasia,D8s_v5,8,32,19,682.7,2573.4,1479.0,0,0,12.5,6207.9
Azure,uksouth,D8s_v5,8,32,14,626.3,1425.5,14705.2,1,1,72.3,5073.43
AWS,eu-west-2,t3.medium,2,4,10,375.1,3499.1,19134.5,0,0,86.6,2078.8
AWS,eu-west-2,m6i.large,2,8,16,225.2,3298.6,5491.3,1,0,25.4,1198.71
Azure,uksouth,D4s_v5,4,16,6,680.4,3877.7,14763.8,1,0,7.8,2395.47
AWS,ap-southeast-1,m6i.2xlarge,8,32,6,436.6,731.9,19731.0,1,1,27.9,2930.14
Azure,southeastasia,D4s_v5,4,16,1,259.4,314.8,11787.0,0,0,80.2,1099.9
AWS,ap-southeast-1,t3.large,2,8,19,647.8,2596.0,6941.2,0,0,36.8,1997.15
AWS,eu-west-2,m6i.large,2,8,15,267.2,3627.2,3185.5,1,1,66.5,1110.21
GCP,europe-west2,n2-standard-2,2,8,15,413.8,748.1,2241.6,1,1,17.4,970.23
GCP,europe-west2,n2-standard-4,4,16,19,582.3,68.4,9537.4,1,1,35.4,3264.08
AWS,ap-southeast-1,m6i.large,2,8,10,659.3,2343.8,7930.3,1,1,76.5,1704.77
Azure,eastus,B2ms,2,8,16,342.2,1832.1,17389.8,1,1,67.6,2084.08
GCP,europe-west2,n2-standard-4,4,16,2,391.2,2712.0,19680.1,0,0,75.0,1951.15
AWS,eu-west-2,m6i.xlarge,4,16,6,344.8,1819.4,19712.1,0,0,28.3,2240.37
GCP,us-central1,n2-standard-2,2,8,20,365.9,2150.5,1422.9,0,1,86.5,999.97
AWS,us-east-1,m6i.4xlarge,16,64,10,397.8,1039.0,11928.8,1,1,9.1,4219.84
AWS,eu-west-2,m6i.large,2,8,3,652.1,3009.1,5709.2,0,0,65.0,978.48
Azure,uksouth,D16s_v5,16,64,8,445.7,394.1,18821.4,1,0,49.1,4633.54
Azure,uksouth,B2ms,2,8,2,329.2,2706.2,12828.7,1,1,38.0,1395.23
AWS,eu-west-2,m6i.2xlarge,8,32,18,446.4,1717.8,14066.5,0,1,14.8,4768.53
GCP,us-central1,n2-standard-4,4,16,7,593.2,2621.5,5754.7,1,0,55.8,1564.4
GCP,asia-southeast1,e2-medium,2,4,19,593.4,1955.8,11495.5,1,0,22.6,1625.91
AWS,us-east-1,t3.medium,2,4,5,625.3,2917.9,5391.8,1,1,66.5,920.43
GCP,asia-southeast1,e2-standard-2,2,8,15,656.5,1675.5,16545.5,1,0,54.6,2283.0
AWS,eu-west-2,m6i.large,2,8,8,569.1,2400.4,19973.7,1,0,25.9,2393.92
Azure,southeastasia,D2s_v5,2,8,8,450.9,2731.5,11086.8,1,0,51.1,1646.5
Azure,uksouth,D16s_v5,16,64,14,190.5,2886.0,9406.7,0,1,69.6,3440.07
AWS,ap-southeast-1,t3.large,2,8,13,541.2,2206.0,4661.6,1,1,78.3,1385.59
Azure,eastus,D4s_v5,4,16,15,540.8,1426.0,11.5,1,1,17.5,1779.06
AWS,ap-southeast-1,m6i.large,2,8,15,310.3,2537.3,19017.2,0,0,44.6,2280.05
Azure,southeastasia,D8s_v5,8,32,8,228.9,2823.7,11123.7,0,0,78.9,1978.65
Azure,eastus,D4s_v5,4,16,15,460.7,734.0,7500.4,0,0,73.4,2017.47
GCP,europe-west2,e2-medium,2,4,17,293.1,2326.7,11883.7,0,1,92.3,1364.62
Azure,eastus,D2s_v5,2,8,5,219.4,2421.5,9032.1,0,0,75.8,1026.34
GCP,asia-southeast1,e2-medium,2,4,18,668.6,2628.6,5274.3,0,0,81.6,1112.8
AWS,ap-southeast-1,m6i.2xlarge,8,32,16,466.7,2823.1,8205.8,1,1,32.0,4431.15
GCP,us-central1,n2-standard-2,2,8,3,410.3,2374.6,19810.4,0,1,94.0,1867.65
GCP,asia-southeast1,e2-standard-2,2,8,16,332.8,2502.9,16679.5,0,1,29.7,1952.25
Azure,southeastasia,D8s_v5,8,32,18,584.2,432.9,14125.1,0,1,27.6,5860.75
AWS,eu-west-2,t3.medium,2,4,9,467.2,211.8,8212.7,0,0,11.2,923.26
Azure,southeastasia,B2ms,2,8,4,447.4,1190.8,18683.2,1,0,68.1,1813.45
AWS,ap-southeast-1,m6i.2xlarge,8,32,5,573.9,3155.7,5727.8,1,0,25.8,2061.9
GCP,europe-west2,n2-standard-2,2,8,7,414.0,1732.6,9357.8,0,1,59.7,1240.14
GCP,us-central1,n2-standard-2,2,8,4,491.6,2435.8,5274.4,0,1,79.9,833.28
GCP,europe-west2,n2-standard-4,4,16,14,351.2,2156.8,16732.1,0,1,70.9,2563.1
Azure,eastus,D4s_v5,4,16,4,708.4,352.9,13752.5,0,0,48.7,1781.66
GCP,asia-southeast1,n2-standard-2,2,8,4,403.5,2572.3,6293.4,0,0,23.9,958.01
Azure,uksouth,B2ms,2,8,19,449.7,1471.9,10976.3,0,0,71.4,1855.01
Azure,eastus,D8s_v5,8,32,16,369.2,947.7,2431.0,0,0,80.7,2587.04
AWS,ap-southeast-1,m6i.xlarge,4,16,7,544.3,244.3,13393.2,0,1,15.1,2079.9
Azure,southeastasia,D8s_v5,8,32,2,518.9,2192.9,18356.3,0,0,64.8,2166.14
AWS,us-east-1,t3.large,2,8,17,247.6,2608.9,6048.8,0,0,66.5,1092.02
GCP,asia-southeast1,n2-standard-2,2,8,11,519.6,3403.6,15875.2,1,0,18.3,2259.91
AWS,us-east-1,t3.medium,2,4,8,413.5,980.4,252.2,1,0,71.1,282.35
AWS,ap-southeast-1,m6i.2xlarge,8,32,16,571.5,264.6,18514.6,1,1,84.8,5713.31
AWS,us-east-1,m6i.2xlarge,8,32,4,473.1,1692.2,19091.2,0,0,24.1,2507.11
AWS,us-east-1,m6i.large,2,8,14,570.0,210.4,11114.7,1,0,55.5,1840.69
AWS,us-east-1,t3.large,2,8,11,478.6,3251.9,12231.7,1,1,31.6,1843.45
AWS,us-east-1,t3.large,2,8,10,192.6,845.9,13201.6,0,1,58.8,1381.52
AWS,us-east-1,m6i.4xlarge,16,64,18,369.2,3123.2,2660.6,0,1,73.3,5527.24
GCP,us-central1,e2-medium,2,4,6,508.7,1375.8,1690.9,0,1,83.2,366.43
GCP,europe-west2,n2-standard-4,4,16,7,657.0,241.7,14727.8,1,1,33.1,2227.33
GCP,europe-west2,n2-standard-2,2,8,4,580.9,2244.5,18401.2,0,0,86.2,1873.41
GCP,us-central1,e2-standard-2,2,8,2,406.6,1341.6,17708.5,0,0,39.8,1551.59
GCP,us-central1,n2-standard-8,8,32,2,431.3,3606.5,8992.5,0,1,79.6,1391.1
Azure,southeastasia,D2s_v5,2,8,15,539.6,2124.0,11346.2,0,1,74.2,1982.55
AWS,us-east-1,m6i.4xlarge,16,64,1,543.0,2462.3,14516.4,0,1,92.6,1839.15
GCP,europe-west2,n2-standard-2,2,8,20,290.8,3865.8,8821.2,1,0,15.8,1716.74
Azure,eastus,D16s_v5,16,64,1,678.0,154.0,10744.0,0,0,87.0,1457.24
AWS,eu-west-2,m6i.2xlarge,8,32,7,645.7,498.2,2288.4,0,1,39.5,2169.54
AWS,ap-southeast-1,m6i.large,2,8,2,729.3,680.5,8639.5,1,1,74.0,1080.58
Azure,uksouth,B2ms,2,8,9,254.4,1622.0,18105.3,0,1,80.6,1769.03
Azure,southeastasia,B2ms,2,8,17,639.6,3932.5,1104.1,1,0,54.7,1496.03
AWS,eu-west-2,t3.large,2,8,15,731.8,1459.4,11217.3,1,0,28.3,2167.13
Azure,uksouth,D4s_v5,4,16,6,714.1,1482.0,17441.2,0,1,31.6,2469.14
AWS,ap-southeast-1,m6i.large,2,8,11,290.2,3318.8,12447.7,0,1,36.5,1735.25
Azure,southeastasia,D8s_v5,8,32,1,712.3,1478.9,9659.4,1,1,66.7,1345.05
AWS,ap-southeast-1,m6i.xlarge,4,16,13,673.0,3827.6,19782.1,1,1,89.5,3941.1
Azure,southeastasia,D8s_v5,8,32,2,670.9,3357.4,15603.4,1,0,69.4,2235.69
GCP,asia-southeast1,n2-standard-2,2,8,11,283.6,3438.4,6786.4,1,0,76.9,1256.65
AWS,us-east-1,m6i.xlarge,4,16,7,520.2,75.4,45.7,1,1,59.0,779.96
Azure,southeastasia,D2s_v5,2,8,15,247.2,3299.0,12284.8,0,1,72.5,1761.73
AWS,ap-southeast-1,t3.large,2,8,13,327.4,358.9,11057.6,1,0,63.5,1451.08
AWS,ap-southeast-1,t3.large,2,8,7,579.9,1083.9,3932.0,0,0,36.7,831.77
Azure,uksouth,D4s_v5,4,16,15,308.2,3459.5,170.3,1,1,33.6,1365.94
AWS,eu-west-2,m6i.4xlarge,16,64,5,224.5,1168.0,12396.6,0,1,73.5,2128.46
Azure,southeastasia,B2ms,2,8,20,491.7,1322.7,2387.0,0,1,36.4,1250.24
Azure,uksouth,D8s_v5,8,32,15,584.5,530.7,14386.9,0,1,8.2,5050.1
AWS,eu-west-2,m6i.xlarge,4,16,7,436.7,1254.0,11129.7,0,0,37.0,1721.56
Azure,uksouth,D2s_v5,2,8,7,530.9,2454.0,17889.1,1,1,75.8,2076.25
AWS,us-east-1,m6i.large,2,8,2,711.6,2608.6,9719.9,0,0,38.6,1221.33
GCP,europe-west2,n2-standard-8,8,32,12,581.6,1902.6,366.8,0,1,81.2,3192.84
AWS,ap-southeast-1,t3.large,2,8,12,436.1,705.0,13099.9,1,0,21.5,1703.65
GCP,us-central1,e2-medium,2,4,13,445.6,2844.8,4769.1,0,0,54.4,823.82
Azure,uksouth,B2ms,2,8,5,250.2,613.2,19456.1,1,1,23.5,1802.61
GCP,europe-west2,n2-standard-4,4,16,11,416.3,3183.0,17909.4,1,0,89.0,2721.98
AWS,us-east-1,m6i.2xlarge,8,32,12,550.6,3375.8,13467.2,0,1,78.8,4030.37
GCP,europe-west2,n2-standard-4,4,16,16,611.8,3165.2,3495.7,0,0,9.8,2607.42
GCP,us-central1,n2-standard-8,8,32,4,251.3,3218.1,5863.6,0,1,12.2,1167.06
Azure,uksouth,D4s_v5,4,16,8,226.4,2502.6,14057.6,0,0,27.4,1744.63
Azure,southeastasia,B2ms,2,8,12,624.5,504.6,2540.6,1,1,16.6,1060.99
AWS,us-east-1,m6i.xlarge,4,16,17,198.7,3234.9,18699.7,1,1,34.6,2521.46
AWS,eu-west-2,m6i.2xlarge,8,32,19,314.6,141.8,6172.4,1,1,66.3,3239.16
Azure,southeastasia,D16s_v5,16,64,4,283.8,3078.6,5949.8,1,1,25.4,1882.12
Azure,eastus,B2ms,2,8,14,660.2,212.4,5108.2,1,1,79.2,1299.09
GCP,europe-west2,e2-medium,2,4,2,652.9,1237.3,2036.4,1,0,54.1,369.53
AWS,eu-west-2,m6i.4xlarge,16,64,3,204.0,2274.6,1621.2,0,0,21.2,820.3
Azure,eastus,D8s_v5,8,32,20,512.5,1284.7,13608.0,1,1,26.1,5324.47
Azure,southeastasia,D2s_v5,2,8,2,725.9,1882.2,17128.2,1,0,63.8,1753.57
AWS,ap-southeast-1,m6i.2xlarge,8,32,15,537.6,3601.1,2502.1,1,0,84.3,4061.42
Azure,southeastasia,D16s_v5,16,64,16,677.4,1878.1,1959.2,0,1,7.1,10186.95
Azure,southeastasia,D8s_v5,8,32,13,516.6,1091.3,11694.0,0,0,16.4,4140.31
GCP,europe-west2,n2-standard-8,8,32,6,403.8,2211.8,19552.7,1,1,92.5,2788.63
AWS,us-east-1,t3.large,2,8,18,698.7,71.7,15095.0,1,0,6.9,2440.28
GCP,us-central1,n2-standard-8,8,32,17,200.1,3033.1,2375.3,1,0,88.1,1831.5
AWS,ap-southeast-1,m6i.2xlarge,8,32,5,468.6,3489.1,17855.5,1,1,68.0,2879.29
AWS,ap-southeast-1,t3.medium,2,4,16,320.8,2095.9,3851.0,0,0,53.7,773.58
AWS,eu-west-2,t3.large,2,8,15,653.0,171.0,5623.5,0,1,85.1,1425.31
AWS,ap-southeast-1,m6i.large,2,8,5,389.4,1149.3,14018.4,1,0,18.4,1571.28
Azure,uksouth,D8s_v5,8,32,13,467.7,2285.0,5180.4,0,0,5.2,3167.72
AWS,us-east-1,m6i.2xlarge,8,32,7,666.2,404.4,1212.5,1,0,5.6,2006.87
AWS,eu-west-2,m6i.4xlarge,16,64,16,690.9,3060.0,14740.1,0,0,21.0,10578.09
GCP,europe-west2,n2-standard-8,8,32,12,621.0,1985.3,12619.2,1,1,37.8,4533.03
AWS,us-east-1,m6i.2xlarge,8,32,3,647.7,3449.7,18279.6,1,0,45.0,2584.46
AWS,ap-southeast-1,m6i.xlarge,4,16,1,215.9,768.3,7196.1,0,1,87.2,764.59
GCP,asia-southeast1,n2-standard-8,8,32,3,728.8,496.9,9579.6,1,1,45.2,1819.01
Azure,southeastasia,D8s_v5,8,32,20,329.3,3648.5,3339.5,0,1,91.4,3577.22
Azure,eastus,D16s_v5,16,64,13,345.7,3711.0,269.7,1,1,66.9,4014.09
GCP,asia-southeast1,e2-standard-2,2,8,13,215.0,1745.9,9879.7,1,1,48.4,1298.99
AWS,eu-west-2,t3.large,2,8,20,688.6,3315.0,15732.3,0,1,90.8,2913.43
AWS,us-east-1,m6i.xlarge,4,16,9,640.4,3478.6,8979.7,0,0,39.9,2168.0
GCP,europe-west2,e2-medium,2,4,2,638.2,404.6,17422.5,1,0,73.0,1573.75
AWS,ap-southeast-1,m6i.2xlarge,8,32,19,518.7,1367.6,11863.8,0,1,27.9,5520.56
GCP,asia-southeast1,n2-standard-8,8,32,12,686.1,1911.0,18939.8,0,1,45.3,5132.54
AWS,us-east-1,m6i.2xlarge,8,32,20,411.4,3337.6,18194.6,1,1,73.1,5060.72
GCP,asia-southeast1,n2-standard-2,2,8,15,450.1,1513.3,14803.4,1,1,28.9,2116.7
GCP,europe-west2,n2-standard-8,8,32,17,306.6,945.0,935.2,0,1,55.9,2431.08
AWS,us-east-1,m6i.xlarge,4,16,10,400.5,3521.5,2194.5,0,0,12.0,1207.65
Azure,southeastasia,D16s_v5,16,64,16,707.4,1002.0,12837.6,0,1,65.3,11535.45
GCP,asia-southeast1,n2-standard-4,4,16,12,471.4,2683.8,3046.0,0,1,61.4,1736.17
Azure,southeastasia,D4s_v5,4,16,17,629.9,1741.5,13179.9,1,1,12.0,3623.43
GCP,asia-southeast1,e2-standard-2,2,8,18,455.9,529.3,1766.8,1,0,44.8,865.05
AWS,eu-west-2,t3.large,2,8,8,511.7,2701.9,1000.7,0,0,7.0,676.89
AWS,eu-west-2,m6i.4xlarge,16,64,5,728.9,456.1,15217.6,0,0,8.9,4247.28
AWS,ap-southeast-1,t3.medium,2,4,17,522.7,286.0,4803.2,1,0,73.5,943.45
Azure,uksouth,D8s_v5,8,32,16,685.2,93.6,4785.1,0,0,25.1,5128.51
AWS,us-east-1,m6i.xlarge,4,16,7,519.6,3739.9,4792.4,1,0,70.6,1496.36
AWS,eu-west-2,t3.medium,2,4,20,640.2,2778.5,5459.7,1,1,18.1,1376.17
GCP,europe-west2,n2-standard-4,4,16,17,649.1,1055.1,17007.9,0,0,84.2,3709.99
GCP,europe-west2,e2-standard-2,2,8,16,689.2,1212.4,12506.7,1,1,36.6,2016.4
GCP,asia-southeast1,e2-standard-2,2,8,6,364.7,57.5,6316.7,1,1,41.2,760.22
GCP,europe-west2,n2-standard-2,2,8,11,636.5,232.0,16744.6,1,1,93.0,2190.89
GCP,us-central1,e2-standard-2,2,8,10,384.4,1488.3,15869.1,1,1,28.9,1737.78
AWS,us-east-1,m6i.xlarge,4,16,1,480.8,2972.4,18919.4,1,1,36.4,2009.33
Azure,southeastasia,D4s_v5,4,16,8,234.7,2465.3,711.3,1,0,83.3,742.08
GCP,us-central1,e2-standard-2,2,8,7,375.3,2889.1,16238.2,1,1,25.2,1779.62
Azure,uksouth,D16s_v5,16,64,15,578.7,641.7,17709.6,0,0,12.8,8844.31
GCP,us-central1,n2-standard-4,4,16,20,329.7,3326.6,8719.1,0,0,57.0,2271.71
GCP,asia-southeast1,n2-standard-2,2,8,20,440.8,2327.1,7640.0,0,0,61.6,1830.52
AWS,ap-southeast-1,m6i.4xlarge,16,64,16,645.9,55.1,10355.3,0,0,15.3,9751.66
Azure,eastus,D4s_v5,4,16,1,387.9,962.1,5037.7,1,0,71.8,636.6
AWS,eu-west-2,m6i.2xlarge,8,32,13,740.1,3253.1,18920.8,0,0,11.4,5933.59
AWS,ap-southeast-1,t3.large,2,8,16,339.1,1092.1,10485.0,1,0,22.4,1602.34
AWS,us-east-1,m6i.4xlarge,16,64,1,597.5,2353.6,4165.5,0,1,17.7,1036.83
AWS,us-east-1,m6i.4xlarge,16,64,9,487.0,2413.8,1464.7,0,1,28.3,3678.83
Azure,uksouth,D4s_v5,4,16,20,411.4,749.3,19455.3,0,0,8.8,3354.53
GCP,us-central1,n2-standard-16,16,64,20,723.9,3936.9,16478.6,0,0,11.7,12958.19
Azure,southeastasia,D8s_v5,8,32,9,395.8,1078.1,16198.4,0,1,10.0,3050.14
GCP,us-central1,n2-standard-4,4,16,14,558.7,3778.1,13409.9,0,0,48.6,2885.68
Azure,eastus,B2ms,2,8,4,316.8,3726.0,8060.0,0,1,45.4,1086.56
Azure,eastus,D2s_v5,2,8,16,211.3,1621.4,17162.7,0,0,73.7,1863.9
GCP,europe-west2,e2-standard-2,2,8,5,208.9,796.1,11161.8,0,0,39.8,1100.04
AWS,eu-west-2,m6i.2xlarge,8,32,9,326.6,338.7,16571.0,0,0,69.9,2677.45
GCP,europe-west2,n2-standard-4,4,16,14,259.0,1198.8,10746.3,1,0,9.0,1789.12
GCP,europe-west2,n2-standard-16,16,64,10,563.9,636.4,16427.4,1,1,13.9,6180.47
GCP,europe-west2,n2-standard-16,16,64,10,281.7,2035.2,6397.7,1,0,85.8,3137.27
GCP,europe-west2,n2-standard-2,2,8,6,390.6,3700.8,11672.1,1,0,41.1,1586.17
GCP,asia-southeast1,n2-standard-16,16,64,15,413.2,2637.4,11720.5,1,0,70.5,6555.47
AWS,ap-southeast-1,m6i.4xlarge,16,64,4,200.7,3778.6,13608.6,0,0,19.1,2268.53
Azure,uksouth,D8s_v5,8,32,20,494.0,3207.2,6553.5,1,1,85.7,5174.37
GCP,us-central1,n2-standard-16,16,64,10,312.7,2400.2,11858.1,0,0,26.9,3597.41
Azure,eastus,D2s_v5,2,8,14,367.7,3215.7,2277.8,1,1,41.1,1028.08
GCP,europe-west2,e2-standard-2,2,8,16,562.3,1144.3,424.4,1,0,14.1,839.44
GCP,asia-southeast1,e2-medium,2,4,2,413.8,3192.9,5451.9,0,1,67.1,783.67
Azure,uksouth,D8s_v5,8,32,13,347.0,426.5,8670.8,1,1,85.6,2743.97
GCP,europe-west2,n2-standard-4,4,16,17,585.0,3912.0,8590.6,0,0,58.6,3182.24
AWS,eu-west-2,m6i.4xlarge,16,64,20,665.9,544.4,572.8,1,1,35.3,11139.67
Azure,southeastasia,D8s_v5,8,32,2,335.6,2319.7,18749.9,0,0,73.5,2011.19
AWS,ap-southeast-1,t3.medium,2,4,3,641.7,2610.9,15453.5,0,1,30.7,1615.28
Azure,uksouth,D16s_v5,16,64,13,542.5,1207.3,12853.6,0,0,94.4,7191.39
AWS,eu-west-2,m6i.xlarge,4,16,20,610.6,3424.5,16049.9,1,1,14.5,4321.26
Azure,eastus,D16s_v5,16,64,7,691.4,3669.9,12475.4,0,0,91.8,5148.04
GCP,asia-southeast1,n2-standard-16,16,64,3,690.5,415.6,14283.4,0,1,13.8,2934.86
GCP,europe-west2,n2-standard-2,2,8,10,451.3,3651.4,3677.9,1,0,13.9,1142.43
AWS,us-east-1,m6i.large,2,8,3,580.3,3125.4,18029.5,1,1,33.5,2042.82
AWS,eu-west-2,m6i.xlarge,4,16,5,348.5,1289.7,14243.6,0,0,47.3,1679.46
Azure,southeastasia,D4s_v5,4,16,14,588.4,737.4,12987.5,0,0,65.2,3068.18
GCP,us-central1,n2-standard-16,16,64,1,446.6,942.5,13739.9,0,1,90.9,1571.68
GCP,europe-west2,n2-standard-8,8,32,3,449.5,851.9,19278.4,0,0,93.0,2142.27
GCP,asia-southeast1,n2-standard-2,2,8,1,309.4,1776.0,17629.5,1,1,79.2,1681.47
GCP,us-central1,n2-standard-16,16,64,13,219.5,61.3,6378.0,0,1,37.8,2814.86
Azure,uksouth,D16s_v5,16,64,7,462.2,3633.7,17517.8,1,0,53.9,4434.75
Azure,southeastasia,B2ms,2,8,10,676.2,3096.8,11361.5,1,0,49.8,1898.38
Azure,southeastasia,D8s_v5,8,32,2,716.6,2960.7,11977.4,1,0,46.0,1996.75
GCP,europe-west2,e2-medium,2,4,3,651.4,1326.1,15324.4,0,1,81.6,1406.49
GCP,us-central1,n2-standard-16,16,64,9,518.7,949.0,6643.8,0,1,47.3,4324.16
Azure,uksouth,D16s_v5,16,64,7,388.7,1054.8,15269.8,0,1,85.9,3673.8
AWS,eu-west-2,t3.large,2,8,2,530.2,3940.3,11914.9,0,1,8.8,1474.87
GCP,europe-west2,e2-medium,2,4,17,208.5,1024.1,19700.4,0,1,12.0,1780.54
Azure,southeastasia,D2s_v5,2,8,19,245.7,2136.8,8055.4,0,0,77.2,1405.44
AWS,eu-west-2,m6i.2xlarge,8,32,1,608.3,2540.6,2829.7,0,1,71.6,749.46
AWS,us-east-1,m6i.xlarge,4,16,6,409.9,2036.2,19293.8,0,1,68.9,2264.42
Azure,eastus,D2s_v5,2,8,17,360.3,1894.3,2248.2,0,0,29.8,961.08
Azure,uksouth,D16s_v5,16,64,5,205.4,3294.9,5782.8,0,0,6.8,1625.85
AWS,us-east-1,m6i.xlarge,4,16,20,636.4,892.9,4017.5,0,1,58.9,2848.63
AWS,ap-southeast-1,t3.medium,2,4,10,414.0,3181.8,1761.8,0,0,63.5,611.97
GCP,asia-southeast1,e2-standard-2,2,8,19,252.7,1488.0,3633.6,0,1,28.5,811.16
GCP,us-central1,n2-standard-4,4,16,2,477.0,2232.6,3232.5,0,1,39.0,631.17
GCP,europe-west2,e2-medium,2,4,20,522.4,262.6,3852.2,0,1,59.5,748.72
GCP,europe-west2,e2-standard-2,2,8,3,475.7,469.9,7437.9,0,0,73.4,779.51
GCP,us-central1,e2-standard-2,2,8,2,248.9,94.2,2500.5,0,1,46.9,266.86
AWS,ap-southeast-1,m6i.large,2,8,17,612.0,1525.5,18511.8,0,0,60.1,2855.92
AWS,us-east-1,m6i.large,2,8,15,709.3,1278.5,5718.6,1,0,53.6,1714.75
AWS,eu-west-2,m6i.large,2,8,9,510.7,638.7,8962.0,1,0,39.9,1368.19
Azure,eastus,D4s_v5,4,16,18,281.7,3692.1,10770.8,0,1,18.1,2278.73
GCP,asia-southeast1,e2-medium,2,4,16,274.5,3191.7,18350.6,0,1,42.1,1877.48
Azure,southeastasia,D4s_v5,4,16,4,276.3,2813.1,10862.1,1,0,89.3,1507.64
AWS,us-east-1,m6i.4xlarge,16,64,19,533.6,1083.2,1868.4,0,1,21.6,8020.81
Azure,uksouth,D16s_v5,16,64,16,330.4,2953.5,15303.5,0,0,7.9,6028.32
Azure,uksouth,D8s_v5,8,32,16,193.8,2371.4,3255.2,0,1,66.9,1825.0
GCP,us-central1,n2-standard-8,8,32,13,543.1,1593.1,18343.1,0,0,45.0,4284.0
GCP,asia-southeast1,n2-standard-8,8,32,6,725.6,629.5,16923.4,0,1,61.3,3295.24
AWS,eu-west-2,t3.large,2,8,18,640.2,2624.2,4659.7,0,0,69.4,1689.11
Azure,uksouth,D16s_v5,16,64,18,659.1,1249.4,4766.2,1,1,61.1,10615.84
Azure,uksouth,D4s_v5,4,16,19,225.2,207.8,7254.7,0,0,20.2,1566.73
GCP,asia-southeast1,e2-medium,2,4,9,409.9,989.3,2257.9,1,0,69.8,485.58
Azure,southeastasia,D16s_v5,16,64,13,268.0,103.4,1996.5,1,0,26.2,3391.51
Azure,southeastasia,D16s_v5,16,64,1,296.3,897.1,2780.8,1,0,44.6,641.99
AWS,ap-southeast-1,t3.medium,2,4,16,190.8,1733.9,2546.1,1,0,19.0,579.82
Azure,uksouth,D16s_v5,16,64,15,453.9,337.0,6087.1,1,1,35.4,6450.62
Azure,eastus,D4s_v5,4,16,19,633.9,833.4,15705.2,1,0,60.5,3858.56
AWS,eu-west-2,m6i.2xlarge,8,32,19,499.0,2481.9,10940.9,1,1,9.6,5246.91
GCP,asia-southeast1,n2-standard-4,4,16,10,409.1,210.8,2744.5,0,0,48.8,1130.15
AWS,eu-west-2,t3.large,2,8,6,191.9,1514.5,18389.8,1,1,67.3,1798.14
Azure,southeastasia,D16s_v5,16,64,13,370.8,3782.1,7050.2,1,0,89.2,5294.64
AWS,eu-west-2,m6i.large,2,8,5,283.6,3558.2,15163.8,1,1,73.4,1826.56
GCP,asia-southeast1,n2-standard-8,8,32,20,662.0,3165.9,6675.8,0,0,41.9,6433.1
GCP,asia-southeast1,n2-standard-2,2,8,10,254.9,189.9,6545.2,0,1,55.7,858.56
GCP,us-central1,n2-standard-16,16,64,12,475.9,944.4,8785.0,0,0,84.4,5186.05
AWS,us-east-1,t3.large,2,8,5,716.1,3832.5,19913.1,1,0,9.7,2304.94
GCP,europe-west2,n2-standard-2,2,8,14,247.6,1565.7,249.0,1,1,54.9,585.27
Azure,uksouth,D16s_v5,16,64,20,181.9,3393.8,1154.9,0,0,86.3,3511.15
GCP,europe-west2,n2-standard-4,4,16,16,277.4,3749.6,466.6,0,1,76.7,1348.35
GCP,us-central1,n2-standard-4,4,16,18,628.0,3910.4,1957.4,0,1,33.1,2688.74
AWS,ap-southeast-1,m6i.4xlarge,16,64,15,254.5,3406.2,5291.8,0,1,68.2,4005.11
Azure,uksouth,D16s_v5,16,64,16,510.2,2326.7,1587.9,1,1,8.4,7519.79
AWS,eu-west-2,m6i.2xlarge,8,32,2,477.4,436.1,8304.8,0,0,55.6,1165.43
AWS,eu-west-2,t3.large,2,8,7,500.6,3635.5,11977.4,0,1,29.1,1678.31
AWS,eu-west-2,t3.medium,2,4,2,185.9,3713.2,9034.7,0,0,72.0,1134.33
GCP,us-central1,e2-standard-2,2,8,6,563.5,2406.2,12373.3,0,0,20.9,1440.01
Azure,southeastasia,B2ms,2,8,6,636.9,406.3,13235.2,1,0,78.8,1556.5
Azure,uksouth,D2s_v5,2,8,12,317.8,2182.5,18633.3,0,0,44.8,2087.0
GCP,europe-west2,e2-medium,2,4,19,595.8,3624.3,16640.8,1,1,71.7,2137.7
GCP,asia-southeast1,n2-standard-4,4,16,17,530.3,2652.3,8746.3,0,0,54.0,2922.7
AWS,us-east-1,m6i.large,2,8,11,279.1,2759.1,18038.0,0,0,70.5,1976.84
AWS,eu-west-2,m6i.2xlarge,8,32,13,401.4,389.8,14036.3,1,1,45.8,3426.34
AWS,us-east-1,m6i.xlarge,4,16,7,628.2,1689.5,4431.1,1,1,42.5,1458.1
AWS,eu-west-2,m6i.large,2,8,7,340.1,113.2,17438.2,1,0,69.0,1774.01
AWS,ap-southeast-1,t3.large,2,8,3,507.3,3615.4,17851.6,1,1,36.8,1975.85
GCP,asia-southeast1,e2-medium,2,4,15,287.9,132.6,17079.6,0,1,40.6,1500.41
Azure,southeastasia,D16s_v5,16,64,3,714.0,2790.4,12773.8,0,1,74.5,3223.72
AWS,ap-southeast-1,m6i.xlarge,4,16,14,353.0,878.4,17235.1,0,1,20.3,2646.64
AWS,us-east-1,m6i.xlarge,4,16,16,457.1,3709.0,17460.6,1,1,12.7,3240.47
Azure,uksouth,B2ms,2,8,2,591.3,2933.4,2503.0,1,0,48.4,600.46
AWS,eu-west-2,t3.large,2,8,7,530.5,2299.8,1361.6,0,0,45.8,660.06
Azure,southeastasia,D2s_v5,2,8,17,647.0,1818.8,8880.3,0,0,88.6,2151.45
GCP,us-central1,n2-standard-16,16,64,4,240.2,1670.0,13706.1,1,1,75.6,2050.08
GCP,us-central1,n2-standard-8,8,32,17,589.0,484.2,194.1,0,0,43.6,3996.56
Azure,uksouth,D16s_v5,16,64,14,459.5,2639.1,14171.4,1,1,32.4,6905.31
AWS,ap-southeast-1,m6i.large,2,8,19,426.7,2309.8,14112.2,1,0,39.1,2375.64
AWS,ap-southeast-1,m6i.large,2,8,17,601.4,2016.3,8166.5,0,1,58.3,2009.82
GCP,us-central1,n2-standard-4,4,16,10,210.4,2941.4,4183.1,0,1,34.0,1002.79
Azure,southeastasia,D8s_v5,8,32,9,455.0,3995.8,2432.3,1,1,78.2,2462.49
Azure,uksouth,D2s_v5,2,8,12,479.1,3427.1,1287.0,1,0,16.0,1026.23
GCP,europe-west2,n2-standard-4,4,16,1,464.6,3682.9,18966.4,1,1,87.1,2022.15
GCP,europe-west2,n2-standard-4,4,16,19,401.9,1692.1,17029.7,0,0,86.5,3123.99
AWS,us-east-1,t3.large,2,8,18,364.7,3719.7,6107.4,1,0,88.0,1447.79
GCP,asia-southeast1,e2-standard-2,2,8,17,494.4,3552.7,741.9,1,1,90.2,1062.24
Azure,uksouth,D4s_v5,4,16,8,200.0,331.2,11653.0,1,0,84.7,1332.37
AWS,eu-west-2,t3.medium,2,4,4,375.0,1465.3,11596.2,1,0,61.4,1270.24
AWS,eu-west-2,t3.medium,2,4,9,587.9,984.1,1832.7,0,1,16.2,493.81
GCP,europe-west2,n2-standard-16,16,64,2,626.2,1976.2,511.0,0,0,91.7,1259.66
AWS,eu-west-2,m6i.xlarge,4,16,9,553.9,3657.6,15823.3,0,0,13.5,2660.24
GCP,europe-west2,e2-standard-2,2,8,17,314.5,1167.3,2457.5,1,1,65.5,776.17
Azure,uksouth,D2s_v5,2,8,3,573.2,728.5,9897.7,0,0,57.6,1110.27
GCP,us-central1,n2-standard-4,4,16,17,353.2,1909.1,19028.5,0,0,68.4,2752.25
Azure,eastus,D8s_v5,8,32,10,668.6,2476.9,14760.7,1,1,37.8,4128.92
GCP,europe-west2,e2-standard-2,2,8,10,593.3,338.0,1133.8,1,1,7.5,630.57
GCP,asia-southeast1,e2-standard-2,2,8,7,255.3,794.8,17390.4,0,0,25.9,1563.01
AWS,eu-west-2,m6i.4xlarge,16,64,4,550.8,3218.9,9739.9,0,0,9.6,2896.37
AWS,eu-west-2,m6i.4xlarge,16,64,12,306.4,1625.3,12592.2,0,0,28.6,4232.32
Azure,eastus,D2s_v5,2,8,15,320.0,2040.0,18644.8,1,0,50.1,2186.57
GCP,us-central1,e2-standard-2,2,8,14,292.0,2642.1,3532.5,0,0,17.6,774.86
GCP,europe-west2,e2-medium,2,4,3,532.6,3996.1,2459.5,0,0,89.3,597.55
Azure,uksouth,B2ms,2,8,17,314.5,2991.3,7100.1,1,1,20.8,1417.49
Azure,uksouth,B2ms,2,8,15,485.8,2794.3,3498.8,0,1,11.8,1159.36
GCP,europe-west2,n2-standard-2,2,8,7,345.8,1281.7,9008.3,1,0,21.1,1183.4
GCP,us-central1,n2-standard-8,8,32,4,243.7,119.7,5888.1,0,1,10.7,917.14
Azure,uksouth,D8s_v5,8,32,10,238.8,3581.0,13488.6,0,1,76.7,2523.34
Azure,southeastasia,D8s_v5,8,32,1,438.6,1005.4,13304.2,0,0,25.2,1380.71
AWS,ap-southeast-1,m6i.large,2,8,19,270.8,1029.0,10592.0,0,1,9.6,1620.61
GCP,asia-southeast1,n2-standard-8,8,32,8,508.8,3217.7,576.4,1,1,70.1,2183.59
Azure,eastus,B2ms,2,8,17,489.4,927.0,8662.1,1,0,90.9,1574.3
GCP,europe-west2,e2-medium,2,4,5,504.0,2919.1,15274.9,0,0,51.4,1587.29
GCP,us-central1,e2-standard-2,2,8,15,475.9,139.7,19540.3,0,1,36.0,2053.65
Azure,eastus,B2ms,2,8,2,410.9,2260.1,6029.5,0,0,85.4,768.95
GCP,europe-west2,n2-standard-8,8,32,7,223.3,3419.0,17071.4,1,1,65.6,2388.12
AWS,ap-southeast-1,m6i.large,2,8,15,735.1,2187.2,12166.9,1,1,16.4,2514.53
AWS,ap-southeast-1,t3.medium,2,4,19,590.6,3996.9,13597.5,1,0,62.7,2116.83
AWS,eu-west-2,m6i.4xlarge,16,64,3,593.3,3018.5,10284.1,1,1,80.6,2705.8
Azure,southeastasia,B2ms,2,8,15,323.0,1328.3,6740.9,1,1,70.1,1228.02
Azure,eastus,D16s_v5,16,64,4,470.7,1754.7,15923.1,1,1,7.9,3062.25
GCP,europe-west2,n2-standard-2,2,8,5,679.6,103.8,14000.9,0,1,28.1,1521.51
GCP,us-central1,n2-standard-4,4,16,8,204.4,1837.7,5287.6,0,1,36.1,927.85
AWS,ap-southeast-1,m6i.2xlarge,8,32,19,474.2,294.6,15034.5,0,1,93.1,5076.24
GCP,asia-southeast1,n2-standard-4,4,16,16,474.0,2169.6,2245.6,1,1,87.6,2119.85
GCP,europe-west2,e2-medium,2,4,10,216.2,1210.9,7440.1,0,1,14.1,818.38
GCP,europe-west2,n2-standard-2,2,8,14,290.5,1005.1,6377.0,1,0,74.5,1122.34
AWS,eu-west-2,t3.medium,2,4,12,365.1,126.6,11795.8,0,1,26.7,1257.38
Azure,uksouth,B2ms,2,8,4,605.8,812.1,14127.0,0,1,50.7,1510.67
AWS,us-east-1,m6i.2xlarge,8,32,13,676.8,3547.6,8861.0,0,1,74.5,4454.53
Azure,southeastasia,D16s_v5,16,64,7,318.3,3147.4,392.9,0,0,78.8,2282.12
AWS,ap-southeast-1,t3.medium,2,4,2,563.3,3165.4,2108.8,0,0,35.8,502.98
AWS,us-east-1,m6i.4xlarge,16,64,4,313.7,1751.0,10327.6,1,1,18.7,2155.92
AWS,us-east-1,m6i.4xlarge,16,64,8,456.2,1748.1,1431.6,1,1,27.6,3069.87
AWS,us-east-1,m6i.large,2,8,20,703.0,795.2,14616.1,1,1,41.1,2681.23
GCP,us-central1,n2-standard-16,16,64,13,262.2,3206.7,11830.5,0,1,33.5,3962.86
Azure,uksouth,D2s_v5,2,8,2,413.2,2695.4,12830.6,1,0,70.9,1447.85
GCP,us-central1,n2-standard-16,16,64,1,583.9,2535.5,18489.1,0,1,8.8,2135.73
GCP,europe-west2,e2-standard-2,2,8,13,579.5,3602.2,15131.3,0,0,57.2,2071.81
GCP,europe-west2,n2-standard-2,2,8,17,312.3,3662.5,11189.9,1,1,29.8,1920.26
Azure,eastus,D2s_v5,2,8,7,326.2,1230.3,18826.3,0,1,93.5,1810.44
GCP,europe-west2,n2-standard-8,8,32,20,711.0,2765.8,10504.7,0,1,38.1,7101.91
Azure,eastus,B2ms,2,8,3,659.8,25.0,8489.5,1,1,80.9,975.45
AWS,eu-west-2,m6i.large,2,8,14,568.7,3218.1,7700.9,0,1,26.4,1820.82
Azure,southeastasia,D2s_v5,2,8,13,202.0,2976.3,18970.3,0,0,63.3,1992.71
AWS,eu-west-2,t3.medium,2,4,2,329.6,2263.7,18264.3,0,1,38.0,1727.47
Azure,uksouth,D2s_v5,2,8,12,621.7,3547.5,10434.4,0,0,65.8,1949.13
AWS,ap-southeast-1,m6i.xlarge,4,16,7,222.7,459.8,9836.7,0,1,33.8,1249.55
Azure,southeastasia,D16s_v5,16,64,19,199.2,2502.9,10537.0,1,0,43.1,4542.5
AWS,us-east-1,m6i.large,2,8,14,209.0,706.7,9262.8,1,1,34.2,1246.1
AWS,ap-southeast-1,m6i.large,2,8,2,704.2,1839.6,9448.4,1,1,20.5,1213.8
GCP,us-central1,n2-standard-16,16,64,15,376.8,145.4,15044.0,1,0,79.1,5604.75
GCP,us-central1,n2-standard-4,4,16,5,642.3,3708.0,340.7,0,1,38.7,966.9
AWS,ap-southeast-1,m6i.xlarge,4,16,15,476.5,3172.3,2329.7,0,1,90.6,2058.03
Azure,eastus,B2ms,2,8,10,496.2,771.0,3744.7,0,0,56.9,793.62
Azure,eastus,D2s_v5,2,8,7,299.5,2437.8,8005.6,1,0,91.7,1126.55
Azure,uksouth,D4s_v5,4,16,3,318.7,1619.6,1115.9,1,0,35.5,473.0
Azure,southeastasia,D8s_v5,8,32,2,558.3,2620.4,16429.1,1,0,86.1,2077.87
AWS,us-east-1,t3.medium,2,4,5,724.5,646.4,2386.7,0,1,18.4,421.29
GCP,asia-southeast1,n2-standard-4,4,16,1,420.0,164.2,11306.8,0,1,51.1,1067.31
Azure,uksouth,B2ms,2,8,16,723.4,976.2,11547.6,0,0,73.4,2082.77
AWS,us-east-1,t3.medium,2,4,19,312.9,2586.3,17694.2,1,0,67.1,2005.05
AWS,eu-west-2,t3.medium,2,4,7,260.0,279.6,428.7,0,1,12.8,155.4
AWS,ap-southeast-1,t3.large,2,8,6,682.7,415.1,9793.8,0,0,67.4,1286.83
AWS,us-east-1,t3.large,2,8,19,614.4,1200.2,6757.4,1,1,35.1,1722.73
AWS,eu-west-2,m6i.2xlarge,8,32,1,440.9,465.3,10713.5,0,1,18.2,1219.86
GCP,europe-west2,n2-standard-8,8,32,19,263.9,3977.4,7853.4,0,1,65.8,3111.61
Azure,southeastasia,D4s_v5,4,16,15,217.9,1201.4,14913.1,1,1,76.1,2162.43
Azure,uksouth,B2ms,2,8,15,390.2,2228.8,14771.3,0,1,22.6,1913.23
Azure,eastus,D8s_v5,8,32,14,504.0,530.0,7100.9,0,1,84.5,3548.75
GCP,asia-southeast1,n2-standard-8,8,32,15,382.6,3868.8,11347.0,1,0,38.7,3699.62
GCP,europe-west2,e2-standard-2,2,8,3,662.4,3837.1,7657.0,1,0,19.6,1200.11
AWS,eu-west-2,m6i.4xlarge,16,64,9,714.7,2828.2,7225.6,1,0,47.8,6342.59
AWS,us-east-1,m6i.xlarge,4,16,2,333.0,2083.4,2716.9,1,1,28.5,604.3
Azure,eastus,B2ms,2,8,12,290.5,262.8,19050.6,1,1,91.2,1908.34
GCP,europe-west2,n2-standard-2,2,8,6,675.7,3489.1,14819.9,0,0,92.2,1887.01
Azure,southeastasia,D8s_v5,8,32,6,575.3,3958.5,199.6,1,0,71.0,2025.62
GCP,asia-southeast1,e2-medium,2,4,20,234.1,2706.9,12823.7,1,1,63.5,1549.85
GCP,europe-west2,e2-medium,2,4,8,567.6,1301.1,4716.1,0,0,78.1,663.43
Azure,uksouth,D16s_v5,16,64,16,697.6,1714.1,10851.6,0,1,70.0,10566.86
AWS,eu-west-2,m6i.large,2,8,14,268.4,160.9,4142.8,0,1,66.6,798.58
GCP,us-central1,n2-standard-4,4,16,10,474.9,996.6,7748.1,1,1,43.8,1746.61
AWS,us-east-1,t3.medium,2,4,15,441.0,3731.5,12206.4,0,1,77.3,1618.76
AWS,us-east-1,m6i.large,2,8,12,379.1,2919.2,17551.9,0,1,60.9,2202.52
Azure,eastus,D16s_v5,16,64,17,563.7,1273.4,1243.7,0,0,38.6,7790.79
GCP,europe-west2,n2-standard-4,4,16,18,493.5,2994.0,18724.9,0,1,22.4,3589.96
AWS,us-east-1,m6i.2xlarge,8,32,14,437.2,1330.4,1905.6,0,1,61.7,2663.64
AWS,us-east-1,m6i.2xlarge,8,32,20,323.2,957.3,12544.0,0,0,20.6,3676.78
GCP,us-central1,n2-standard-8,8,32,2,363.6,959.6,12098.6,1,1,26.3,1463.31
Azure,eastus,B2ms,2,8,12,445.7,1975.8,19939.3,1,1,82.9,2278.41
Azure,southeastasia,B2ms,2,8,17,588.0,2327.5,347.0,0,1,5.8,1142.76
Azure,uksouth,D4s_v5,4,16,8,341.4,130.5,5604.7,0,0,34.4,1098.73
Azure,southeastasia,D2s_v5,2,8,14,181.3,3973.8,5313.1,1,1,91.6,1165.09
AWS,ap-southeast-1,m6i.4xlarge,16,64,13,458.8,1321.6,6701.3,1,0,66.3,5870.17
Azure,southeastasia,D16s_v5,16,64,2,223.2,1485.2,19636.9,1,1,35.7,2154.32
Azure,eastus,D16s_v5,16,64,7,562.4,3458.8,13411.2,1,1,28.3,4579.68
GCP,asia-southeast1,n2-standard-8,8,32,2,393.8,576.4,9461.8,1,0,40.0,1261.8
Azure,uksouth,D4s_v5,4,16,11,691.7,1490.6,16369.9,1,0,50.2,3194.3
GCP,europe-west2,e2-medium,2,4,19,612.6,220.3,5450.5,1,0,80.1,976.96
GCP,europe-west2,n2-standard-16,16,64,10,216.8,3880.8,5910.8,1,0,85.1,2691.15
AWS,eu-west-2,m6i.xlarge,4,16,2,192.2,3948.0,6479.0,0,1,9.2,993.47
AWS,us-east-1,t3.large,2,8,7,699.7,2071.4,6514.9,0,1,61.2,1169.84
GCP,europe-west2,n2-standard-8,8,32,4,400.9,3230.1,11968.3,1,1,28.0,2007.22
AWS,eu-west-2,m6i.4xlarge,16,64,17,728.3,2982.4,18288.8,1,0,40.2,11923.74
AWS,ap-southeast-1,t3.large,2,8,10,620.8,3526.2,1906.6,0,0,59.5,1048.59
AWS,eu-west-2,t3.medium,2,4,8,304.3,3691.2,14682.6,0,1,15.1,1710.77
AWS,us-east-1,m6i.xlarge,4,16,8,225.9,1190.3,222.2,0,0,50.7,467.38
GCP,europe-west2,n2-standard-4,4,16,10,670.5,773.7,5296.1,1,0,86.7,2035.1
GCP,asia-southeast1,e2-medium,2,4,8,514.2,664.2,11504.1,1,0,43.6,1217.15
GCP,asia-southeast1,e2-medium,2,4,4,465.7,1279.1,2878.8,0,1,43.5,427.12
Azure,uksouth,D4s_v5,4,16,9,255.9,1130.5,11134.8,0,1,13.2,1526.96
Azure,southeastasia,D16s_v5,16,64,7,324.9,933.9,19414.2,0,1,41.5,3705.89
AWS,us-east-1,m6i.xlarge,4,16,11,431.0,2771.2,17971.3,1,1,28.4,2782.24
Azure,eastus,B2ms,2,8,8,455.8,100.6,85.0,1,1,76.2,377.77
AWS,ap-southeast-1,t3.medium,2,4,18,341.8,1945.6,2080.6,0,0,30.8,638.06
AWS,eu-west-2,m6i.2xlarge,8,32,5,603.8,1619.3,17278.5,0,1,54.6,2798.07
GCP,asia-southeast1,n2-standard-2,2,8,5,734.9,3549.8,5453.8,1,0,33.6,1226.27
AWS,us-east-1,m6i.large,2,8,11,483.5,2159.7,5884.8,1,1,69.8,1297.54
GCP,europe-west2,e2-standard-2,2,8,15,697.7,278.5,15953.4,1,0,20.6,2132.45
Azure,eastus,D2s_v5,2,8,19,494.9,1411.6,17822.4,1,1,40.5,2528.16
AWS,eu-west-2,m6i.2xlarge,8,32,13,467.7,2127.3,7490.4,1,1,70.2,3382.62
Azure,southeastasia,D2s_v5,2,8,8,365.7,2438.6,435.4,0,1,44.8,582.42
Azure,southeastasia,D4s_v5,4,16,19,243.7,1555.6,15575.4,0,1,54.4,2441.03
GCP,europe-west2,e2-standard-2,2,8,1,336.7,1568.0,11089.0,0,0,50.7,1068.57
Azure,southeastasia,D16s_v5,16,64,14,435.9,2889.5,11303.3,0,0,88.0,6705.41
GCP,asia-southeast1,e2-medium,2,4,17,300.3,215.5,2233.0,0,1,18.0,408.58
Azure,uksouth,D16s_v5,16,64,17,482.1,3448.4,14493.8,0,0,82.6,8491.11
GCP,asia-southeast1,n2-standard-8,8,32,3,244.9,2562.6,18725.9,1,1,22.5,2109.69
Azure,southeastasia,D8s_v5,8,32,8,727.8,1948.4,13268.0,0,0,91.8,4004.44
GCP,asia-southeast1,n2-standard-16,16,64,3,264.1,3412.6,1056.8,0,1,67.2,1100.01
GCP,europe-west2,e2-standard-2,2,8,17,528.0,3827.0,510.9,1,0,11.3,1082.26
GCP,europe-west2,e2-standard-2,2,8,18,613.2,1030.4,19329.2,0,1,46.4,2340.7
GCP,asia-southeast1,e2-medium,2,4,8,415.2,1007.2,12272.0,1,0,23.9,1241.05
GCP,europe-west2,n2-standard-8,8,32,2,639.6,1881.8,7973.2,0,0,84.3,1382.86
Azure,eastus,D16s_v5,16,64,16,451.0,2326.4,3163.2,0,0,45.3,6236.93
GCP,asia-southeast1,n2-standard-2,2,8,1,350.5,1977.5,8656.2,0,1,23.9,981.01
GCP,us-central1,n2-standard-16,16,64,14,502.3,298.6,11900.2,0,0,32.3,6628.56
AWS,ap-southeast-1,t3.large,2,8,10,235.7,1204.7,18362.3,0,0,53.7,1871.06
Azure,eastus,D4s_v5,4,16,7,422.1,2010.0,3578.3,1,1,23.4,1113.36
GCP,europe-west2,n2-standard-2,2,8,15,660.5,3499.2,11791.9,1,1,6.7,2372.29
Azure,southeastasia,B2ms,2,8,2,392.9,707.0,1511.7,1,0,11.2,320.52
Azure,uksouth,B2ms,2,8,11,428.7,509.4,1427.5,0,0,44.1,573.86
AWS,us-east-1,m6i.large,2,8,16,583.2,2431.9,3161.9,0,1,76.6,1383.16
AWS,us-east-1,m6i.large,2,8,15,226.8,2969.1,14429.2,1,1,72.4,1884.35
AWS,eu-west-2,m6i.2xlarge,8,32,17,283.6,2988.8,3977.3,1,1,79.9,2657.44
GCP,europe-west2,e2-medium,2,4,11,505.7,1503.1,1874.0,1,1,86.9,558.36
GCP,asia-southeast1,e2-medium,2,4,3,181.2,3001.0,9641.1,0,0,37.2,1080.16
AWS,us-east-1,t3.large,2,8,7,684.1,1031.0,7025.0,0,1,49.5,1117.69
AWS,eu-west-2,m6i.4xlarge,16,64,9,202.3,1678.2,9077.2,0,0,58.9,2486.02
Azure,southeastasia,D4s_v5,4,16,19,289.1,3790.6,18918.7,0,1,17.4,3097.84
Azure,uksouth,B2ms,2,8,18,493.8,2764.1,6642.5,1,0,11.4,1622.49
Azure,southeastasia,D4s_v5,4,16,16,676.2,3020.3,10134.9,0,1,75.8,3607.33
GCP,asia-southeast1,e2-medium,2,4,17,195.6,2018.9,2389.0,1,0,54.5,531.16
Azure,uksouth,D16s_v5,16,64,16,450.9,3942.9,4041.9,1,1,73.6,7026.91
GCP,europe-west2,n2-standard-8,8,32,15,635.7,3386.7,4778.7,1,0,82.4,4843.56
Azure,southeastasia,D16s_v5,16,64,15,314.0,739.1,6751.1,0,0,48.1,4871.96
AWS,eu-west-2,m6i.2xlarge,8,32,19,655.5,234.1,18020.4,0,0,56.2,6586.55
Azure,uksouth,B2ms,2,8,1,513.3,1058.9,12785.4,0,1,18.9,1195.77
AWS,ap-southeast-1,m6i.2xlarge,8,32,14,453.1,3743.2,16378.3,0,1,49.2,4487.64
GCP,asia-southeast1,n2-standard-4,4,16,17,340.6,2820.9,17499.2,0,1,7.2,2877.69
AWS,us-east-1,m6i.xlarge,4,16,18,373.6,2336.8,11030.7,1,0,42.0,2482.2
AWS,ap-southeast-1,m6i.xlarge,4,16,18,224.3,2120.9,3472.5,1,0,65.3,1462.86
Azure,southeastasia,D2s_v5,2,8,4,292.0,2550.7,12406.8,0,1,90.3,1436.07
AWS,eu-west-2,t3.medium,2,4,16,451.5,3154.0,7912.8,1,1,54.3,1399.89
AWS,eu-west-2,m6i.4xlarge,16,64,4,669.7,1520.0,8200.2,0,0,9.7,3044.31
AWS,us-east-1,m6i.large,2,8,2,440.8,3142.5,1873.6,0,1,8.0,521.01
GCP,europe-west2,n2-standard-16,16,64,10,361.7,1428.9,18584.6,0,1,91.7,4790.94
AWS,eu-west-2,t3.large,2,8,3,454.8,3580.2,13253.1,0,1,87.1,1589.08
Azure,southeastasia,D8s_v5,8,32,15,350.5,2519.7,5129.1,0,0,20.8,3065.82
AWS,us-east-1,m6i.2xlarge,8,32,4,438.3,328.8,19305.6,0,0,20.6,2300.7
Azure,southeastasia,D16s_v5,16,64,12,219.5,3535.1,3776.7,1,0,69.0,3047.76
Azure,eastus,D8s_v5,8,32,1,320.7,1392.7,8006.7,1,0,85.2,1003.04
GCP,asia-southeast1,n2-standard-4,4,16,3,468.4,3664.6,1331.9,1,1,59.9,816.82
AWS,us-east-1,m6i.xlarge,4,16,10,498.0,2566.7,17030.7,1,0,88.3,2667.13
AWS,eu-west-2,t3.large,2,8,17,701.4,3685.4,1944.9,1,1,63.2,1652.05
GCP,asia-southeast1,n2-standard-4,4,16,5,631.0,990.7,19208.3,1,1,89.9,2403.49
AWS,us-east-1,t3.large,2,8,4,511.1,2042.1,19098.3,0,1,19.9,1972.42
AWS,ap-southeast-1,t3.medium,2,4,20,337.9,1481.0,4621.2,0,1,55.8,878.88
AWS,eu-west-2,m6i.2xlarge,8,32,5,499.0,339.4,1821.4,1,0,70.2,1281.99
AWS,us-east-1,m6i.xlarge,4,16,7,426.1,412.6,16799.5,1,0,62.8,2067.44
GCP,asia-southeast1,n2-standard-16,16,64,13,267.5,1790.6,1860.4,1,0,23.5,3330.01
GCP,europe-west2,n2-standard-2,2,8,6,199.3,411.7,2077.9,1,0,60.9,400.77
AWS,us-east-1,t3.large,2,8,3,276.6,1096.4,16833.7,0,1,64.8,1546.35
GCP,us-central1,n2-standard-4,4,16,12,234.6,3523.2,11909.5,1,0,37.6,1851.83
AWS,us-east-1,t3.large,2,8,4,611.2,916.4,6263.1,0,0,37.4,821.02
GCP,asia-southeast1,n2-standard-2,2,8,12,680.8,2652.8,11850.0,0,1,45.0,2089.15
GCP,europe-west2,n2-standard-4,4,16,11,270.5,2447.9,12804.7,0,1,86.0,1879.28
Azure,eastus,D4s_v5,4,16,15,512.2,1636.1,18469.5,0,1,51.9,3145.08
GCP,asia-southeast1,n2-standard-2,2,8,2,221.7,1410.9,12052.2,0,0,29.3,1145.65
Azure,eastus,D4s_v5,4,16,20,356.9,1755.7,19884.5,1,0,38.3,3195.42
Azure,southeastasia,D4s_v5,4,16,5,683.1,1683.0,2892.5,1,0,38.6,1221.57
Azure,uksouth,D2s_v5,2,8,5,508.9,1042.2,18706.7,1,1,43.6,1905.36
GCP,asia-southeast1,n2-standard-4,4,16,11,518.5,3419.0,16011.7,1,1,61.6,2794.13
GCP,asia-southeast1,n2-standard-8,8,32,17,527.6,461.6,15594.3,0,0,68.8,5232.14
AWS,eu-west-2,m6i.2xlarge,8,32,14,417.7,2539.2,17993.4,0,1,18.2,4096.09
Azure,eastus,D16s_v5,16,64,14,537.7,2024.7,8602.7,0,1,58.6,6877.44
Azure,eastus,B2ms,2,8,1,559.8,719.0,9764.4,0,1,86.8,953.65
AWS,us-east-1,m6i.xlarge,4,16,10,254.6,2845.3,19955.5,1,0,70.7,2371.83
Azure,southeastasia,D16s_v5,16,64,17,712.3,2915.1,16949.0,1,1,62.6,12645.26
Azure,eastus,B2ms,2,8,9,662.5,2531.7,18877.6,1,1,24.2,2301.53
GCP,europe-west2,n2-standard-4,4,16,19,374.5,1165.2,15416.7,0,1,44.6,2887.1
GCP,asia-southeast1,e2-medium,2,4,17,266.4,223.1,119.0,0,0,65.4,192.88
Azure,uksouth,D4s_v5,4,16,14,508.0,3531.0,292.8,0,1,90.8,1866.03
GCP,europe-west2,n2-standard-8,8,32,1,536.3,2507.6,6386.8,0,0,36.8,967.29
AWS,us-east-1,m6i.large,2,8,12,399.5,2589.1,8532.6,1,0,42.6,1462.41
Azure,southeastasia,B2ms,2,8,19,683.8,2914.1,11521.2,0,1,28.7,2511.76
GCP,asia-southeast1,n2-standard-4,4,16,11,685.1,1565.9,7529.4,1,0,7.5,2519.61
Azure,eastus,D8s_v5,8,32,15,492.9,1253.3,13134.4,0,1,71.5,4209.15
Azure,uksouth,D2s_v5,2,8,5,739.9,890.6,18948.2,1,1,52.2,2139.26
GCP,asia-southeast1,n2-standard-2,2,8,5,392.1,2985.9,14015.4,0,1,73.3,1600.13
Azure,uksouth,D2s_v5,2,8,11,708.0,2038.6,9390.2,1,1,15.0,1867.34
GCP,europe-west2,n2-standard-8,8,32,12,236.2,427.5,5859.2,0,1,16.8,1709.48
GCP,us-central1,n2-standard-4,4,16,14,562.6,1145.8,8811.6,0,1,93.1,2389.57
Azure,southeastasia,B2ms,2,8,12,460.8,1977.9,5834.6,1,0,86.5,1204.17
GCP,europe-west2,e2-standard-2,2,8,4,576.1,1700.0,18370.5,0,1,75.2,1787.99
AWS,ap-southeast-1,m6i.4xlarge,16,64,13,418.4,554.7,19959.1,1,1,38.7,6437.04
AWS,us-east-1,m6i.xlarge,4,16,13,687.3,2062.8,19396.8,0,1,39.9,3513.02
AWS,eu-west-2,m6i.xlarge,4,16,20,521.3,3366.1,19693.4,1,0,76.5,4244.71
Azure,southeastasia,B2ms,2,8,5,402.0,656.4,14557.9,0,1,38.5,1436.4
Azure,southeastasia,D16s_v5,16,64,12,518.4,3396.1,523.0,1,1,90.0,6003.36
GCP,us-central1,n2-standard-2,2,8,7,234.4,2886.2,9605.7,0,1,44.6,1194.74
AWS,us-east-1,m6i.xlarge,4,16,6,259.9,2852.9,11645.8,1,0,20.3,1581.71
Azure,southeastasia,D4s_v5,4,16,18,679.5,1588.0,9272.7,0,0,19.8,3702.27
AWS,eu-west-2,m6i.large,2,8,19,708.9,3239.7,3368.7,0,1,12.3,2033.88
GCP,asia-southeast1,e2-medium,2,4,1,333.1,619.9,11502.1,0,1,75.4,1029.72
AWS,eu-west-2,t3.large,2,8,8,317.0,1828.3,19620.2,0,1,92.0,2070.9
GCP,europe-west2,e2-standard-2,2,8,2,610.2,2922.2,4018.6,1,0,66.2,750.38
AWS,eu-west-2,t3.large,2,8,16,689.4,1514.6,7003.9,1,1,48.5,1771.93
GCP,us-central1,e2-standard-2,2,8,18,384.9,1835.8,10200.5,1,0,50.9,1537.65
AWS,ap-southeast-1,m6i.large,2,8,9,193.4,3089.5,19329.8,1,1,81.2,2126.2
AWS,us-east-1,m6i.xlarge,4,16,14,697.3,894.3,13592.7,0,1,89.1,3192.23
AWS,ap-southeast-1,m6i.large,2,8,15,470.8,2423.8,12968.7,1,1,14.1,2125.49
Azure,southeastasia,B2ms,2,8,12,389.4,2472.1,11896.7,0,0,18.6,1605.0
Azure,uksouth,D8s_v5,8,32,7,726.7,3813.4,12661.5,0,0,43.6,3557.17
Azure,eastus,B2ms,2,8,15,728.3,2983.4,13803.1,0,0,65.1,2297.01
GCP,asia-southeast1,n2-standard-8,8,32,3,285.8,2232.7,1937.7,0,0,80.4,722.89
Azure,eastus,D2s_v5,2,8,10,694.6,1267.8,17883.2,0,1,37.7,2229.8
AWS,eu-west-2,t3.large,2,8,15,528.3,3812.5,17297.9,1,1,85.6,2530.45
AWS,us-east-1,m6i.4xlarge,16,64,4,618.4,685.5,3621.9,0,1,18.0,2315.56
AWS,us-east-1,m6i.large,2,8,17,407.7,2511.6,8607.9,1,0,54.1,1686.9
GCP,europe-west2,n2-standard-16,16,64,8,342.3,1728.5,12556.2,0,0,6.0,3470.12
GCP,asia-southeast1,n2-standard-4,4,16,8,522.4,3529.1,15500.8,1,0,14.1,2514.44
GCP,us-central1,n2-standard-2,2,8,19,468.0,1603.4,12555.9,1,1,29.5,2011.07
GCP,us-central1,n2-standard-2,2,8,11,254.8,1565.2,15214.7,1,0,25.8,1672.74
GCP,us-central1,e2-medium,2,4,6,266.7,3999.4,4579.8,0,1,12.4,769.12
AWS,ap-southeast-1,m6i.2xlarge,8,32,3,410.2,2329.2,9570.4,0,1,65.9,1597.99
AWS,us-east-1,m6i.4xlarge,16,64,9,321.0,1787.4,16116.2,0,1,38.3,3684.92
AWS,ap-southeast-1,t3.medium,2,4,11,727.9,3308.1,2328.6,1,0,68.5,944.83
GCP,asia-southeast1,n2-standard-8,8,32,2,218.0,255.2,13723.6,0,1,19.6,1359.19
GCP,us-central1,n2-standard-4,4,16,8,536.4,767.1,15826.4,1,0,88.2,2202.63
AWS,ap-southeast-1,m6i.4xlarge,16,64,4,680.4,1400.3,17273.2,0,1,94.7,3889.7
Azure,eastus,D16s_v5,16,64,3,437.3,3945.1,10969.0,0,1,42.8,2367.38
Azure,southeastasia,D16s_v5,16,64,2,538.1,424.0,15275.7,1,0,79.4,2330.02
GCP,us-central1,n2-standard-4,4,16,3,656.2,335.2,1327.1,0,1,45.2,522.63
Azure,eastus,B2ms,2,8,7,509.6,1634.7,9184.6,1,0,78.3,1295.33
GCP,us-central1,n2-standard-8,8,32,14,480.0,2997.9,1000.9,1,1,58.7,3010.96
AWS,eu-west-2,m6i.4xlarge,16,64,18,204.5,2023.7,2765.8,0,1,86.2,3392.05
Azure,southeastasia,D2s_v5,2,8,20,182.3,3331.8,5233.7,1,0,32.4,1214.35
GCP,asia-southeast1,e2-standard-2,2,8,14,237.2,3690.9,12950.0,0,0,74.7,1656.89
GCP,us-central1,n2-standard-2,2,8,1,677.8,3327.1,14540.2,0,1,30.4,1524.87
Azure,uksouth,D16s_v5,16,64,18,237.9,2311.0,6779.7,0,1,19.5,4515.19
AWS,ap-southeast-1,t3.medium,2,4,5,408.4,1541.5,18808.5,1,1,76.3,1895.68
AWS,eu-west-2,t3.medium,2,4,9,182.5,3827.1,9256.7,0,0,83.9,1219.87
AWS,us-east-1,m6i.4xlarge,16,64,12,411.6,2138.8,15592.6,1,1,59.7,5333.64
AWS,eu-west-2,m6i.xlarge,4,16,16,530.6,590.1,15513.2,1,0,57.3,3144.65
GCP,europe-west2,e2-medium,2,4,13,657.4,498.3,13528.6,1,0,83.8,1520.69
AWS,us-east-1,m6i.2xlarge,8,32,20,489.9,525.0,12872.2,0,0,15.8,4993.9
AWS,ap-southeast-1,t3.medium,2,4,8,299.1,2106.9,11454.4,0,0,19.0,1297.72
AWS,us-east-1,m6i.xlarge,4,16,15,371.2,2877.9,10465.0,1,1,33.1,2250.08
AWS,ap-southeast-1,t3.medium,2,4,12,639.9,3160.4,4666.8,1,0,77.2,1127.27
AWS,us-east-1,m6i.xlarge,4,16,9,262.2,3956.7,11979.5,0,1,82.4,1856.2
AWS,eu-west-2,t3.large,2,8,9,207.1,109.7,14591.5,1,0,70.1,1508.08
Azure,uksouth,D16s_v5,16,64,6,641.3,840.8,11812.3,0,0,9.6,4425.76
Azure,southeastasia,D4s_v5,4,16,18,659.9,2552.9,2170.6,1,0,14.6,3124.11
GCP,europe-west2,n2-standard-4,4,16,13,210.6,61.1,6012.6,0,0,60.1,1066.02
AWS,ap-southeast-1,m6i.4xlarge,16,64,7,659.5,456.5,3414.5,0,0,68.3,4241.53
Azure,southeastasia,B2ms,2,8,20,595.4,2214.9,7870.7,1,0,16.5,2007.14
GCP,us-central1,e2-standard-2,2,8,11,516.4,3310.6,8223.6,1,1,30.9,1434.47
AWS,us-east-1,t3.large,2,8,12,409.7,3744.7,2386.4,1,0,7.0,963.81
AWS,us-east-1,t3.large,2,8,15,534.7,1165.5,2071.7,0,0,70.8,947.19
AWS,eu-west-2,m6i.2xlarge,8,32,13,237.2,3830.2,19104.7,1,1,37.8,3241.38
Azure,southeastasia,D16s_v5,16,64,9,568.1,1891.4,3685.1,1,1,51.7,5200.71
AWS,us-east-1,t3.large,2,8,11,355.3,2913.6,5165.1,1,1,72.6,1085.86
AWS,us-east-1,m6i.4xlarge,16,64,7,478.1,2637.2,1521.4,1,0,38.0,2956.02
GCP,us-central1,n2-standard-8,8,32,10,717.7,2933.0,15941.1,0,1,91.6,4393.37
AWS,ap-southeast-1,m6i.large,2,8,17,325.7,2439.3,19647.7,0,0,79.1,2389.87
AWS,eu-west-2,m6i.xlarge,4,16,15,340.8,1923.0,2535.9,0,0,10.6,1431.16
GCP,asia-southeast1,n2-standard-2,2,8,16,665.9,1329.9,12614.7,1,0,83.8,2403.51
AWS,us-east-1,t3.large,2,8,15,404.9,40.5,15656.5,1,1,71.8,1896.98
GCP,asia-southeast1,n2-standard-8,8,32,7,621.5,2570.2,4363.4,1,0,19.9,2579.5
AWS,eu-west-2,m6i.2xlarge,8,32,11,585.0,3196.3,5397.9,0,1,93.1,3457.18
AWS,ap-southeast-1,m6i.2xlarge,8,32,13,696.1,3794.6,352.9,1,0,5.3,4234.33
AWS,us-east-1,m6i.xlarge,4,16,11,516.9,772.3,10727.7,1,0,10.9,2123.38
GCP,asia-southeast1,n2-standard-16,16,64,20,485.5,2728.7,2558.9,1,1,57.5,8722.06
AWS,us-east-1,t3.large,2,8,11,588.1,1733.9,10777.4,0,0,11.2,1642.17
Azure,uksouth,D16s_v5,16,64,11,282.6,2148.3,9263.0,0,0,41.4,3658.62
GCP,europe-west2,n2-standard-2,2,8,11,420.5,1953.8,16003.7,0,1,49.5,1989.26
GCP,europe-west2,n2-standard-2,2,8,13,394.2,307.8,6651.4,0,0,51.2,1156.27
Azure,uksouth,D2s_v5,2,8,16,534.5,892.2,4875.7,1,1,27.3,1502.83
AWS,eu-west-2,t3.medium,2,4,17,586.8,1428.5,1431.9,0,1,44.7,703.57
AWS,eu-west-2,m6i.2xlarge,8,32,8,479.3,2864.1,4563.1,1,1,68.2,2351.95
Azure,eastus,D8s_v5,8,32,18,322.2,529.0,11979.5,1,1,10.5,3382.32
AWS,us-east-1,t3.large,2,8,3,397.9,3084.9,15273.0,1,0,16.3,1737.15
Azure,eastus,D16s_v5,16,64,20,503.1,259.3,18420.8,1,1,85.2,9546.61
Azure,uksouth,D8s_v5,8,32,16,691.3,2024.9,17764.1,1,0,52.3,6345.42
GCP,europe-west2,n2-standard-16,16,64,5,219.4,1061.7,13611.8,1,0,83.8,2226.17
GCP,asia-southeast1,e2-standard-2,2,8,16,713.9,3056.5,6453.5,0,0,72.6,1684.92
Azure,eastus,D16s_v5,16,64,11,676.5,3903.3,7198.8,0,1,69.6,6916.15
GCP,asia-southeast1,n2-standard-16,16,64,19,332.8,168.4,11214.9,0,0,52.3,6374.29
GCP,us-central1,e2-standard-2,2,8,7,289.4,1019.0,7495.1,0,1,62.9,867.42
AWS,us-east-1,m6i.large,2,8,9,381.5,775.8,17724.7,1,1,94.5,1952.58
Azure,uksouth,D16s_v5,16,64,13,601.0,1098.7,1149.6,0,1,33.9,6834.79
AWS,us-east-1,m6i.xlarge,4,16,7,666.9,3488.0,3652.4,0,0,58.4,1510.01
AWS,eu-west-2,m6i.4xlarge,16,64,16,414.7,2344.0,11702.9,1,1,47.4,6723.26
AWS,ap-southeast-1,m6i.2xlarge,8,32,2,510.4,1151.9,12386.2,1,0,43.1,1689.44
AWS,eu-west-2,m6i.large,2,8,3,577.9,1728.7,2547.6,0,1,31.3,570.88
Azure,uksouth,D2s_v5,2,8,7,403.9,87.6,7346.3,1,0,48.3,991.9
AWS,ap-southeast-1,m6i.large,2,8,12,199.8,1346.4,12402.3,0,1,35.5,1490.54
AWS,eu-west-2,m6i.xlarge,4,16,4,597.5,182.6,14905.3,0,0,10.0,1775.82
AWS,eu-west-2,m6i.4xlarge,16,64,4,370.8,1539.0,5979.7,1,1,64.3,1963.4
AWS,eu-west-2,m6i.xlarge,4,16,4,304.6,2353.5,13074.5,1,0,57.2,1651.0
GCP,europe-west2,n2-standard-16,16,64,12,569.6,2634.2,15983.1,1,1,24.8,7542.14
GCP,europe-west2,n2-standard-8,8,32,8,309.3,1936.0,18106.3,0,1,80.4,2671.13
AWS,us-east-1,m6i.4xlarge,16,64,15,514.8,2693.7,14719.5,0,0,52.8,7418.56
AWS,eu-west-2,t3.large,2,8,19,590.9,3969.3,1919.3,1,0,7.7,1602.45
GCP,europe-west2,n2-standard-16,16,64,16,345.4,2645.6,12146.8,0,1,20.2,5940.97
GCP,europe-west2,e2-medium,2,4,11,547.3,2205.7,16674.3,0,1,31.7,1775.38
GCP,asia-southeast1,e2-medium,2,4,16,459.9,1358.5,14071.2,1,1,44.2,1601.9
GCP,asia-southeast1,n2-standard-8,8,32,6,473.0,2771.2,1788.0,1,0,40.4,1644.12
GCP,us-central1,e2-medium,2,4,11,395.9,1673.1,14324.9,1,0,10.2,1489.61
Azure,southeastasia,B2ms,2,8,6,439.1,1503.6,1860.9,0,0,22.1,528.7
Azure,eastus,D4s_v5,4,16,2,617.0,2811.3,18242.3,0,0,91.2,1883.6
GCP,asia-southeast1,n2-standard-16,16,64,18,605.9,2538.2,19231.3,0,1,19.8,11170.7
GCP,asia-southeast1,n2-standard-16,16,64,10,548.0,876.1,4656.4,1,0,37.9,5215.78
AWS,eu-west-2,t3.large,2,8,15,560.0,3371.5,3327.6,0,0,13.9,1314.07
Azure,eastus,D16s_v5,16,64,5,296.0,1351.5,18153.5,1,0,54.5,2807.98
AWS,ap-southeast-1,m6i.xlarge,4,16,2,720.1,30.7,7962.6,1,1,18.2,1083.37
AWS,eu-west-2,t3.large,2,8,2,651.9,3015.2,8185.4,1,0,6.0,1164.2
GCP,us-central1,n2-standard-8,8,32,10,490.5,998.8,7503.7,0,0,34.7,2582.99
Azure,uksouth,D16s_v5,16,64,1,455.0,1697.7,15928.9,1,0,24.1,1910.75
AWS,ap-southeast-1,m6i.2xlarge,8,32,15,470.4,345.0,11809.6,0,1,21.5,4014.37
GCP,europe-west2,e2-standard-2,2,8,15,464.8,973.1,17378.3,0,0,11.7,1920.2
GCP,europe-west2,n2-standard-4,4,16,14,447.5,1230.1,17690.4,1,0,52.9,2855.65
GCP,us-central1,n2-standard-2,2,8,3,330.9,3899.2,14373.4,0,1,12.9,1583.91
GCP,us-central1,n2-standard-16,16,64,7,411.6,2420.3,8310.7,0,0,91.3,3133.65
GCP,us-central1,n2-standard-8,8,32,7,733.5,343.3,18541.6,1,0,75.2,3557.3
GCP,asia-southeast1,n2-standard-8,8,32,2,390.7,1359.2,19630.6,0,1,28.3,2037.84
Azure,southeastasia,D8s_v5,8,32,18,703.0,593.6,13761.7,1,0,79.2,6951.81
Azure,uksouth,B2ms,2,8,7,437.1,1176.7,6792.7,1,1,57.0,1017.95
GCP,asia-southeast1,e2-medium,2,4,19,400.3,2636.7,19309.4,0,0,92.3,1996.03
AWS,us-east-1,m6i.xlarge,4,16,3,346.3,2751.1,13428.8,1,1,43.0,1630.32
Azure,eastus,B2ms,2,8,6,314.1,2395.0,1656.6,0,1,53.3,484.01
GCP,us-central1,n2-standard-2,2,8,15,688.2,2969.1,5253.9,0,1,60.6,1685.64
AWS,ap-southeast-1,m6i.4xlarge,16,64,1,524.7,1367.1,10323.0,1,0,58.7,1586.94
GCP,us-central1,n2-standard-16,16,64,19,623.9,953.1,19999.9,0,0,14.4,10939.68
AWS,us-east-1,t3.large,2,8,7,727.6,596.1,14963.3,0,0,93.0,1752.25
Azure,eastus,D2s_v5,2,8,14,477.1,2620.2,5608.8,0,1,77.8,1368.33
AWS,ap-southeast-1,t3.large,2,8,13,238.1,388.0,19059.4,0,1,58.8,1937.17
AWS,eu-west-2,m6i.large,2,8,4,651.1,222.1,12666.7,0,0,31.1,1396.91
GCP,us-central1,e2-standard-2,2,8,20,667.4,3637.6,15375.2,1,0,39.3,2411.83
AWS,us-east-1,m6i.large,2,8,8,258.6,502.4,14231.3,0,1,14.5,1461.89
AWS,us-east-1,m6i.2xlarge,8,32,15,376.6,2658.0,4112.5,0,0,25.0,2759.7
Azure,uksouth,D2s_v5,2,8,10,499.6,1673.0,18342.9,1,0,71.8,2186.39
AWS,eu-west-2,m6i.xlarge,4,16,4,228.6,3460.5,11410.8,0,1,58.2,1519.76
GCP,europe-west2,n2-standard-16,16,64,6,346.7,2109.8,4759.0,0,0,83.6,2343.43
Azure,uksouth,D16s_v5,16,64,15,327.1,1572.2,16090.7,1,1,64.5,5750.48
AWS,eu-west-2,m6i.xlarge,4,16,4,689.3,417.9,16610.3,0,1,9.7,2025.77
AWS,eu-west-2,m6i.2xlarge,8,32,16,485.7,721.7,4644.4,0,1,13.6,3699.48
GCP,asia-southeast1,n2-standard-16,16,64,6,324.7,1361.7,17188.5,0,1,75.9,3156.75
Azure,southeastasia,D8s_v5,8,32,11,466.4,2047.9,3347.9,0,0,81.4,2808.6
Azure,southeastasia,D2s_v5,2,8,10,712.7,2429.5,16558.7,0,1,55.9,2451.49
GCP,asia-southeast1,e2-medium,2,4,3,479.2,31.3,4806.0,0,1,74.4,473.39
AWS,us-east-1,m6i.4xlarge,16,64,3,323.7,2085.9,15244.6,0,1,47.0,2188.28
GCP,asia-southeast1,n2-standard-2,2,8,19,598.7,1149.6,443.3,0,1,65.8,1384.95
GCP,asia-southeast1,e2-medium,2,4,5,727.6,3463.9,8604.6,0,0,23.3,1156.62
GCP,europe-west2,n2-standard-8,8,32,7,426.7,2505.8,5268.5,1,0,79.2,2039.05
GCP,asia-southeast1,e2-standard-2,2,8,1,411.0,2216.9,199.7,0,0,6.8,234.49
Azure,southeastasia,D16s_v5,16,64,3,654.9,2176.8,7403.2,0,0,8.5,2607.72
AWS,us-east-1,m6i.large,2,8,12,273.9,1960.9,10451.6,0,1,44.5,1388.09
AWS,ap-southeast-1,m6i.2xlarge,8,32,4,624.0,169.1,16841.9,0,0,31.7,2563.22
AWS,ap-southeast-1,t3.large,2,8,1,191.3,3166.3,12466.1,0,1,30.2,1402.22
Azure,uksouth,D16s_v5,16,64,7,576.4,1340.8,18914.4,0,1,79.0,5180.24
AWS,us-east-1,m6i.xlarge,4,16,18,362.4,722.7,11743.1,1,0,78.9,2402.72
AWS,eu-west-2,m6i.2xlarge,8,32,17,679.6,1365.2,13468.2,0,0,94.7,6219.14
GCP,us-central1,n2-standard-8,8,32,15,335.4,3502.7,18744.9,0,1,36.2,3699.12
AWS,eu-west-2,m6i.4xlarge,16,64,11,735.4,1386.2,14679.5,0,0,18.5,7988.15
AWS,us-east-1,t3.medium,2,4,3,206.4,2166.7,14818.6,1,0,54.1,1483.54
AWS,ap-southeast-1,m6i.xlarge,4,16,5,316.2,1964.9,12557.0,1,1,29.2,1682.49
AWS,ap-southeast-1,m6i.large,2,8,14,558.3,2478.8,5953.9,1,0,70.9,1675.42
GCP,asia-southeast1,n2-standard-4,4,16,15,551.5,3301.1,15235.5,0,1,18.2,3417.76
GCP,europe-west2,n2-standard-8,8,32,9,600.7,2151.8,10529.7,1,1,59.7,3450.16
AWS,eu-west-2,m6i.large,2,8,5,490.5,3649.6,2327.5,1,1,34.3,860.63
GCP,europe-west2,n2-standard-16,16,64,8,707.6,1401.4,10791.0,0,1,20.3,5837.72
AWS,ap-southeast-1,m6i.4xlarge,16,64,7,321.6,2500.4,3330.6,1,0,41.2,2496.84
Azure,eastus,D8s_v5,8,32,11,660.0,3335.1,13240.4,0,0,91.7,4282.03
AWS,eu-west-2,t3.large,2,8,6,383.9,1981.7,17182.7,0,1,58.1,1810.91
GCP,asia-southeast1,n2-standard-2,2,8,11,408.2,278.2,4241.1,1,1,74.9,937.78
GCP,us-central1,e2-standard-2,2,8,4,184.6,3724.8,5120.3,0,1,94.9,785.0
AWS,ap-southeast-1,m6i.4xlarge,16,64,20,444.4,2862.7,1272.7,1,1,76.4,8014.5
AWS,eu-west-2,m6i.2xlarge,8,32,5,245.9,2728.6,8845.4,1,0,15.6,1587.89
AWS,eu-west-2,m6i.2xlarge,8,32,2,566.3,2247.4,14538.2,0,1,29.7,1919.86
AWS,eu-west-2,m6i.xlarge,4,16,10,471.0,1779.7,11713.1,1,0,91.9,2188.19
GCP,europe-west2,e2-standard-2,2,8,19,627.3,919.9,11256.2,1,0,85.5,1912.09
Azure,uksouth,D16s_v5,16,64,1,459.2,1893.2,11264.1,0,0,18.0,1506.55
GCP,europe-west2,n2-standard-8,8,32,9,551.7,1576.6,7634.9,0,0,47.8,2956.44
GCP,europe-west2,n2-standard-2,2,8,9,334.8,2000.2,12850.8,1,0,29.1,1600.37
AWS,eu-west-2,m6i.large,2,8,19,383.6,1023.3,9521.2,1,0,32.6,1791.89
AWS,us-east-1,m6i.xlarge,4,16,20,483.6,33.3,82.7,1,1,73.4,2006.43
Azure,eastus,B2ms,2,8,9,471.3,2458.7,1897.6,0,0,23.7,684.52
AWS,us-east-1,t3.medium,2,4,7,669.8,1432.1,6896.2,1,0,47.2,976.07
AWS,ap-southeast-1,m6i.xlarge,4,16,4,250.8,3897.1,9728.5,1,0,90.9,1458.95
AWS,us-east-1,m6i.2xlarge,8,32,11,188.9,1310.8,8602.0,0,1,35.5,1721.12
AWS,ap-southeast-1,t3.medium,2,4,17,232.6,587.0,13195.4,1,0,20.7,1419.53
GCP,us-central1,n2-standard-8,8,32,20,280.9,861.2,11967.9,0,0,61.7,3273.92
Azure,uksouth,D4s_v5,4,16,17,189.4,2813.1,10863.8,1,0,93.8,1887.1
Azure,uksouth,D16s_v5,16,64,4,401.3,1242.5,4579.0,1,0,34.1,1930.48
Azure,eastus,D4s_v5,4,16,5,299.8,2356.6,11655.3,0,0,62.3,1497.23
AWS,us-east-1,t3.medium,2,4,10,423.2,849.0,9648.0,1,1,36.6,1158.07
AWS,eu-west-2,m6i.2xlarge,8,32,18,716.4,2642.1,19439.1,1,1,71.9,7428.28
Azure,eastus,D16s_v5,16,64,5,727.8,2102.3,4962.2,1,1,75.0,3677.13
Azure,eastus,D2s_v5,2,8,5,665.1,1755.6,15915.0,0,0,92.5,1771.89
GCP,us-central1,n2-standard-4,4,16,16,718.2,2629.2,8874.7,0,0,38.4,3196.43
GCP,asia-southeast1,n2-standard-4,4,16,18,657.6,3674.9,15690.9,1,1,34.5,4210.31
AWS,ap-southeast-1,m6i.xlarge,4,16,17,450.3,3465.2,15779.4,1,1,42.2,3478.5
Azure,southeastasia,B2ms,2,8,18,477.9,1077.9,13815.1,1,0,7.1,2111.93
GCP,europe-west2,e2-standard-2,2,8,8,382.3,1620.7,14697.9,1,1,14.2,1630.54
Azure,uksouth,B2ms,2,8,11,286.7,312.8,19927.3,0,0,71.5,1891.92
GCP,europe-west2,n2-standard-4,4,16,17,269.0,465.4,5264.6,1,1,27.7,1539.76
Azure,uksouth,D4s_v5,4,16,6,615.2,228.5,12430.2,0,1,33.7,1892.21
GCP,us-central1,n2-standard-2,2,8,6,507.7,2501.4,7793.6,0,0,31.8,1131.06
Azure,southeastasia,D16s_v5,16,64,3,607.4,2948.2,7132.6,1,0,30.2,2515.95
AWS,ap-southeast-1,t3.large,2,8,6,295.2,2241.0,13056.9,0,1,65.2,1523.9
AWS,ap-southeast-1,m6i.large,2,8,9,413.7,3388.7,17253.4,0,0,24.7,2107.15
GCP,asia-southeast1,n2-standard-4,4,16,17,628.3,669.7,5138.5,0,1,16.2,2831.12
GCP,europe-west2,n2-standard-16,16,64,20,369.9,54.2,7964.9,1,1,25.2,7233.51
AWS,eu-west-2,t3.medium,2,4,4,539.2,301.1,17882.1,1,1,40.7,1736.82
AWS,ap-southeast-1,m6i.2xlarge,8,32,1,695.7,3457.2,18326.4,0,1,92.6,2170.61
AWS,eu-west-2,m6i.4xlarge,16,64,9,499.8,2693.3,16482.1,0,0,85.6,5258.68
AWS,ap-southeast-1,m6i.large,2,8,7,557.7,2233.8,1124.2,0,1,38.3,722.64
Azure,southeastasia,D2s_v5,2,8,1,628.3,695.0,11528.9,0,0,32.8,1080.07
AWS,eu-west-2,t3.medium,2,4,18,277.4,1551.2,15525.0,1,0,42.3,1740.69
AWS,eu-west-2,m6i.4xlarge,16,64,7,376.5,3447.0,12219.2,0,0,21.5,3446.96
AWS,ap-southeast-1,m6i.4xlarge,16,64,11,186.5,609.9,14341.2,0,1,39.4,3067.48
GCP,asia-southeast1,n2-standard-4,4,16,16,646.0,3891.3,1759.2,1,0,8.3,2745.83
Azure,uksouth,D16s_v5,16,64,17,564.5,2570.0,12240.0,0,0,82.9,9358.63
AWS,eu-west-2,m6i.large,2,8,11,606.0,1833.9,6682.2,1,1,18.2,1490.14
GCP,us-central1,e2-medium,2,4,3,220.8,2273.2,13961.5,0,0,41.6,1312.61
GCP,asia-southeast1,n2-standard-2,2,8,18,612.0,941.2,11388.8,0,1,27.2,2172.74
Azure,southeastasia,D4s_v5,4,16,9,695.6,3007.6,816.6,0,0,65.2,1740.46
Azure,eastus,D8s_v5,8,32,16,414.1,597.6,1687.9,0,0,27.7,2812.31
AWS,us-east-1,m6i.4xlarge,16,64,19,458.1,1574.7,6156.9,1,0,20.5,7281.16
Azure,eastus,D2s_v5,2,8,6,419.6,3640.4,2696.4,1,1,86.3,832.75
Azure,eastus,D2s_v5,2,8,20,251.6,2828.0,12947.5,1,0,67.7,1842.38
AWS,us-east-1,m6i.large,2,8,13,492.3,570.9,3175.1,0,1,6.5,959.67
AWS,ap-southeast-1,m6i.large,2,8,2,339.1,3046.1,15721.8,1,0,12.9,1760.37
AWS,ap-southeast-1,m6i.2xlarge,8,32,17,333.2,3111.5,6841.0,0,0,54.2,3287.34
Azure,southeastasia,D4s_v5,4,16,14,727.5,1463.4,19100.9,0,1,50.1,4007.72
Azure,uksouth,D8s_v5,8,32,3,203.3,1212.5,4346.8,1,0,40.6,805.22
Azure,eastus,B2ms,2,8,7,259.2,2402.4,8538.2,0,0,73.9,1041.47
AWS,ap-southeast-1,m6i.4xlarge,16,64,19,738.9,2651.5,18323.1,0,0,56.6,13735.58
AWS,ap-southeast-1,t3.medium,2,4,12,699.8,3892.6,18923.3,1,0,49.0,2418.78
GCP,europe-west2,n2-standard-2,2,8,18,429.3,1241.8,8463.6,0,1,65.9,1645.98
AWS,eu-west-2,m6i.2xlarge,8,32,1,311.4,825.4,16663.1,0,0,68.6,1624.67
AWS,ap-southeast-1,m6i.large,2,8,18,190.0,3456.0,9408.5,0,0,40.9,1512.02
GCP,us-central1,n2-standard-16,16,64,2,553.6,2732.3,16802.6,0,1,9.0,2468.6
AWS,eu-west-2,m6i.xlarge,4,16,16,538.9,2134.9,2311.1,1,0,71.8,2201.68
Azure,eastus,B2ms,2,8,10,244.6,1068.8,16495.5,1,1,55.2,1674.53
Azure,uksouth,D16s_v5,16,64,7,688.8,3567.2,9357.5,1,0,88.2,5198.78
GCP,europe-west2,e2-medium,2,4,20,506.6,104.5,8958.5,0,1,60.6,1149.41
GCP,europe-west2,n2-standard-4,4,16,1,412.1,3682.2,6073.9,0,1,35.0,920.94
AWS,ap-southeast-1,m6i.xlarge,4,16,5,498.4,1381.3,975.1,0,0,91.0,725.06
Azure,uksouth,D8s_v5,8,32,5,713.9,1707.4,10898.0,1,1,81.1,2619.93
Azure,eastus,D16s_v5,16,64,3,590.6,3367.8,18554.5,0,1,51.0,3152.77
AWS,us-east-1,m6i.2xlarge,8,32,14,658.7,1130.3,7608.4,0,1,34.5,4271.91
GCP,us-central1,n2-standard-16,16,64,9,385.1,2944.5,6939.8,0,1,33.7,3521.06
GCP,europe-west2,n2-standard-4,4,16,15,212.5,3723.6,6975.9,0,0,6.0,1612.74
Azure,uksouth,D8s_v5,8,32,4,679.6,2191.8,6218.9,1,1,57.0,1919.52
AWS,eu-west-2,t3.large,2,8,10,634.9,3464.9,7669.7,0,0,39.3,1563.9
Azure,southeastasia,D16s_v5,16,64,8,215.1,161.6,16497.9,0,0,82.1,2871.4
Azure,southeastasia,D4s_v5,4,16,6,698.6,1112.4,18998.8,0,1,61.5,2543.92
Azure,southeastasia,D2s_v5,2,8,8,532.0,169.0,12928.3,0,1,66.6,1613.15
Azure,eastus,D8s_v5,8,32,8,251.1,843.9,9832.1,1,0,28.8,1762.67
AWS,ap-southeast-1,m6i.large,2,8,4,691.7,1612.6,1109.2,1,1,87.0,617.12
GCP,europe-west2,n2-standard-16,16,64,15,307.9,2713.0,4365.4,0,0,22.5,4492.61
GCP,us-central1,n2-standard-2,2,8,15,548.2,2494.2,10187.7,1,0,19.6,1923.43
AWS,eu-west-2,m6i.2xlarge,8,32,18,649.4,1835.7,9869.2,0,0,77.1,5800.57
AWS,us-east-1,t3.medium,2,4,14,261.2,494.6,8684.5,1,1,23.8,1056.96
Azure,uksouth,D16s_v5,16,64,3,237.5,2926.6,18251.6,0,0,20.0,2307.78
GCP,asia-southeast1,e2-standard-2,2,8,9,456.1,2663.8,15670.8,1,1,73.8,1865.19
Azure,uksouth,D8s_v5,8,32,6,184.2,1711.9,9671.8,1,0,70.1,1486.01
GCP,us-central1,n2-standard-4,4,16,4,667.8,3678.2,19691.1,0,0,18.4,2326.52
AWS,us-east-1,t3.large,2,8,10,304.8,2283.9,153.6,0,0,70.3,431.79
GCP,us-central1,e2-standard-2,2,8,2,318.3,2023.4,5147.3,0,0,20.9,630.04
GCP,us-central1,n2-standard-8,8,32,16,210.3,2990.3,8104.2,1,0,33.8,2309.22
GCP,us-central1,e2-medium,2,4,2,585.3,3616.7,3285.1,0,0,16.9,590.25
GCP,us-central1,n2-standard-2,2,8,14,500.4,1654.1,14850.6,0,1,7.3,1986.42
Azure,southeastasia,B2ms,2,8,18,403.8,821.8,7377.2,1,1,45.5,1451.72
Azure,eastus,D16s_v5,16,64,20,553.9,2724.0,3810.3,0,1,66.4,9715.16
Azure,southeastasia,B2ms,2,8,6,223.5,2954.9,11311.3,0,0,88.7,1339.92
Azure,uksouth,D16s_v5,16,64,6,641.8,159.5,11661.0,1,0,65.8,4379.31
GCP,us-central1,n2-standard-2,2,8,20,369.7,1787.7,7981.2,1,1,58.2,1568.81
AWS,ap-southeast-1,m6i.2xlarge,8,32,20,361.0,575.9,7019.1,0,0,22.3,3747.23
Azure,southeastasia,D8s_v5,8,32,3,503.7,485.4,1762.5,0,0,33.3,855.03
Azure,southeastasia,D4s_v5,4,16,2,538.0,1159.1,8182.3,1,0,47.2,1109.73
Azure,eastus,D2s_v5,2,8,7,485.3,3629.8,8761.5,0,0,87.1,1362.57
GCP,europe-west2,e2-standard-2,2,8,20,739.4,3597.8,2497.6,0,1,42.3,1603.51
GCP,us-central1,n2-standard-2,2,8,3,570.7,1188.1,16384.7,1,1,58.9,1655.42
AWS,ap-southeast-1,m6i.xlarge,4,16,12,181.0,912.8,4494.2,0,1,37.8,950.01
GCP,us-central1,e2-standard-2,2,8,13,742.2,2760.3,5315.8,1,1,42.8,1373.79
GCP,asia-southeast1,n2-standard-4,4,16,18,317.3,88.6,11493.3,0,1,49.8,2193.95
AWS,eu-west-2,t3.large,2,8,12,298.5,81.5,13676.9,1,1,25.5,1582.0
AWS,eu-west-2,t3.medium,2,4,1,558.4,2193.0,7072.7,1,0,52.2,934.86
GCP,asia-southeast1,e2-standard-2,2,8,11,632.4,2208.0,16266.8,0,0,81.8,2001.39
GCP,asia-southeast1,e2-standard-2,2,8,6,693.9,1395.3,9548.6,1,0,90.3,1340.46
AWS,us-east-1,m6i.2xlarge,8,32,4,571.3,1201.9,19200.1,1,0,9.5,2658.04
GCP,europe-west2,e2-medium,2,4,1,349.6,2118.1,367.7,0,1,43.3,235.27
Azure,eastus,D2s_v5,2,8,2,622.0,3227.1,10625.9,0,1,45.4,1274.41
Azure,eastus,D2s_v5,2,8,14,454.1,70.9,6798.1,0,0,68.5,1242.57
AWS,us-east-1,m6i.4xlarge,16,64,20,346.4,1531.2,15364.3,0,1,72.6,6753.28
AWS,eu-west-2,m6i.xlarge,4,16,2,335.2,3049.4,17226.7,1,1,82.9,1962.51
Azure,southeastasia,D4s_v5,4,16,7,185.9,792.1,10254.2,0,1,29.9,1248.32
Azure,uksouth,B2ms,2,8,4,713.2,1597.8,9648.2,0,1,52.6,1259.21
GCP,us-central1,n2-standard-16,16,64,6,684.4,782.1,17087.9,1,1,54.6,4748.88
GCP,us-central1,n2-standard-2,2,8,15,645.5,565.0,15030.8,1,0,53.1,2180.57
GCP,us-central1,n2-standard-8,8,32,11,232.7,1131.2,7958.5,0,1,35.4,1746.85
GCP,us-central1,n2-standard-16,16,64,1,708.2,727.4,552.4,1,0,59.7,712.04
AWS,eu-west-2,m6i.large,2,8,1,698.3,2017.1,15530.5,1,0,75.6,1670.13
AWS,us-east-1,m6i.4xlarge,16,64,14,644.1,1092.7,7915.7,0,0,43.4,7538.18
AWS,us-east-1,m6i.xlarge,4,16,7,233.0,610.3,17798.0,0,0,32.5,1838.29
AWS,eu-west-2,m6i.xlarge,4,16,6,696.0,3076.7,19472.3,0,1,33.3,2735.11
GCP,europe-west2,e2-medium,2,4,12,675.6,1314.3,10929.3,0,1,53.7,1304.73
Azure,uksouth,B2ms,2,8,6,261.9,3019.5,3816.2,0,1,67.0,719.2
GCP,asia-southeast1,e2-standard-2,2,8,16,496.9,1532.6,13276.0,1,1,43.3,1875.8
Azure,uksouth,D4s_v5,4,16,4,180.2,660.6,9880.4,0,1,31.5,1058.79
GCP,us-central1,e2-standard-2,2,8,7,394.4,970.4,348.8,1,1,39.3,365.73
Azure,uksouth,B2ms,2,8,1,696.4,1179.7,3772.2,0,0,55.7,483.05
GCP,us-central1,n2-standard-2,2,8,17,557.8,1536.5,7833.2,1,1,17.1,1708.39
AWS,ap-southeast-1,m6i.large,2,8,8,203.0,79.4,11720.1,1,0,92.6,1309.43
GCP,europe-west2,n2-standard-2,2,8,4,683.5,1700.4,8342.7,0,1,26.1,1183.93
Azure,eastus,B2ms,2,8,8,460.7,155.1,15818.9,0,0,18.4,1625.41
Azure,eastus,D2s_v5,2,8,3,379.9,355.6,16453.5,1,0,73.6,1532.32
AWS,ap-southeast-1,m6i.large,2,8,6,263.6,1850.2,14206.4,1,0,28.0,1631.88
GCP,asia-southeast1,n2-standard-4,4,16,3,399.7,1870.9,9368.9,1,1,30.0,1301.01
Azure,eastus,B2ms,2,8,19,253.7,1592.9,5038.0,0,1,30.8,952.44
GCP,asia-southeast1,n2-standard-4,4,16,20,254.8,2777.3,17796.8,0,1,75.6,2819.97
GCP,europe-west2,n2-standard-2,2,8,3,579.0,3652.6,2255.5,1,0,37.1,756.16
GCP,us-central1,e2-medium,2,4,16,574.5,3071.0,3223.7,1,0,45.6,870.71
Azure,eastus,D4s_v5,4,16,17,237.3,3153.6,1214.4,1,1,24.1,1175.46
AWS,eu-west-2,t3.medium,2,4,10,444.4,205.0,9827.8,1,0,93.3,1139.48
Azure,southeastasia,D8s_v5,8,32,20,725.9,2988.8,17399.6,1,0,64.7,8475.52
AWS,eu-west-2,t3.large,2,8,7,383.8,281.5,9131.0,0,0,61.3,1068.77
AWS,us-east-1,t3.large,2,8,9,275.4,3654.9,17142.4,0,1,91.7,1903.94
Azure,southeastasia,D16s_v5,16,64,2,530.3,2199.1,19626.0,0,0,70.0,2682.29
Azure,southeastasia,B2ms,2,8,5,507.1,3606.8,2093.3,0,1,64.7,725.87
GCP,asia-southeast1,n2-standard-8,8,32,8,568.8,2153.2,3749.5,0,1,79.1,2457.95
GCP,us-central1,e2-standard-2,2,8,5,251.5,3091.9,1421.0,0,1,72.6,456.77
GCP,us-central1,e2-standard-2,2,8,11,464.0,3104.6,9544.3,1,1,29.2,1432.72
AWS,eu-west-2,m6i.2xlarge,8,32,6,723.0,1121.2,10888.3,0,1,54.4,2895.38
Azure,southeastasia,D2s_v5,2,8,8,215.4,116.5,5907.4,0,1,10.7,735.68
GCP,asia-southeast1,n2-standard-4,4,16,2,600.4,451.8,2706.7,0,0,55.3,522.24
Azure,southeastasia,D4s_v5,4,16,12,215.1,1589.8,14089.0,0,0,15.4,1886.8
AWS,ap-southeast-1,m6i.4xlarge,16,64,14,229.6,412.4,10267.3,0,0,38.2,3707.81
AWS,eu-west-2,m6i.2xlarge,8,32,5,713.9,501.3,18081.5,0,1,74.8,3155.56
GCP,us-central1,e2-medium,2,4,16,701.1,1607.6,4854.1,0,1,6.7,935.4
GCP,us-central1,e2-standard-2,2,8,1,474.5,2572.5,14366.6,1,0,42.0,1432.07
AWS,ap-southeast-1,m6i.large,2,8,17,497.3,180.0,279.5,0,0,63.3,940.59
GCP,us-central1,n2-standard-16,16,64,13,376.6,505.7,16231.1,0,0,19.9,5285.44
AWS,eu-west-2,m6i.2xlarge,8,32,1,508.3,2982.1,13272.0,0,1,42.6,1590.22
GCP,asia-southeast1,n2-standard-4,4,16,11,351.6,3778.2,2803.8,0,0,58.7,1389.96
GCP,europe-west2,e2-medium,2,4,17,705.6,1156.7,7990.3,0,1,53.8,1233.68
AWS,ap-southeast-1,m6i.2xlarge,8,32,5,266.9,1960.8,10731.2,1,1,41.9,1769.3
GCP,us-central1,n2-standard-4,4,16,9,403.1,1752.9,4.6,0,1,23.6,852.7
AWS,eu-west-2,m6i.large,2,8,20,739.2,2377.1,5188.3,0,0,93.8,2189.26
AWS,eu-west-2,m6i.xlarge,4,16,20,289.6,2674.3,19875.5,0,1,41.0,3097.24
AWS,eu-west-2,t3.large,2,8,20,259.7,489.1,9155.3,0,0,38.1,1330.28
AWS,eu-west-2,m6i.4xlarge,16,64,7,199.3,1885.7,8788.6,0,1,9.8,2074.51
Azure,uksouth,D2s_v5,2,8,15,519.2,563.1,8619.8,0,1,22.0,1645.29
Azure,eastus,B2ms,2,8,2,729.0,3070.4,14583.5,0,1,85.1,1540.59
AWS,eu-west-2,m6i.large,2,8,12,689.4,3268.2,6357.7,1,0,54.7,1762.45
GCP,us-central1,n2-standard-4,4,16,14,235.3,1628.5,548.2,1,0,45.6,875.23
AWS,eu-west-2,m6i.4xlarge,16,64,4,382.2,2691.4,19797.4,0,0,9.4,3169.96
GCP,asia-southeast1,e2-standard-2,2,8,11,275.8,695.8,15173.1,1,1,21.3,1569.99
AWS,us-east-1,m6i.4xlarge,16,64,8,246.6,2644.1,3322.4,0,1,36.2,2071.68
GCP,europe-west2,e2-medium,2,4,15,354.3,2108.2,2084.9,0,1,23.4,561.71
GCP,europe-west2,e2-standard-2,2,8,2,313.8,1480.5,3066.2,0,1,90.9,439.3
Azure,southeastasia,B2ms,2,8,19,295.6,1809.2,8246.4,0,0,26.4,1406.04
GCP,us-central1,e2-medium,2,4,15,180.2,3182.5,14557.8,0,1,23.3,1545.58
Azure,eastus,D4s_v5,4,16,12,438.5,1729.4,3695.0,0,1,45.5,1506.23
GCP,europe-west2,e2-standard-2,2,8,13,652.7,101.8,4618.3,0,0,31.5,1018.45
GCP,asia-southeast1,n2-standard-16,16,64,6,399.4,240.6,13060.4,1,0,70.0,3177.36
GCP,europe-west2,n2-standard-2,2,8,6,300.8,2825.6,17830.9,0,0,59.2,1901.45
Azure,uksouth,D16s_v5,16,64,6,422.7,2389.4,3398.5,0,1,38.0,2717.38
AWS,us-east-1,t3.large,2,8,18,645.8,1408.9,14676.8,0,1,86.7,2325.33
GCP,asia-southeast1,e2-medium,2,4,8,683.3,2890.9,9298.9,1,1,19.8,1316.94
AWS,us-east-1,m6i.2xlarge,8,32,13,302.7,1483.3,6186.6,0,1,74.2,2230.8
AWS,us-east-1,m6i.large,2,8,14,489.9,3633.3,2229.7,1,0,34.2,1194.42
AWS,us-east-1,m6i.2xlarge,8,32,9,288.6,2421.7,17566.4,0,1,31.4,2674.41
Azure,eastus,D2s_v5,2,8,6,256.0,1286.3,3411.8,1,0,94.3,597.52
AWS,us-east-1,m6i.large,2,8,5,409.9,2519.2,17347.8,0,1,59.4,1896.3
GCP,europe-west2,n2-standard-16,16,64,12,683.1,1042.0,14570.8,1,1,81.5,8142.48
GCP,europe-west2,n2-standard-8,8,32,6,615.5,145.3,10795.7,0,0,56.8,2535.82
AWS,ap-southeast-1,m6i.xlarge,4,16,10,288.4,217.1,7545.3,0,1,60.5,1313.77
GCP,europe-west2,n2-standard-8,8,32,20,329.7,3215.9,19292.7,0,1,85.1,4616.22
GCP,europe-west2,n2-standard-16,16,64,16,376.3,2232.7,13859.7,0,0,29.4,6323.47
GCP,asia-southeast1,n2-standard-4,4,16,2,263.5,1420.3,445.1,1,1,21.4,345.46
GCP,europe-west2,n2-standard-2,2,8,16,679.1,3456.6,4237.4,1,1,43.8,1926.91
Azure,southeastasia,B2ms,2,8,5,529.8,2712.6,7293.1,1,0,64.7,1158.94
Azure,southeastasia,D16s_v5,16,64,7,393.7,1404.6,686.8,1,0,61.5,2685.17
AWS,eu-west-2,t3.medium,2,4,5,516.2,738.0,6820.5,0,1,33.0,789.76
AWS,us-east-1,m6i.xlarge,4,16,18,570.8,1084.4,401.6,1,1,75.0,2199.22
Azure,eastus,D2s_v5,2,8,14,525.7,2927.9,7519.8,0,1,43.7,1606.5
GCP,asia-southeast1,n2-standard-2,2,8,12,708.6,2175.3,9743.5,0,0,92.1,1899.2
AWS,us-east-1,t3.medium,2,4,7,471.5,1242.7,13073.5,0,0,47.5,1388.39
GCP,europe-west2,e2-standard-2,2,8,6,739.3,823.6,16195.2,1,0,88.1,1803.12
GCP,us-central1,n2-standard-2,2,8,13,200.3,532.7,10810.3,1,0,39.6,1235.9
GCP,asia-southeast1,e2-medium,2,4,2,726.0,818.9,6229.3,1,0,58.8,716.71
GCP,europe-west2,n2-standard-8,8,32,18,318.3,1722.7,8272.5,0,0,20.6,3251.11
GCP,us-central1,n2-standard-16,16,64,20,294.3,2117.8,13355.5,1,0,68.5,5924.88
Azure,uksouth,D8s_v5,8,32,8,357.1,1196.1,4235.0,1,0,94.0,1757.21
GCP,asia-southeast1,n2-standard-16,16,64,15,474.2,804.6,5422.2,1,0,47.7,6670.1
GCP,us-central1,n2-standard-4,4,16,2,502.5,444.7,2356.0,1,1,74.8,500.45
AWS,eu-west-2,m6i.large,2,8,20,306.8,2102.7,1640.2,1,1,87.0,1046.85
GCP,europe-west2,e2-medium,2,4,1,439.7,3552.4,3799.0,1,0,81.9,704.61
AWS,us-east-1,t3.medium,2,4,17,665.9,2708.6,7018.9,1,1,70.6,1381.39
Azure,eastus,D4s_v5,4,16,8,513.9,3025.4,12876.5,1,0,7.1,2200.33
Azure,eastus,D4s_v5,4,16,11,496.9,798.9,10117.8,0,1,8.8,2055.99
GCP,us-central1,n2-standard-8,8,32,20,286.3,1845.9,5880.8,0,0,69.4,2852.0
AWS,eu-west-2,m6i.2xlarge,8,32,2,576.6,2761.5,13809.6,0,0,59.4,1894.32
AWS,ap-southeast-1,m6i.2xlarge,8,32,20,452.4,2411.3,5805.3,0,0,88.2,4521.19
Azure,southeastasia,B2ms,2,8,6,522.2,1519.6,10161.8,1,1,78.9,1393.8
GCP,europe-west2,n2-standard-16,16,64,6,612.4,317.7,5863.0,1,1,80.8,3671.33
AWS,ap-southeast-1,m6i.2xlarge,8,32,10,393.4,2642.9,14725.7,0,1,25.1,3283.29
AWS,us-east-1,m6i.2xlarge,8,32,1,582.8,1407.6,14168.2,0,1,61.6,1539.73
AWS,ap-southeast-1,t3.large,2,8,19,613.8,1006.5,9358.6,0,1,36.4,1997.8
AWS,ap-southeast-1,m6i.4xlarge,16,64,17,462.0,372.5,4333.5,0,1,63.3,7121.55
GCP,europe-west2,n2-standard-16,16,64,9,731.1,2214.1,4998.3,0,1,88.4,6330.25
Azure,southeastasia,D16s_v5,16,64,18,636.4,763.4,19246.0,0,0,45.6,12159.14
AWS,us-east-1,m6i.large,2,8,8,305.1,2872.5,16030.6,0,0,78.6,1844.71
GCP,asia-southeast1,n2-standard-16,16,64,12,203.6,3891.4,8979.4,0,1,46.0,3321.02
AWS,ap-southeast-1,m6i.4xlarge,16,64,7,463.0,635.7,9882.4,0,1,67.8,3754.89
AWS,ap-southeast-1,m6i.2xlarge,8,32,17,591.3,580.7,12429.3,0,0,68.8,5449.39
Azure,southeastasia,D8s_v5,8,32,2,501.1,598.3,16319.1,0,0,31.5,1845.13
AWS,eu-west-2,m6i.xlarge,4,16,16,207.9,1621.3,10177.2,1,0,15.8,1751.51
AWS,ap-southeast-1,t3.large,2,8,5,726.1,1980.7,16068.5,1,1,30.5,1932.82
GCP,europe-west2,n2-standard-16,16,64,20,464.6,2380.0,10409.2,1,0,65.2,8769.01
GCP,europe-west2,e2-medium,2,4,3,560.6,2103.9,18083.9,0,1,13.1,1694.42
GCP,asia-southeast1,e2-standard-2,2,8,11,444.9,2291.7,9328.0,0,0,59.5,1327.38
AWS,us-east-1,t3.medium,2,4,20,506.8,2275.3,666.6,0,1,95.0,674.63
AWS,ap-southeast-1,m6i.large,2,8,7,298.5,1528.1,19532.7,1,0,73.0,2032.17
Azure,uksouth,D2s_v5,2,8,1,524.8,1074.4,17263.4,0,0,64.0,1589.25
AWS,us-east-1,m6i.4xlarge,16,64,9,676.4,3922.8,8207.1,1,1,34.0,5662.6
GCP,europe-west2,e2-medium,2,4,12,457.9,3774.6,4649.9,0,1,62.9,909.68
GCP,asia-southeast1,e2-standard-2,2,8,6,640.4,348.1,7164.7,1,1,32.9,991.73
GCP,us-central1,n2-standard-16,16,64,3,344.4,908.8,9890.5,0,0,78.2,1699.38
AWS,ap-southeast-1,m6i.xlarge,4,16,20,347.2,3997.9,7703.7,1,1,57.7,2666.21
Azure,eastus,B2ms,2,8,16,457.4,2659.9,19061.0,0,1,56.2,2305.15
Azure,eastus,D4s_v5,4,16,17,600.3,2887.6,8945.5,0,0,19.3,3073.65
GCP,us-central1,e2-medium,2,4,8,546.0,2576.2,19094.3,0,1,21.1,1861.53
GCP,asia-southeast1,n2-standard-16,16,64,20,403.3,1384.3,12422.9,1,0,83.8,8365.27
GCP,europe-west2,e2-medium,2,4,14,316.1,1076.4,7698.5,1,0,38.0,985.54
Azure,eastus,D2s_v5,2,8,6,436.0,2856.3,1764.5,0,0,65.1,611.68
AWS,ap-southeast-1,t3.large,2,8,7,669.6,3659.4,16787.0,0,0,34.4,2160.23
AWS,ap-southeast-1,m6i.2xlarge,8,32,4,309.3,650.9,15540.3,1,0,50.9,1985.8
AWS,ap-southeast-1,m6i.4xlarge,16,64,17,528.8,3437.2,4251.9,1,1,53.8,8416.16
AWS,us-east-1,m6i.large,2,8,2,214.0,2969.9,14191.8,1,1,30.4,1545.99
AWS,eu-west-2,t3.large,2,8,7,668.1,2176.6,3039.1,1,0,60.6,932.41
AWS,ap-southeast-1,t3.medium,2,4,9,218.1,3570.7,6984.3,1,0,72.0,1106.96
GCP,europe-west2,n2-standard-16,16,64,9,638.9,3139.2,14399.4,1,1,75.7,6432.3
Azure,eastus,D4s_v5,4,16,6,690.0,3370.0,19762.7,0,1,5.7,2609.97
Azure,southeastasia,D16s_v5,16,64,12,420.1,3364.3,3721.0,1,0,53.8,5235.75
GCP,asia-southeast1,e2-standard-2,2,8,20,637.1,1881.1,12962.4,0,0,17.7,2222.94
AWS,ap-southeast-1,m6i.large,2,8,2,579.5,1014.4,1760.7,1,1,9.7,454.68
Azure,eastus,D4s_v5,4,16,8,183.9,921.4,14768.2,1,0,78.3,1653.86
Azure,southeastasia,B2ms,2,8,20,501.4,1869.7,1234.2,0,0,65.5,1202.77
Azure,eastus,B2ms,2,8,12,233.3,1291.2,6792.4,0,0,40.8,896.45
Azure,southeastasia,D4s_v5,4,16,20,638.6,1593.7,9584.8,0,1,37.6,3925.2
Azure,uksouth,D16s_v5,16,64,14,433.5,635.3,8502.1,0,0,81.8,5783.6
GCP,europe-west2,e2-medium,2,4,10,567.4,3499.6,9541.8,0,1,87.1,1330.72
AWS,ap-southeast-1,m6i.xlarge,4,16,3,560.9,2066.6,19414.0,1,0,52.1,2274.39
Azure,southeastasia,D4s_v5,4,16,1,486.9,3777.3,18533.3,0,1,85.5,1971.98
GCP,europe-west2,e2-standard-2,2,8,12,729.8,939.2,3995.1,0,1,20.7,1082.73
GCP,asia-southeast1,e2-standard-2,2,8,2,401.8,3676.6,15118.2,0,1,82.3,1609.57
GCP,europe-west2,e2-standard-2,2,8,19,326.9,3283.9,18284.2,1,1,12.1,2203.84
GCP,europe-west2,n2-standard-8,8,32,20,262.5,1700.2,3602.8,0,1,9.2,2667.19
Azure,southeastasia,D8s_v5,8,32,7,262.2,877.9,4131.9,1,1,61.0,1341.64
AWS,ap-southeast-1,m6i.2xlarge,8,32,17,433.3,2923.5,11102.6,1,0,22.7,4382.02
AWS,us-east-1,m6i.2xlarge,8,32,15,726.7,3563.7,19396.3,1,1,19.7,6290.18
GCP,asia-southeast1,n2-standard-4,4,16,4,359.9,3703.8,3651.2,1,0,36.0,972.38
Azure,eastus,D4s_v5,4,16,6,325.0,764.6,1253.3,1,0,50.5,600.02
AWS,us-east-1,t3.large,2,8,8,322.6,147.7,19290.8,0,1,26.5,1821.09
AWS,us-east-1,t3.medium,2,4,9,680.7,1719.1,2716.6,0,1,45.2,653.09
GCP,asia-southeast1,n2-standard-2,2,8,13,546.3,20.7,17428.9,1,1,14.2,2243.32
AWS,ap-southeast-1,m6i.2xlarge,8,32,2,528.5,1275.8,14222.8,0,1,60.8,1850.21
Azure,uksouth,D16s_v5,16,64,15,295.3,3181.1,6898.7,1,1,65.3,4749.61
Azure,southeastasia,D8s_v5,8,32,18,606.9,3718.7,13188.6,0,1,90.0,6370.05
AWS,eu-west-2,m6i.xlarge,4,16,20,201.5,3296.3,16879.5,0,0,17.8,2589.72
GCP,asia-southeast1,n2-standard-2,2,8,1,201.0,2105.6,14704.9,0,0,75.5,1430.17
GCP,asia-southeast1,n2-standard-16,16,64,15,733.5,3525.3,17905.4,1,0,17.7,11116.16
AWS,ap-southeast-1,t3.large,2,8,8,706.3,3872.1,9870.5,0,1,15.2,1760.95
GCP,us-central1,e2-standard-2,2,8,3,315.6,1068.1,13498.6,0,0,66.2,1238.37
Azure,uksouth,D4s_v5,4,16,16,216.5,2944.6,7707.8,1,1,86.6,1718.27
GCP,asia-southeast1,n2-standard-4,4,16,19,322.2,2770.6,14707.8,0,1,78.4,2736.43
GCP,asia-southeast1,n2-standard-4,4,16,16,606.2,1537.7,9854.6,0,1,59.4,2984.48
Azure,southeastasia,D8s_v5,8,32,12,615.6,903.6,18567.3,0,1,8.9,4870.88
GCP,asia-southeast1,n2-standard-2,2,8,8,630.2,3175.0,13740.7,1,1,49.7,2031.5
AWS,ap-southeast-1,m6i.xlarge,4,16,9,459.1,1933.6,10084.9,0,1,6.7,1995.72
GCP,us-central1,n2-standard-16,16,64,7,525.4,3373.7,14261.1,0,1,22.1,4198.41
AWS,eu-west-2,m6i.large,2,8,9,355.6,1264.4,17859.5,1,1,50.0,2026.24
Azure,eastus,B2ms,2,8,14,522.6,3205.9,16883.3,1,0,61.9,2284.44
AWS,us-east-1,t3.large,2,8,19,724.8,3722.5,3040.8,0,0,42.5,1697.51
GCP,europe-west2,n2-standard-8,8,32,20,452.2,776.3,773.5,0,1,87.8,3927.32
GCP,us-central1,n2-standard-16,16,64,17,219.2,75.9,10939.2,0,1,46.5,3878.98
GCP,asia-southeast1,n2-standard-16,16,64,14,373.1,3737.1,3259.5,1,1,25.9,5109.61
GCP,us-central1,e2-standard-2,2,8,17,305.6,445.2,13009.3,1,0,27.3,1501.63
GCP,asia-southeast1,n2-standard-2,2,8,20,327.3,2564.7,15301.2,0,1,24.3,2166.53
Azure,uksouth,D8s_v5,8,32,4,230.4,150.2,7417.0,0,0,15.3,1065.0
AWS,us-east-1,t3.medium,2,4,17,693.0,3601.0,10369.4,0,1,11.6,1766.43
Azure,eastus,D8s_v5,8,32,9,206.2,2183.8,11348.6,0,1,6.6,1887.07
GCP,us-central1,n2-standard-8,8,32,2,199.9,1070.5,19976.7,0,1,38.8,1841.37
Azure,uksouth,B2ms,2,8,7,667.6,693.8,322.2,1,0,86.8,560.77
GCP,us-central1,n2-standard-8,8,32,18,553.5,2625.0,14325.7,0,0,76.4,5010.14
GCP,us-central1,n2-standard-8,8,32,20,516.7,3503.9,104.6,1,1,77.3,4499.0
AWS,ap-southeast-1,m6i.4xlarge,16,64,7,571.0,2027.4,11474.3,1,0,6.4,4688.08
Azure,southeastasia,D8s_v5,8,32,6,370.2,1478.0,12276.2,0,0,30.2,2143.5
Azure,southeastasia,B2ms,2,8,20,204.7,3259.0,402.5,0,0,48.0,676.61
GCP,us-central1,n2-standard-8,8,32,16,492.1,3314.3,10968.5,0,0,40.1,4226.01
AWS,eu-west-2,t3.large,2,8,2,621.7,289.5,2723.1,1,1,44.5,450.42
AWS,eu-west-2,m6i.4xlarge,16,64,9,242.5,239.4,6287.9,0,0,16.4,2315.81
Azure,uksouth,D8s_v5,8,32,4,673.1,3728.0,10432.2,0,1,64.2,2351.4
AWS,eu-west-2,m6i.xlarge,4,16,8,447.9,3428.7,2717.0,1,1,16.6,1368.94
GCP,europe-west2,e2-medium,2,4,1,422.9,2954.2,11133.4,1,1,50.8,1282.86
Azure,eastus,D4s_v5,4,16,12,275.9,1300.0,18523.5,0,0,61.5,2219.79
AWS,us-east-1,m6i.2xlarge,8,32,14,668.4,3652.6,11090.5,1,0,17.9,4864.84
Azure,eastus,D4s_v5,4,16,13,431.2,3776.8,13207.9,0,0,26.5,2539.58
GCP,asia-southeast1,n2-standard-2,2,8,15,351.5,1562.5,14026.8,0,1,61.3,1841.71
AWS,ap-southeast-1,m6i.2xlarge,8,32,12,289.7,2510.1,19154.7,1,0,53.5,3327.1
GCP,europe-west2,n2-standard-2,2,8,12,419.8,1285.8,15222.4,0,0,5.8,1867.54
Azure,eastus,D16s_v5,16,64,11,670.8,3140.6,11876.8,1,0,34.4,7155.47
GCP,us-central1,n2-standard-4,4,16,1,596.6,3335.4,16060.8,0,0,86.6,1639.61
AWS,eu-west-2,m6i.2xlarge,8,32,19,724.6,2519.0,11322.0,0,0,15.7,6771.0
AWS,us-east-1,m6i.4xlarge,16,64,15,596.8,1615.7,168.9,1,1,46.0,7218.13
AWS,eu-west-2,m6i.2xlarge,8,32,13,319.9,3078.6,15750.1,1,1,24.8,3356.16
AWS,ap-southeast-1,m6i.xlarge,4,16,16,622.7,3485.2,15089.4,0,1,38.6,3796.52
GCP,us-central1,n2-standard-8,8,32,1,187.2,803.0,16704.2,0,1,26.4,1455.26
Azure,eastus,B2ms,2,8,20,376.3,3393.1,18783.5,0,0,32.2,2406.08
AWS,ap-southeast-1,m6i.xlarge,4,16,4,568.7,164.2,2788.9,1,0,12.6,799.65
GCP,europe-west2,n2-standard-8,8,32,12,243.1,488.1,1373.9,0,1,8.6,1403.2
Azure,southeastasia,D4s_v5,4,16,20,565.9,2211.5,15624.7,1,1,68.3,4147.21
AWS,eu-west-2,t3.large,2,8,5,195.3,3476.5,16759.5,1,1,24.3,1848.5
GCP,us-central1,e2-medium,2,4,15,578.5,3880.0,908.8,1,0,32.5,707.23
GCP,asia-southeast1,e2-standard-2,2,8,4,517.2,621.2,1930.9,0,1,85.5,378.03
GCP,us-central1,n2-standard-4,4,16,9,677.1,519.7,6310.6,1,0,92.7,1763.54
AWS,eu-west-2,m6i.4xlarge,16,64,5,281.1,259.2,1226.0,0,0,22.8,1282.98
AWS,us-east-1,m6i.large,2,8,4,290.4,1805.5,4581.4,1,0,87.8,690.0
AWS,us-east-1,m6i.large,2,8,16,293.8,1599.9,4510.9,1,1,72.0,1063.9
GCP,europe-west2,n2-standard-8,8,32,7,520.0,3733.8,3001.2,1,0,54.4,2175.14
GCP,asia-southeast1,e2-medium,2,4,10,699.5,3563.3,8919.0,1,0,23.4,1400.46
Azure,uksouth,D16s_v5,16,64,3,665.4,144.5,5901.6,0,0,33.6,2199.89
GCP,us-central1,e2-standard-2,2,8,6,683.3,1066.2,9835.0,0,1,83.4,1239.96
AWS,eu-west-2,m6i.large,2,8,3,222.0,3421.3,3953.6,1,1,49.6,796.21
AWS,us-east-1,t3.large,2,8,6,213.6,1234.3,3277.1,0,0,64.9,488.19
Azure,eastus,B2ms,2,8,19,595.9,1939.1,12602.0,1,1,44.4,2181.04
GCP,asia-southeast1,n2-standard-2,2,8,19,504.0,3049.2,12869.9,0,0,27.3,2270.68
Azure,southeastasia,B2ms,2,8,8,433.6,2806.6,5634.3,0,1,83.4,1064.53
GCP,asia-southeast1,e2-medium,2,4,6,724.5,1621.7,15318.7,1,1,71.4,1630.43
Azure,southeastasia,D8s_v5,8,32,12,362.8,3455.9,18421.4,0,0,67.6,3707.11
GCP,us-central1,n2-standard-4,4,16,13,360.3,3268.1,4551.4,1,1,20.5,1612.12
GCP,europe-west2,n2-standard-4,4,16,6,463.2,2763.7,3517.9,0,1,92.4,1144.12
GCP,us-central1,n2-standard-8,8,32,19,213.8,454.9,18125.3,0,1,58.0,3045.28
Azure,eastus,D2s_v5,2,8,2,332.3,734.0,8066.4,0,1,40.9,841.21
AWS,eu-west-2,m6i.2xlarge,8,32,20,261.9,1366.5,18914.8,0,1,69.4,3865.76
AWS,us-east-1,t3.large,2,8,8,738.9,3870.8,12523.7,1,0,89.0,1933.27
GCP,asia-southeast1,n2-standard-2,2,8,3,728.0,3610.8,4335.6,0,0,24.8,901.98
AWS,us-east-1,t3.large,2,8,14,711.9,3787.7,465.7,0,0,83.5,1189.68
Azure,uksouth,D16s_v5,16,64,20,602.0,3042.2,8538.8,1,1,10.2,11332.02
AWS,eu-west-2,m6i.2xlarge,8,32,9,370.6,2964.0,8137.6,0,1,27.3,2408.18
GCP,us-central1,e2-standard-2,2,8,1,554.2,2812.4,8267.8,0,0,71.3,957.4
AWS,eu-west-2,t3.large,2,8,6,342.5,991.6,524.2,0,1,47.1,322.82
GCP,europe-west2,n2-standard-4,4,16,8,361.5,1798.4,9909.9,1,0,7.6,1640.91
AWS,eu-west-2,m6i.large,2,8,16,731.7,637.0,9061.1,1,0,21.2,2132.27
Azure,uksouth,D4s_v5,4,16,9,697.3,2239.3,9313.2,0,0,7.9,2406.16
AWS,us-east-1,m6i.xlarge,4,16,19,505.1,3665.2,11315.4,1,1,43.6,3190.78
Azure,southeastasia,D8s_v5,8,32,13,552.3,3989.2,552.1,0,0,27.1,3617.86
AWS,us-east-1,m6i.large,2,8,14,361.8,927.4,12943.4,1,1,59.6,1755.88
AWS,ap-southeast-1,m6i.xlarge,4,16,1,642.9,3947.3,6845.2,0,0,46.8,1102.41
GCP,asia-southeast1,n2-standard-4,4,16,3,249.1,3125.7,4730.8,0,1,75.6,838.87
AWS,eu-west-2,t3.medium,2,4,11,424.3,599.9,4719.7,0,0,74.2,676.19
GCP,europe-west2,e2-medium,2,4,1,195.4,3242.7,17297.7,1,1,57.0,1749.47
Azure,uksouth,D16s_v5,16,64,13,291.0,2752.9,15050.7,1,0,42.5,4765.02
Azure,southeastasia,D8s_v5,8,32,8,405.4,3753.5,5396.0,0,1,18.8,2267.09
Azure,southeastasia,B2ms,2,8,6,628.6,3017.7,13336.8,1,1,88.4,1767.02
AWS,us-east-1,m6i.4xlarge,16,64,7,567.8,2329.0,7257.3,1,1,58.3,3855.87
AWS,ap-southeast-1,t3.medium,2,4,16,549.3,2286.6,14106.6,0,0,57.4,1857.67
Azure,uksouth,D2s_v5,2,8,7,482.1,3222.3,14551.2,1,0,16.1,1883.3
Azure,eastus,D16s_v5,16,64,7,528.1,3452.2,2675.3,0,0,73.1,3488.93
GCP,europe-west2,e2-medium,2,4,17,572.5,2190.3,16238.0,0,0,40.7,1800.44
GCP,us-central1,n2-standard-16,16,64,19,425.9,2354.7,13670.3,1,0,6.3,7405.18
GCP,europe-west2,n2-standard-2,2,8,10,622.3,3381.2,4095.4,1,1,62.7,1356.8
AWS,us-east-1,m6i.xlarge,4,16,12,476.9,3457.1,16316.6,1,0,50.3,2734.72
AWS,us-east-1,m6i.xlarge,4,16,13,669.8,837.9,588.1,0,0,66.1,1781.96
Azure,southeastasia,D16s_v5,16,64,18,483.5,2048.8,1145.6,1,0,77.6,8196.14
Azure,southeastasia,D16s_v5,16,64,5,530.1,2516.2,7603.9,1,0,11.0,3283.29
GCP,us-central1,n2-standard-16,16,64,17,238.5,505.7,14742.4,0,0,31.1,4378.82
GCP,europe-west2,e2-medium,2,4,17,738.7,3090.8,13776.1,0,0,78.1,1811.27
AWS,us-east-1,t3.large,2,8,4,672.6,3527.2,11941.1,0,0,54.0,1513.43
GCP,europe-west2,n2-standard-8,8,32,8,482.6,3606.4,2183.5,0,0,90.5,2161.15
GCP,asia-southeast1,n2-standard-4,4,16,2,530.3,2116.9,14697.7,0,1,86.2,1628.25
Azure,eastus,D16s_v5,16,64,14,378.3,2261.0,12281.0,1,1,8.7,5531.2
GCP,europe-west2,n2-standard-2,2,8,7,189.5,3296.2,17707.0,1,0,44.8,1886.54
Azure,eastus,D16s_v5,16,64,18,224.9,3566.3,15793.2,0,0,14.6,4794.47
Azure,eastus,B2ms,2,8,5,473.1,1447.0,2447.8,0,1,16.1,525.82
GCP,us-central1,n2-standard-8,8,32,9,193.4,2083.9,16506.2,0,0,47.4,2148.44
GCP,asia-southeast1,n2-standard-4,4,16,16,681.5,973.1,12025.7,1,1,83.9,3598.43
GCP,asia-southeast1,n2-standard-4,4,16,8,404.6,3945.3,5345.5,1,1,74.1,1566.88
GCP,us-central1,e2-medium,2,4,1,554.9,2947.7,12055.5,1,1,41.7,1347.2
AWS,us-east-1,m6i.4xlarge,16,64,5,701.5,592.4,11246.9,1,1,57.2,3850.04
AWS,ap-southeast-1,t3.medium,2,4,10,261.0,2848.3,11598.6,1,1,24.6,1470.05
AWS,us-east-1,m6i.4xlarge,16,64,12,508.0,2379.2,7322.1,0,0,42.5,5469.0
Azure,uksouth,D4s_v5,4,16,18,521.3,2048.5,14742.9,1,1,68.2,3448.14
AWS,eu-west-2,m6i.4xlarge,16,64,20,710.2,2928.5,7710.9,1,0,6.9,12581.51
GCP,asia-southeast1,e2-medium,2,4,20,596.9,3940.0,7920.3,1,0,82.9,1507.72
GCP,us-central1,n2-standard-16,16,64,9,190.8,3659.4,13943.6,1,1,10.2,2818.37
Azure,eastus,D2s_v5,2,8,3,473.3,1445.6,10981.5,0,1,23.0,1221.77
Azure,southeastasia,D16s_v5,16,64,12,324.9,2087.8,3607.4,0,1,93.4,4030.48
GCP,europe-west2,n2-standard-16,16,64,13,343.9,730.1,1555.3,0,0,24.4,4040.96
GCP,europe-west2,n2-standard-2,2,8,18,737.4,3901.6,11360.7,0,0,24.8,2672.75
GCP,europe-west2,e2-standard-2,2,8,17,241.9,1847.0,6313.8,0,1,88.5,1016.41
Azure,eastus,D16s_v5,16,64,10,204.4,510.3,8472.8,1,1,31.2,2506.27
GCP,europe-west2,n2-standard-4,4,16,20,673.4,73.2,12045.5,1,0,80.2,3943.42
AWS,ap-southeast-1,m6i.4xlarge,16,64,9,237.4,2836.5,2398.7,1,0,29.5,2375.08
Azure,southeastasia,D8s_v5,8,32,2,732.5,907.9,8156.7,1,0,11.6,1512.59
GCP,europe-west2,e2-medium,2,4,20,686.7,21.6,331.2,1,1,85.1,604.2
GCP,asia-southeast1,n2-standard-16,16,64,17,230.3,328.1,14902.4,0,1,94.4,4687.06
AWS,ap-southeast-1,t3.large,2,8,14,192.4,3422.1,3686.7,0,0,18.9,841.82
AWS,us-east-1,m6i.large,2,8,11,324.3,185.4,5258.7,1,1,69.5,901.69
GCP,europe-west2,e2-medium,2,4,12,441.7,3942.3,11489.2,0,0,42.3,1489.25
AWS,ap-southeast-1,t3.large,2,8,3,477.2,1707.4,9675.0,1,0,12.2,1210.31
Azure,southeastasia,D16s_v5,16,64,10,424.6,2348.1,19826.7,0,1,92.1,5857.85
GCP,us-central1,n2-standard-8,8,32,7,465.5,3122.7,3843.4,0,1,28.6,1865.59
GCP,europe-west2,e2-standard-2,2,8,9,592.7,1752.3,2133.8,0,0,29.5,700.25
Azure,eastus,B2ms,2,8,15,436.3,1352.1,9750.8,0,1,23.0,1508.56
GCP,europe-west2,n2-standard-16,16,64,18,507.5,2306.5,12108.6,1,1,34.5,9153.45
AWS,us-east-1,t3.large,2,8,13,404.5,2460.8,6992.3,0,0,14.1,1267.02
GCP,us-central1,n2-standard-8,8,32,10,460.3,739.8,13490.7,0,1,5.5,2967.25
Azure,southeastasia,B2ms,2,8,11,510.8,1425.0,1578.0,0,1,43.6,792.21
GCP,us-central1,e2-medium,2,4,12,555.0,674.6,5371.6,0,1,94.8,765.98
AWS,eu-west-2,m6i.large,2,8,18,295.4,2233.8,6435.9,0,0,63.9,1335.2
GCP,europe-west2,n2-standard-8,8,32,3,343.8,2948.4,9331.6,0,1,65.9,1527.03
Azure,eastus,D2s_v5,2,8,11,685.1,956.0,17369.0,0,1,12.3,2250.36
GCP,asia-southeast1,n2-standard-16,16,64,11,694.9,848.5,7186.1,0,1,73.0,7263.23
AWS,us-east-1,t3.large,2,8,8,710.6,920.6,14034.0,0,0,90.3,1781.68
AWS,us-east-1,t3.medium,2,4,10,420.8,2737.3,14851.0,1,0,41.8,1726.98
AWS,ap-southeast-1,m6i.4xlarge,16,64,9,375.2,2781.7,10838.1,0,0,83.1,4079.95
GCP,asia-southeast1,n2-standard-16,16,64,6,541.2,348.0,9992.9,0,0,57.5,3737.61
Azure,eastus,D8s_v5,8,32,4,705.0,865.6,3339.4,1,0,46.5,1536.63
Azure,uksouth,D2s_v5,2,8,5,217.6,82.7,10779.9,1,1,46.4,1127.96
Azure,southeastasia,B2ms,2,8,18,204.4,1987.0,2637.3,0,0,17.6,738.9
AWS,us-east-1,t3.large,2,8,20,267.8,670.7,2971.5,1,1,42.5,836.57
GCP,europe-west2,n2-standard-4,4,16,8,341.6,3659.1,6432.2,1,0,30.4,1499.73
GCP,asia-southeast1,e2-standard-2,2,8,6,636.1,1391.9,3373.5,1,1,69.4,764.39
AWS,ap-southeast-1,t3.large,2,8,7,704.1,1116.8,19929.3,1,0,60.8,2224.41
GCP,asia-southeast1,n2-standard-2,2,8,5,524.0,3511.9,3734.9,0,0,32.7,918.35
Azure,southeastasia,D16s_v5,16,64,3,328.2,2671.0,12299.3,1,1,24.2,2261.06
Azure,southeastasia,D4s_v5,4,16,15,343.4,3415.3,11142.4,1,0,40.1,2448.36
GCP,europe-west2,n2-standard-16,16,64,18,270.5,2716.2,16751.8,1,0,42.8,5803.12
AWS,ap-southeast-1,m6i.xlarge,4,16,7,343.8,2128.2,12869.3,0,1,60.5,1847.51
Azure,uksouth,D2s_v5,2,8,17,346.0,3881.4,251.8,0,1,89.7,997.6
Azure,southeastasia,D2s_v5,2,8,1,629.2,1344.0,8944.2,0,0,62.7,953.51
Azure,eastus,D8s_v5,8,32,11,249.7,318.6,18931.6,0,1,47.2,2675.88
GCP,us-central1,e2-standard-2,2,8,12,266.6,682.1,4652.1,0,1,33.9,677.36
Azure,uksouth,B2ms,2,8,12,277.6,3442.4,10243.2,0,1,19.6,1481.69
Azure,uksouth,D8s_v5,8,32,4,414.6,1478.8,8483.0,1,1,56.2,1583.1
GCP,asia-southeast1,e2-medium,2,4,20,246.2,1656.7,4821.8,0,1,84.0,741.46
AWS,us-east-1,t3.medium,2,4,13,481.7,2549.4,15049.2,1,1,66.0,1850.79
AWS,ap-southeast-1,m6i.xlarge,4,16,14,350.1,705.2,2225.0,0,1,12.5,1360.45
Azure,southeastasia,B2ms,2,8,16,661.3,3782.4,1339.1,0,1,67.8,1444.51
AWS,eu-west-2,m6i.large,2,8,13,557.7,549.3,8622.5,1,1,58.3,1628.9
AWS,us-east-1,m6i.large,2,8,18,727.5,1909.9,13036.5,1,0,73.6,2570.73
Azure,uksouth,D8s_v5,8,32,11,260.1,604.7,12296.0,0,0,50.9,2366.9
GCP,europe-west2,n2-standard-16,16,64,7,325.1,1077.3,18162.0,1,1,50.4,3620.04
GCP,europe-west2,n2-standard-16,16,64,16,587.0,1226.1,3261.8,0,0,87.2,8540.98
GCP,europe-west2,n2-standard-8,8,32,11,558.1,2604.7,4958.0,0,0,20.2,3230.58
GCP,us-central1,n2-standard-8,8,32,8,300.4,3156.5,14146.1,1,0,43.3,2360.38
Azure,southeastasia,D2s_v5,2,8,9,307.9,2377.5,13431.5,0,0,87.3,1614.46
AWS,eu-west-2,m6i.large,2,8,9,352.8,1998.8,16216.2,0,1,65.4,1893.62
GCP,us-central1,n2-standard-16,16,64,4,648.7,1286.1,11380.1,0,1,54.0,3079.39
AWS,us-east-1,t3.large,2,8,17,601.9,1149.2,5246.6,1,0,81.1,1433.85
GCP,europe-west2,n2-standard-4,4,16,17,513.6,1211.9,8608.7,1,1,26.8,2744.2
Azure,uksouth,D2s_v5,2,8,12,290.6,584.5,13804.6,0,1,86.7,1543.66
GCP,us-central1,n2-standard-4,4,16,8,362.3,1109.5,17336.2,0,1,28.5,2043.29
GCP,europe-west2,e2-standard-2,2,8,15,675.8,1656.2,17498.0,1,0,12.3,2313.75
AWS,eu-west-2,t3.large,2,8,19,619.2,397.1,5571.2,0,0,90.5,1590.43
Azure,southeastasia,B2ms,2,8,10,481.0,2645.6,204.6,1,1,26.5,773.53
AWS,eu-west-2,t3.medium,2,4,14,681.3,3227.7,15241.5,1,1,68.4,2098.8
GCP,us-central1,n2-standard-8,8,32,8,708.1,2829.4,2132.7,0,0,87.2,2620.53
Azure,eastus,D4s_v5,4,16,7,550.2,1835.4,15210.8,0,0,88.8,2100.62
AWS,us-east-1,t3.large,2,8,9,292.0,1336.3,4461.9,0,1,76.2,729.93
AWS,us-east-1,m6i.2xlarge,8,32,18,379.6,326.6,17178.1,1,0,9.2,4208.29
AWS,eu-west-2,t3.medium,2,4,17,441.6,256.6,933.6,0,1,42.0,451.77
AWS,ap-southeast-1,m6i.2xlarge,8,32,7,445.9,2787.1,11686.4,1,0,88.3,2656.7
AWS,eu-west-2,m6i.2xlarge,8,32,10,414.7,2760.7,12540.4,0,1,28.8,3027.49
Azure,southeastasia,B2ms,2,8,6,393.4,1794.5,8639.7,0,0,73.7,1126.79
AWS,ap-southeast-1,m6i.2xlarge,8,32,15,347.1,20.2,12791.7,1,1,8.7,3477.59
GCP,us-central1,e2-medium,2,4,4,381.0,1354.0,10295.9,0,0,23.6,1024.64
Azure,southeastasia,D4s_v5,4,16,11,736.9,2076.9,5723.6,0,1,70.2,2477.24
Azure,eastus,D2s_v5,2,8,2,206.3,345.5,9754.5,0,1,19.3,917.05
AWS,eu-west-2,m6i.xlarge,4,16,5,646.9,398.3,16738.6,0,1,35.4,2088.73
AWS,us-east-1,m6i.2xlarge,8,32,1,562.3,2927.6,4058.1,0,1,8.8,804.42
AWS,ap-southeast-1,m6i.4xlarge,16,64,7,200.3,399.3,7124.9,0,0,89.1,1858.24
Azure,southeastasia,D8s_v5,8,32,6,313.6,419.3,8223.9,1,0,72.9,1643.78
AWS,eu-west-2,t3.large,2,8,16,272.3,180.2,3300.8,1,1,14.9,767.45
GCP,asia-southeast1,n2-standard-2,2,8,3,740.4,410.1,36.8,0,0,26.3,270.97
AWS,ap-southeast-1,m6i.large,2,8,20,367.1,3784.4,2085.5,0,1,57.6,1287.57
AWS,eu-west-2,t3.medium,2,4,8,415.4,2758.4,6675.7,0,0,83.8,1013.59
Azure,southeastasia,D4s_v5,4,16,4,458.7,3141.3,18580.1,1,0,44.7,2235.89
AWS,eu-west-2,m6i.2xlarge,8,32,1,241.4,664.2,12947.9,0,1,61.3,1294.38
GCP,europe-west2,n2-standard-16,16,64,3,327.5,1738.5,7956.6,0,0,53.1,1651.99
Azure,southeastasia,D16s_v5,16,64,8,457.6,3977.1,17495.3,0,1,46.6,5058.32
Azure,southeastasia,B2ms,2,8,4,613.7,1380.3,17744.2,1,1,87.5,1819.97
AWS,eu-west-2,t3.large,2,8,1,519.7,2356.4,7224.6,0,0,60.9,895.34
AWS,ap-southeast-1,m6i.large,2,8,6,626.1,3246.9,1267.7,0,0,53.3,783.23
GCP,us-central1,e2-standard-2,2,8,18,386.5,2492.4,11402.5,0,1,66.3,1624.76
GCP,us-central1,n2-standard-16,16,64,17,583.3,1183.5,18809.0,0,0,60.7,8936.69
AWS,eu-west-2,t3.large,2,8,7,377.9,1713.8,18700.1,0,1,62.5,1973.96
AWS,us-east-1,m6i.2xlarge,8,32,1,591.7,1343.2,4749.7,0,1,30.0,769.78
Azure,southeastasia,D4s_v5,4,16,12,443.4,2121.5,14258.2,0,0,82.8,2584.93
Azure,eastus,D4s_v5,4,16,17,328.2,3241.2,12733.1,0,1,54.1,2472.57
Azure,uksouth,B2ms,2,8,13,395.2,1539.7,6948.4,0,1,57.2,1160.22
Azure,uksouth,D8s_v5,8,32,1,304.0,3702.4,14334.1,1,1,51.3,1689.73
AWS,eu-west-2,m6i.2xlarge,8,32,18,343.8,1990.7,1803.7,0,0,18.7,2831.33
AWS,us-east-1,m6i.xlarge,4,16,7,379.3,54.2,10659.8,0,1,26.1,1459.49
Azure,uksouth,D16s_v5,16,64,7,716.7,2791.4,12505.9,1,1,77.8,5659.96
GCP,asia-southeast1,e2-medium,2,4,15,564.7,3719.3,7332.9,0,1,55.2,1296.55
Azure,uksouth,D16s_v5,16,64,14,424.9,804.0,9746.3,1,1,39.0,6061.62
AWS,us-east-1,m6i.4xlarge,16,64,13,356.5,2337.8,17718.4,0,1,47.4,5276.01
GCP,europe-west2,n2-standard-8,8,32,12,268.9,3662.1,1232.8,1,1,10.4,1836.76
GCP,asia-southeast1,n2-standard-4,4,16,10,495.2,3579.6,13676.8,0,0,23.1,2443.77
Azure,uksouth,B2ms,2,8,10,183.6,1793.6,6777.6,1,0,79.2,933.47
Azure,southeastasia,D4s_v5,4,16,17,637.8,3343.6,13871.3,0,1,91.2,3895.78
Azure,eastus,D4s_v5,4,16,8,644.3,2776.1,3052.1,1,0,67.5,1559.38
AWS,eu-west-2,m6i.2xlarge,8,32,15,560.6,992.6,6151.5,1,0,90.6,4288.12
GCP,asia-southeast1,n2-standard-16,16,64,11,218.6,2380.1,9634.6,0,0,20.0,3029.39
AWS,eu-west-2,m6i.xlarge,4,16,12,377.8,720.7,11970.9,1,1,92.5,2213.56
AWS,us-east-1,m6i.xlarge,4,16,6,281.0,1018.3,19248.7,0,1,63.3,2067.51
Azure,southeastasia,B2ms,2,8,18,496.0,2650.0,2982.8,1,1,57.9,1384.31
GCP,us-central1,e2-medium,2,4,9,435.5,433.1,17059.1,0,0,86.1,1483.86
Azure,southeastasia,D8s_v5,8,32,10,518.4,360.0,4349.8,0,1,77.9,2784.64
AWS,eu-west-2,m6i.large,2,8,9,269.1,983.8,9687.8,1,1,7.1,1282.82
AWS,eu-west-2,t3.large,2,8,17,637.3,1432.5,13748.9,0,1,87.2,2304.2
GCP,us-central1,n2-standard-8,8,32,7,705.0,686.9,1152.7,1,1,16.4,2152.45
GCP,us-central1,n2-standard-8,8,32,16,300.5,3401.6,19758.0,0,0,57.0,3661.48
Azure,eastus,D2s_v5,2,8,15,699.9,412.0,11434.3,0,0,86.7,2112.3
AWS,ap-southeast-1,m6i.4xlarge,16,64,2,295.8,1134.0,17316.1,0,0,42.7,2071.38
Azure,eastus,D16s_v5,16,64,14,626.1,2792.9,15794.6,0,1,26.4,8566.15
GCP,europe-west2,n2-standard-8,8,32,9,246.2,277.9,18867.0,0,1,62.5,2468.67
GCP,us-central1,n2-standard-4,4,16,1,338.6,3917.9,487.2,0,0,7.3,400.42
Azure,uksouth,D8s_v5,8,32,8,301.8,956.8,16288.9,0,1,41.8,2494.43
Azure,southeastasia,B2ms,2,8,2,616.0,700.4,1336.6,0,1,54.3,300.74
Azure,eastus,D16s_v5,16,64,6,737.4,1989.2,14299.4,1,0,93.5,4894.04
AWS,eu-west-2,t3.large,2,8,18,663.3,2556.0,4625.7,0,0,8.9,1654.35
Azure,southeastasia,D4s_v5,4,16,11,343.3,970.9,15357.7,1,1,68.1,2315.72
AWS,us-east-1,m6i.xlarge,4,16,19,499.0,1089.7,3079.3,1,0,37.2,2248.32
Azure,southeastasia,D8s_v5,8,32,19,572.7,3245.4,13114.8,0,1,19.1,6299.2
GCP,us-central1,n2-standard-16,16,64,3,526.8,201.3,2134.5,0,1,74.7,1426.24
AWS,eu-west-2,t3.large,2,8,13,515.8,3394.7,4005.7,0,0,48.0,1258.05
AWS,us-east-1,t3.large,2,8,12,240.6,1521.9,9923.1,1,0,34.6,1302.13
GCP,europe-west2,e2-medium,2,4,2,425.1,2340.3,17236.5,1,1,28.3,1670.97
AWS,eu-west-2,t3.large,2,8,16,390.3,1103.2,19160.8,0,1,72.4,2259.51
GCP,europe-west2,e2-medium,2,4,18,242.6,2168.6,14042.5,0,0,17.7,1502.8
AWS,eu-west-2,t3.medium,2,4,2,322.8,3258.2,10586.0,0,1,21.3,1273.75
GCP,asia-southeast1,n2-standard-16,16,64,3,339.8,3759.2,19527.3,0,1,71.8,2692.81
AWS,eu-west-2,m6i.4xlarge,16,64,12,435.5,1303.0,10760.7,1,0,85.7,5471.98
Azure,southeastasia,B2ms,2,8,19,617.7,3394.6,17825.6,1,0,18.1,2843.31
Azure,uksouth,B2ms,2,8,15,352.8,146.8,3261.9,1,1,31.3,840.5
GCP,europe-west2,e2-medium,2,4,17,484.5,3412.5,11701.6,0,0,71.2,1546.07
AWS,ap-southeast-1,m6i.2xlarge,8,32,10,225.7,250.4,17625.0,0,0,20.4,2480.0
AWS,ap-southeast-1,m6i.xlarge,4,16,1,643.5,430.6,6703.0,0,0,86.6,764.98
Azure,eastus,B2ms,2,8,8,551.4,532.7,13164.6,0,1,28.5,1526.01
GCP,us-central1,e2-medium,2,4,15,475.9,1706.7,7208.9,1,0,42.9,1038.04
GCP,asia-southeast1,n2-standard-4,4,16,14,273.4,523.8,7531.6,0,0,9.9,1442.51
Azure,eastus,D2s_v5,2,8,6,417.6,3172.5,3171.0,0,1,72.7,773.78
AWS,eu-west-2,m6i.2xlarge,8,32,12,522.4,3134.2,11783.1,0,1,63.1,3941.57
AWS,ap-southeast-1,m6i.large,2,8,14,641.4,3964.1,3125.0,0,0,7.6,1614.57
Azure,eastus,B2ms,2,8,14,731.2,3655.8,9480.1,0,1,93.1,1946.13
AWS,us-east-1,m6i.large,2,8,12,260.7,3790.8,17915.9,0,1,36.3,2118.65
AWS,eu-west-2,m6i.4xlarge,16,64,20,252.6,2601.1,18303.5,1,1,76.5,6040.43
GCP,asia-southeast1,n2-standard-16,16,64,11,612.4,675.5,14298.3,0,1,10.4,6893.48
Azure,southeastasia,D2s_v5,2,8,8,442.0,2918.9,10461.9,0,0,45.6,1534.57
AWS,eu-west-2,t3.large,2,8,6,591.9,2495.3,16163.7,0,0,30.9,1863.62
GCP,europe-west2,n2-standard-8,8,32,12,478.0,940.7,1234.8,1,0,85.5,2634.25
AWS,eu-west-2,t3.large,2,8,1,266.2,955.7,14734.9,0,1,57.5,1357.78
GCP,europe-west2,n2-standard-4,4,16,6,551.8,2620.2,9749.5,1,1,78.8,1822.94
GCP,asia-southeast1,n2-standard-8,8,32,6,472.1,480.5,915.3,1,0,28.2,1412.25
AWS,eu-west-2,t3.large,2,8,9,638.0,911.3,18188.1,0,1,91.1,2143.95
GCP,us-central1,n2-standard-8,8,32,5,686.6,1315.1,14453.3,1,0,41.8,2642.24
GCP,asia-southeast1,n2-standard-2,2,8,7,627.5,2013.3,13769.7,1,1,39.3,1835.47
AWS,us-east-1,m6i.2xlarge,8,32,1,637.3,887.4,9471.2,0,1,35.8,1182.42
AWS,us-east-1,m6i.xlarge,4,16,20,485.5,1835.9,2649.7,0,1,16.4,2240.04
Azure,southeastasia,D4s_v5,4,16,14,212.0,243.7,14771.7,1,1,91.6,1958.07
Azure,southeastasia,D16s_v5,16,64,6,365.4,1863.0,11083.3,1,1,91.7,3186.46
GCP,asia-southeast1,e2-medium,2,4,17,481.8,2590.0,9145.0,0,1,48.4,1309.61
AWS,ap-southeast-1,m6i.large,2,8,8,256.6,3248.7,4237.9,0,1,13.2,885.3
AWS,us-east-1,m6i.4xlarge,16,64,1,601.7,1600.7,18905.9,1,0,66.5,2265.61
Azure,southeastasia,D16s_v5,16,64,13,491.0,1604.8,8706.8,1,1,90.3,6533.7
GCP,asia-southeast1,n2-standard-16,16,64,18,582.0,2619.9,17971.8,0,0,42.4,10333.77
GCP,europe-west2,n2-standard-4,4,16,16,292.2,3712.9,11962.0,1,0,88.5,2323.31
Azure,eastus,D2s_v5,2,8,6,346.4,3463.7,1212.0,1,1,69.5,636.17
GCP,asia-southeast1,n2-standard-8,8,32,11,735.3,1210.0,9498.5,0,0,36.0,4420.78
Azure,uksouth,D2s_v5,2,8,13,555.2,772.0,9089.5,1,1,17.6,1680.64
Azure,eastus,D4s_v5,4,16,15,459.7,173.6,13321.6,0,0,13.6,2436.38
Azure,southeastasia,D16s_v5,16,64,14,198.2,481.3,15275.4,1,1,13.9,3917.42
GCP,asia-southeast1,n2-standard-16,16,64,3,286.3,873.9,9475.6,0,0,30.6,1623.96
Azure,eastus,D8s_v5,8,32,17,547.5,3633.7,5880.3,1,1,19.4,4591.43
GCP,asia-southeast1,n2-standard-8,8,32,20,489.6,2649.3,4770.1,1,1,65.3,4978.78
Azure,eastus,D4s_v5,4,16,13,701.9,853.1,5272.5,1,0,45.9,2383.93
Azure,southeastasia,D4s_v5,4,16,12,368.9,850.6,8797.8,0,0,22.2,1854.71
GCP,asia-southeast1,e2-standard-2,2,8,1,631.7,1135.0,784.4,1,0,26.0,272.77
GCP,us-central1,n2-standard-4,4,16,18,424.0,3792.3,1837.4,1,1,28.0,2039.69
AWS,eu-west-2,m6i.4xlarge,16,64,8,319.1,1474.0,12703.6,0,1,81.8,3346.13
Azure,uksouth,D16s_v5,16,64,13,603.0,166.8,4272.0,1,0,7.5,7045.88
AWS,ap-southeast-1,m6i.xlarge,4,16,3,309.7,1633.3,1969.6,0,1,57.7,527.34
Azure,eastus,B2ms,2,8,12,374.8,199.9,1298.1,1,0,81.6,558.43
AWS,us-east-1,t3.medium,2,4,4,371.2,2607.3,5703.3,1,0,66.3,848.33
AWS,ap-southeast-1,t3.large,2,8,6,364.9,2445.8,13018.9,1,1,25.4,1625.68
GCP,asia-southeast1,e2-medium,2,4,6,677.4,3536.9,10514.1,0,1,16.4,1368.31
Azure,southeastasia,D2s_v5,2,8,5,443.3,49.4,3630.1,1,0,57.8,624.02
Azure,southeastasia,B2ms,2,8,6,484.6,594.1,12904.8,0,1,45.3,1430.14
AWS,ap-southeast-1,m6i.xlarge,4,16,12,639.8,116.5,5026.2,0,1,41.4,2072.7
GCP,us-central1,e2-standard-2,2,8,10,386.4,179.4,13854.9,0,1,91.9,1372.38
Azure,uksouth,D4s_v5,4,16,2,487.7,1059.2,1400.5,1,1,88.0,474.64
AWS,ap-southeast-1,m6i.large,2,8,11,497.6,3723.3,14949.1,1,0,56.4,2268.35
AWS,us-east-1,t3.large,2,8,13,252.1,3408.2,15726.5,1,1,50.6,2013.12
GCP,europe-west2,e2-medium,2,4,12,732.9,2408.6,9874.3,0,0,86.1,1343.27
AWS,us-east-1,m6i.4xlarge,16,64,3,307.9,2093.8,16770.2,0,1,81.4,2306.64
Azure,uksouth,B2ms,2,8,14,250.7,272.1,15608.1,0,0,15.4,1594.19
GCP,us-central1,e2-standard-2,2,8,12,527.2,1713.7,2705.7,1,1,5.3,877.01
Azure,southeastasia,D16s_v5,16,64,4,329.7,3198.3,19899.1,0,1,45.8,3034.1
Azure,eastus,D16s_v5,16,64,9,647.8,1095.2,14767.9,0,1,31.0,5880.3
Azure,eastus,D2s_v5,2,8,5,297.7,457.6,13179.9,0,1,14.4,1294.41
GCP,europe-west2,n2-standard-2,2,8,8,580.6,3091.4,9234.4,1,0,37.2,1560.33
Azure,uksouth,D4s_v5,4,16,11,195.0,2442.0,7170.7,0,1,55.1,1276.19
Azure,eastus,B2ms,2,8,2,410.8,3018.2,3040.4,0,1,51.4,568.33
GCP,asia-southeast1,n2-standard-16,16,64,1,219.0,1108.5,7629.0,1,0,20.0,992.36
Azure,southeastasia,B2ms,2,8,5,607.8,3992.8,4957.1,0,0,71.1,1059.27
Azure,eastus,D8s_v5,8,32,7,248.1,2712.2,6791.2,0,1,46.3,1494.43
GCP,europe-west2,n2-standard-2,2,8,10,727.6,1093.6,13770.3,1,0,78.5,2040.24
GCP,us-central1,e2-medium,2,4,9,649.3,1353.6,13220.5,0,0,68.5,1364.72
GCP,us-central1,n2-standard-8,8,32,13,539.6,2192.6,19501.8,1,1,80.5,4528.22
GCP,europe-west2,n2-standard-2,2,8,15,703.5,3289.9,12663.0,0,1,11.8,2525.85
GCP,asia-southeast1,n2-standard-16,16,64,10,409.0,597.3,2053.4,1,0,51.9,3849.0
Azure,eastus,B2ms,2,8,5,376.5,1931.5,16788.9,0,0,40.0,1653.69
AWS,eu-west-2,m6i.xlarge,4,16,8,364.4,1309.2,16570.0,0,1,55.2,2130.21
AWS,us-east-1,m6i.xlarge,4,16,4,670.9,382.2,4260.5,0,1,58.6,927.29
GCP,us-central1,n2-standard-2,2,8,2,248.4,255.1,15815.1,0,1,65.7,1344.93
GCP,asia-southeast1,e2-medium,2,4,19,405.3,2763.9,5412.6,0,0,61.7,984.04
AWS,eu-west-2,m6i.4xlarge,16,64,9,427.5,2966.5,19532.5,0,1,50.0,5037.51
AWS,ap-southeast-1,t3.large,2,8,2,457.5,427.8,10210.3,1,1,90.9,1116.54
AWS,us-east-1,t3.large,2,8,9,512.8,3862.5,12795.0,0,1,31.0,1823.69
Azure,eastus,B2ms,2,8,1,435.9,1822.5,18925.1,1,0,57.7,1737.93
GCP,us-central1,n2-standard-4,4,16,19,190.0,1354.1,10461.3,0,1,91.8,1691.45
AWS,us-east-1,t3.medium,2,4,20,569.9,3303.5,12686.5,1,0,81.3,1893.38
GCP,asia-southeast1,n2-standard-4,4,16,13,722.5,3758.0,17939.9,0,0,59.4,3742.01
AWS,eu-west-2,m6i.4xlarge,16,64,19,297.1,3409.3,8810.9,1,1,62.4,5914.0
Azure,southeastasia,B2ms,2,8,10,576.9,645.4,1119.5,1,1,73.5,769.18
GCP,europe-west2,e2-medium,2,4,16,601.3,996.1,18218.1,0,1,56.5,1882.17
AWS,eu-west-2,t3.large,2,8,15,459.9,1435.3,9256.9,0,0,18.6,1564.81
Azure,southeastasia,B2ms,2,8,10,447.9,2264.2,12267.6,1,0,49.6,1735.73
GCP,europe-west2,e2-medium,2,4,1,527.9,3325.8,9990.0,0,0,35.2,1141.48
Azure,southeastasia,D4s_v5,4,16,9,729.5,3711.1,8790.1,1,0,38.1,2637.55
AWS,eu-west-2,t3.large,2,8,2,393.6,3190.9,12027.5,0,0,76.7,1390.99
GCP,asia-southeast1,e2-medium,2,4,6,385.0,2217.1,4775.2,0,1,35.2,694.54
AWS,ap-southeast-1,m6i.large,2,8,7,606.2,3609.9,3287.9,0,1,45.4,1081.46
GCP,asia-southeast1,n2-standard-8,8,32,16,564.9,1645.9,5345.4,1,0,55.8,4592.28
GCP,europe-west2,n2-standard-16,16,64,9,552.3,2932.1,19829.2,0,1,78.0,5934.98
AWS,eu-west-2,m6i.2xlarge,8,32,12,518.1,2109.2,17506.1,0,1,14.3,4281.1
Azure,southeastasia,D8s_v5,8,32,3,544.4,2739.4,4362.4,1,0,42.8,1448.6
AWS,ap-southeast-1,m6i.4xlarge,16,64,4,427.8,1091.9,6003.3,1,0,30.8,2154.83
Azure,southeastasia,D16s_v5,16,64,4,664.4,3130.1,7436.4,0,0,37.2,3249.46
Azure,southeastasia,B2ms,2,8,4,710.1,1013.3,18552.4,0,0,41.0,1860.81
AWS,us-east-1,m6i.large,2,8,3,596.7,2134.3,8978.7,0,1,79.2,1169.8
GCP,asia-southeast1,e2-medium,2,4,19,475.8,2046.7,7819.5,0,1,49.8,1191.05
Azure,eastus,D8s_v5,8,32,12,665.2,3403.7,9702.4,1,1,88.3,4384.2
AWS,us-east-1,m6i.large,2,8,17,576.3,2901.6,2992.6,1,0,21.0,1504.33
Azure,southeastasia,D16s_v5,16,64,10,269.2,2121.9,834.0,1,1,68.4,2712.81
AWS,eu-west-2,m6i.2xlarge,8,32,17,193.3,37.2,5995.9,0,0,33.4,1865.67
Azure,eastus,D2s_v5,2,8,7,188.9,407.4,17487.0,0,0,80.1,1582.84
AWS,eu-west-2,t3.large,2,8,8,255.6,431.4,500.3,1,1,66.9,337.18
GCP,europe-west2,n2-standard-8,8,32,8,339.9,475.8,10845.9,0,0,88.8,2164.39
GCP,us-central1,n2-standard-16,16,64,17,587.5,3773.2,5755.3,0,1,44.3,8845.34
Azure,uksouth,D8s_v5,8,32,3,712.6,2658.7,3855.6,1,1,65.4,1538.7
AWS,ap-southeast-1,t3.medium,2,4,14,443.3,1059.0,1270.5,1,0,56.9,556.98
Azure,eastus,D4s_v5,4,16,16,298.8,1545.9,12932.1,1,0,80.2,2197.62
AWS,us-east-1,t3.medium,2,4,8,322.1,2901.4,6811.3,0,0,36.8,938.9
AWS,eu-west-2,t3.large,2,8,8,719.6,2516.7,13151.1,1,1,47.0,1922.85
Azure,southeastasia,B2ms,2,8,14,266.9,3964.0,5385.9,0,0,60.4,1162.6
GCP,asia-southeast1,n2-standard-16,16,64,19,567.4,2889.0,7436.0,0,0,38.0,10421.62
GCP,us-central1,n2-standard-16,16,64,5,304.4,2365.1,12855.3,1,1,27.5,2478.22
GCP,asia-southeast1,e2-standard-2,2,8,4,322.3,3779.2,5979.7,0,1,39.9,964.98
Azure,southeastasia,D2s_v5,2,8,8,625.9,3920.1,10270.6,0,0,72.8,1764.24
GCP,europe-west2,n2-standard-16,16,64,7,353.4,3041.2,17739.6,0,0,76.5,3833.13
GCP,us-central1,n2-standard-16,16,64,1,469.6,1651.8,17634.3,0,1,6.6,1914.63
AWS,eu-west-2,m6i.2xlarge,8,32,13,689.4,899.4,15718.2,0,1,6.5,5125.72
GCP,europe-west2,n2-standard-2,2,8,13,657.8,2535.2,15473.6,0,1,8.6,2419.82
Azure,uksouth,B2ms,2,8,18,388.8,1118.4,13341.0,0,0,13.2,1788.77
GCP,asia-southeast1,n2-standard-2,2,8,12,489.2,389.8,8603.8,0,1,21.8,1405.9
Azure,eastus,D16s_v5,16,64,15,339.8,2747.5,476.2,1,1,7.5,4379.43
AWS,ap-southeast-1,m6i.xlarge,4,16,5,361.7,3352.1,8644.0,1,1,14.8,1564.25
Azure,eastus,D8s_v5,8,32,2,243.0,1207.8,9681.3,1,1,85.3,1200.19
AWS,us-east-1,m6i.large,2,8,15,410.2,2301.9,14059.7,1,0,74.5,2045.7
Azure,eastus,D16s_v5,16,64,10,463.5,3249.1,11280.3,1,1,67.3,4984.91
AWS,ap-southeast-1,m6i.xlarge,4,16,12,523.9,2959.4,12513.1,0,0,88.4,2626.65
GCP,europe-west2,n2-standard-8,8,32,11,687.8,1419.0,16106.1,0,1,40.7,4587.66
GCP,asia-southeast1,e2-standard-2,2,8,13,722.9,1236.3,15074.8,0,0,57.9,1992.98
Azure,eastus,B2ms,2,8,19,368.4,933.8,13052.5,0,1,64.4,1684.23
Azure,uksouth,D2s_v5,2,8,8,277.7,1212.2,17171.5,1,1,22.9,1824.5
AWS,eu-west-2,m6i.4xlarge,16,64,2,496.5,2038.2,9123.5,0,0,16.4,1800.35
Azure,southeastasia,B2ms,2,8,6,687.3,2944.1,5846.5,1,1,88.9,1196.19
GCP,us-central1,n2-standard-4,4,16,1,234.5,2530.3,10270.0,0,0,20.8,1100.35
Azure,uksouth,D16s_v5,16,64,19,417.3,2445.5,11048.4,0,1,49.5,7792.96
GCP,asia-southeast1,e2-standard-2,2,8,6,190.5,2952.2,2296.9,1,1,46.9,610.06
GCP,us-central1,n2-standard-2,2,8,7,701.5,1696.1,3773.1,0,0,50.5,933.94
Azure,eastus,D8s_v5,8,32,7,377.6,3882.9,8012.7,1,0,23.8,2068.52
AWS,us-east-1,m6i.large,2,8,15,348.2,1681.0,9021.0,0,0,71.7,1453.27
AWS,ap-southeast-1,t3.large,2,8,6,612.6,3402.7,8615.9,0,1,16.5,1457.38
GCP,europe-west2,e2-standard-2,2,8,9,375.4,1881.6,11641.0,0,0,66.6,1348.07
GCP,us-central1,n2-standard-8,8,32,14,625.8,2541.4,17242.3,0,1,65.5,4898.48
Azure,eastus,D8s_v5,8,32,9,570.0,2632.0,7650.8,0,0,25.8,3034.81
AWS,us-east-1,m6i.4xlarge,16,64,16,348.2,1880.6,1686.9,1,1,89.0,4623.68
AWS,us-east-1,m6i.xlarge,4,16,1,355.4,3748.8,8544.7,0,1,17.2,1163.64
GCP,us-central1,n2-standard-4,4,16,11,455.9,2019.1,17170.9,1,0,56.1,2557.89
AWS,us-east-1,m6i.4xlarge,16,64,1,706.9,3468.6,19671.0,0,0,23.8,2446.68
AWS,eu-west-2,m6i.xlarge,4,16,1,564.9,358.3,10077.8,0,0,49.1,1019.89
GCP,europe-west2,n2-standard-8,8,32,12,252.3,384.1,16382.7,1,1,42.1,2784.33
AWS,ap-southeast-1,m6i.large,2,8,14,557.8,1104.6,7222.5,1,1,12.0,1648.08
GCP,europe-west2,n2-standard-2,2,8,4,300.4,1948.6,6395.6,1,0,30.2,851.03
GCP,asia-southeast1,n2-standard-4,4,16,13,336.6,2148.0,17220.6,0,1,8.9,2469.04
Azure,eastus,D16s_v5,16,64,10,374.0,2591.9,19033.7,0,0,91.3,4729.21
AWS,us-east-1,m6i.xlarge,4,16,8,552.5,3209.7,18759.8,0,1,30.3,2621.71
GCP,europe-west2,n2-standard-16,16,64,14,536.7,796.6,8924.1,1,1,24.3,7296.5
AWS,ap-southeast-1,m6i.2xlarge,8,32,5,243.4,1798.3,3604.1,1,1,33.2,1073.14
Azure,eastus,B2ms,2,8,19,707.2,77.0,10377.7,1,0,50.8,2100.4
AWS,us-east-1,m6i.4xlarge,16,64,16,356.6,983.2,3576.7,0,1,24.6,4758.61
GCP,asia-southeast1,n2-standard-2,2,8,18,380.4,3221.6,3044.7,0,0,47.5,1256.2
GCP,europe-west2,e2-standard-2,2,8,6,668.2,1528.9,5681.6,0,1,26.8,929.05
Azure,southeastasia,D16s_v5,16,64,8,427.7,2904.9,2154.9,1,0,54.0,3595.65
GCP,asia-southeast1,n2-standard-16,16,64,12,692.5,3543.8,7276.9,0,1,78.0,8327.92
Azure,uksouth,D2s_v5,2,8,20,304.7,2949.5,277.9,0,1,38.6,902.14
GCP,europe-west2,e2-medium,2,4,2,383.9,2230.5,16909.1,0,1,69.8,1602.13
GCP,asia-southeast1,e2-standard-2,2,8,19,590.3,1736.5,9962.3,1,0,28.0,1859.36
AWS,eu-west-2,m6i.xlarge,4,16,18,565.0,1033.2,5299.0,1,0,91.1,2725.0
AWS,eu-west-2,t3.medium,2,4,11,393.1,1595.0,16124.3,0,1,11.8,1721.59
AWS,eu-west-2,m6i.4xlarge,16,64,18,259.6,3234.6,17909.9,1,1,27.2,5700.47
GCP,europe-west2,n2-standard-2,2,8,2,679.5,3031.3,15889.0,0,1,70.8,1673.98
Azure,eastus,D8s_v5,8,32,6,418.6,2180.8,3610.6,0,0,36.9,1484.9
Azure,uksouth,D2s_v5,2,8,10,434.1,3670.4,9247.1,1,1,8.1,1663.13
Azure,eastus,D4s_v5,4,16,5,490.4,2852.4,4063.6,1,1,37.1,1118.81
Azure,uksouth,D16s_v5,16,64,15,692.6,2385.4,4517.2,1,0,23.9,9721.06
GCP,asia-southeast1,e2-standard-2,2,8,4,602.4,599.5,13327.4,1,0,9.5,1400.07
AWS,ap-southeast-1,m6i.2xlarge,8,32,16,500.0,1699.1,8710.8,0,0,65.6,4452.26
AWS,us-east-1,t3.large,2,8,11,700.4,891.5,6909.6,1,0,74.0,1384.98
GCP,us-central1,e2-standard-2,2,8,17,614.7,3890.4,9048.8,1,1,74.4,1839.0
GCP,europe-west2,e2-standard-2,2,8,1,189.5,2636.0,14144.2,0,0,16.8,1317.17
GCP,asia-southeast1,n2-standard-4,4,16,9,622.8,2332.8,14617.5,0,0,73.2,2606.2
GCP,us-central1,n2-standard-16,16,64,16,636.1,3825.1,18736.6,1,0,84.8,9628.87
GCP,us-central1,n2-standard-4,4,16,12,735.3,1894.6,19068.8,0,1,19.4,3299.99
AWS,ap-southeast-1,m6i.large,2,8,18,410.0,3750.1,3996.9,1,0,89.7,1532.33
Azure,southeastasia,B2ms,2,8,8,250.8,3161.9,16780.8,0,1,63.7,1809.88
GCP,asia-southeast1,e2-standard-2,2,8,17,328.8,1626.7,16233.0,0,1,50.4,1889.0
AWS,eu-west-2,t3.large,2,8,4,626.9,1894.2,17893.6,0,0,9.4,1921.74
Azure,uksouth,D16s_v5,16,64,6,496.8,3007.0,9866.3,0,1,31.9,3647.62
AWS,ap-southeast-1,m6i.4xlarge,16,64,16,263.5,616.1,140.6,1,1,45.6,3758.52
Azure,uksouth,D16s_v5,16,64,17,523.7,701.5,500.7,0,1,73.0,7747.45
AWS,us-east-1,t3.medium,2,4,18,382.0,2607.3,11364.5,0,1,59.0,1520.73
AWS,us-east-1,m6i.xlarge,4,16,10,689.3,2570.2,12262.6,0,1,25.9,2598.14
AWS,eu-west-2,t3.medium,2,4,15,535.1,1655.8,11777.4,0,1,55.8,1564.86
GCP,us-central1,n2-standard-4,4,16,5,394.3,3116.6,13485.7,1,0,16.4,1788.29
Azure,eastus,D2s_v5,2,8,9,549.9,1205.1,6464.5,0,0,87.1,1133.13
Azure,southeastasia,D16s_v5,16,64,6,325.6,922.0,697.1,0,0,6.4,1920.78
AWS,ap-southeast-1,m6i.xlarge,4,16,17,519.6,3426.0,2934.1,0,1,32.3,2469.91
Azure,eastus,D16s_v5,16,64,8,374.1,2963.9,6227.7,1,1,87.9,3207.77
Azure,southeastasia,B2ms,2,8,17,672.4,2418.9,1709.3,1,0,51.5,1491.01
Azure,eastus,D2s_v5,2,8,9,234.5,1469.8,13604.0,0,1,60.8,1454.06
Azure,southeastasia,D2s_v5,2,8,4,528.0,3603.8,15030.5,1,1,47.2,1852.56
AWS,us-east-1,t3.medium,2,4,15,240.2,2195.9,868.8,1,1,52.7,461.96
Azure,uksouth,B2ms,2,8,2,379.9,22.6,16509.1,1,0,68.8,1470.16
AWS,eu-west-2,m6i.large,2,8,1,352.6,303.5,6989.3,0,1,86.7,699.29
GCP,europe-west2,e2-standard-2,2,8,5,563.4,3297.4,9474.9,0,1,90.9,1299.38
Azure,eastus,B2ms,2,8,7,252.1,1625.4,9824.3,0,0,38.4,1100.91
Azure,eastus,D8s_v5,8,32,14,283.9,2578.5,17588.4,0,1,63.3,3276.97
GCP,us-central1,e2-standard-2,2,8,1,547.3,157.6,16505.4,1,1,73.8,1390.61
AWS,us-east-1,m6i.xlarge,4,16,9,413.4,3284.5,5288.5,0,0,58.9,1445.25
GCP,us-central1,n2-standard-2,2,8,20,361.8,2075.9,10864.5,0,0,67.8,1819.86
GCP,us-central1,n2-standard-4,4,16,9,645.4,3013.8,3640.8,1,0,45.0,1715.4
GCP,us-central1,n2-standard-8,8,32,4,280.8,156.7,7977.9,0,0,26.4,1113.57
AWS,eu-west-2,m6i.2xlarge,8,32,2,692.8,279.6,18745.5,0,0,24.8,2084.79
Azure,eastus,D2s_v5,2,8,11,518.6,3299.1,12898.3,0,1,54.7,1857.2
GCP,asia-southeast1,n2-standard-8,8,32,3,277.9,491.2,2746.1,1,1,67.6,722.84
Azure,southeastasia,D4s_v5,4,16,9,215.8,3379.9,16853.5,1,1,84.3,2155.48
Azure,eastus,D16s_v5,16,64,20,400.6,526.0,7555.8,0,1,29.7,7061.45
AWS,us-east-1,m6i.4xlarge,16,64,12,507.7,3831.8,18806.4,1,0,91.9,6604.62
AWS,us-east-1,m6i.4xlarge,16,64,5,571.2,2054.7,9875.6,0,1,76.0,3312.01
AWS,us-east-1,m6i.xlarge,4,16,6,542.7,2222.7,16382.0,0,0,54.7,2160.93
AWS,ap-southeast-1,t3.medium,2,4,8,444.7,2116.3,16017.4,0,1,93.0,1689.16
AWS,us-east-1,m6i.xlarge,4,16,12,476.2,922.4,14410.0,1,0,80.2,2513.11
Azure,southeastasia,D16s_v5,16,64,7,333.6,1641.8,11468.8,0,0,54.4,3298.23
GCP,europe-west2,n2-standard-16,16,64,2,261.7,1878.5,10175.8,0,1,43.7,1473.66
AWS,eu-west-2,m6i.4xlarge,16,64,16,486.4,3490.1,15095.3,0,0,70.6,7811.66
AWS,us-east-1,m6i.4xlarge,16,64,17,645.5,455.0,3103.9,1,0,70.2,8695.78
GCP,europe-west2,e2-standard-2,2,8,5,658.2,1074.6,17160.5,0,1,48.2,1703.4
AWS,ap-southeast-1,t3.large,2,8,2,739.2,1535.3,4914.1,1,0,13.5,768.15
GCP,europe-west2,n2-standard-4,4,16,13,396.5,3137.2,5273.9,1,1,89.8,1877.83
Azure,eastus,B2ms,2,8,2,739.1,546.2,16463.9,0,0,32.2,1458.32
AWS,us-east-1,t3.medium,2,4,20,233.7,2490.2,19166.6,1,0,29.9,2018.23
AWS,us-east-1,m6i.4xlarge,16,64,3,200.2,1693.6,13938.7,1,1,18.7,1876.14
GCP,us-central1,e2-medium,2,4,10,460.2,3783.9,14561.5,0,0,93.1,1598.78
AWS,us-east-1,m6i.4xlarge,16,64,8,457.4,3302.1,10829.0,0,1,57.1,4028.96
GCP,europe-west2,n2-standard-8,8,32,4,623.0,2564.8,3838.2,1,0,71.0,1677.57
Azure,southeastasia,D2s_v5,2,8,3,352.0,66.8,9751.2,1,0,91.9,990.46
Azure,eastus,D4s_v5,4,16,15,721.8,2103.2,6678.6,1,1,81.9,2954.07
AWS,us-east-1,m6i.4xlarge,16,64,6,652.0,849.6,13772.6,1,1,51.8,4317.52
Azure,uksouth,D4s_v5,4,16,2,220.1,3648.7,19268.1,0,1,12.1,1937.77
AWS,us-east-1,m6i.xlarge,4,16,8,242.2,565.0,14260.7,1,1,57.4,1703.59
Azure,uksouth,B2ms,2,8,13,190.8,947.4,9010.0,0,1,84.1,1085.13
GCP,europe-west2,e2-standard-2,2,8,12,242.3,3756.0,2671.5,1,1,29.2,833.93
GCP,asia-southeast1,n2-standard-8,8,32,5,602.2,837.5,15281.5,1,1,79.4,2684.49
Azure,uksouth,B2ms,2,8,1,531.6,3190.3,19927.5,0,1,78.7,1936.57
AWS,us-east-1,t3.large,2,8,9,593.0,1450.6,1178.3,1,1,79.8,744.07
Azure,southeastasia,B2ms,2,8,7,350.7,2977.4,7291.6,0,0,94.1,1110.12
GCP,asia-southeast1,n2-standard-2,2,8,1,574.7,424.5,10921.9,1,1,76.3,1089.94
Azure,eastus,D4s_v5,4,16,17,277.9,750.6,13944.5,0,1,27.7,2162.95
Azure,eastus,D4s_v5,4,16,19,396.4,1705.8,9885.3,1,1,67.2,2545.69
AWS,eu-west-2,t3.large,2,8,17,352.7,2208.0,4513.7,1,1,64.2,1198.25
Azure,uksouth,D8s_v5,8,32,17,460.7,315.4,3761.2,1,1,7.8,3799.88
GCP,europe-west2,e2-standard-2,2,8,12,528.4,3260.3,570.7,1,1,8.8,868.29
GCP,us-central1,e2-medium,2,4,12,497.3,3230.5,1558.0,0,1,32.1,598.55
AWS,us-east-1,m6i.xlarge,4,16,19,250.6,823.5,12227.4,1,0,85.5,2050.63
GCP,us-central1,e2-standard-2,2,8,1,409.0,3399.3,18703.9,0,0,43.4,1743.88
Azure,southeastasia,D16s_v5,16,64,10,583.7,3174.5,18017.5,0,0,86.1,7143.34
GCP,europe-west2,e2-medium,2,4,12,683.9,2534.0,18626.9,1,1,24.9,2022.27
AWS,eu-west-2,m6i.4xlarge,16,64,4,316.8,2916.4,13523.4,1,1,69.8,2590.5
Azure,uksouth,D4s_v5,4,16,16,527.5,2878.2,5008.0,0,1,82.4,2495.9
GCP,us-central1,n2-standard-16,16,64,11,368.1,1250.0,1251.0,0,1,40.4,3279.39
Azure,southeastasia,D16s_v5,16,64,12,495.6,29.4,1712.1,0,1,93.5,5409.58
Azure,eastus,D4s_v5,4,16,8,567.2,1176.7,5479.3,1,1,25.7,1541.4
GCP,asia-southeast1,n2-standard-8,8,32,14,237.1,1477.3,19848.3,0,0,12.1,3129.0
AWS,us-east-1,m6i.large,2,8,2,690.6,2284.7,6142.6,0,0,56.6,862.23
Azure,uksouth,D8s_v5,8,32,14,235.0,3036.3,4171.8,0,1,55.8,2031.33
GCP,us-central1,e2-medium,2,4,6,583.2,3696.1,11450.1,1,1,40.0,1417.11
GCP,europe-west2,n2-standard-2,2,8,9,306.9,3954.8,1714.1,0,0,55.0,784.82
AWS,ap-southeast-1,m6i.4xlarge,16,64,17,332.8,1091.6,16562.2,0,0,38.8,6236.02
Azure,uksouth,D8s_v5,8,32,9,458.1,3715.2,9897.4,1,1,5.8,3003.76
Azure,uksouth,D2s_v5,2,8,11,436.8,2403.4,4530.1,1,0,92.7,1180.26
GCP,asia-southeast1,n2-standard-4,4,16,5,735.0,3341.9,18719.9,1,0,80.4,2606.68
GCP,europe-west2,n2-standard-8,8,32,12,415.6,2417.7,2206.4,0,0,83.1,2493.24
Azure,uksouth,B2ms,2,8,14,682.2,567.7,12946.0,1,0,63.3,2078.92
AWS,eu-west-2,m6i.2xlarge,8,32,1,288.2,2577.7,17536.7,0,0,61.7,1794.59
GCP,asia-southeast1,e2-standard-2,2,8,19,362.4,2998.5,13861.0,0,1,49.4,1923.43
GCP,asia-southeast1,n2-standard-2,2,8,12,491.3,808.9,12324.2,1,0,71.2,1826.64
GCP,asia-southeast1,e2-standard-2,2,8,1,634.6,2252.3,4767.9,1,0,89.3,714.19
Azure,southeastasia,D4s_v5,4,16,7,415.1,3278.9,7891.4,0,0,18.8,1591.85
GCP,europe-west2,e2-standard-2,2,8,5,250.8,1692.3,3968.3,1,1,60.7,638.55
GCP,europe-west2,n2-standard-8,8,32,4,546.9,2612.8,19737.2,0,1,83.0,2790.26
Azure,uksouth,D2s_v5,2,8,10,598.7,912.5,13451.0,0,0,21.9,1836.59
AWS,ap-southeast-1,t3.large,2,8,20,703.3,211.7,13301.3,1,0,90.4,2491.41
GCP,europe-west2,e2-standard-2,2,8,9,664.3,1865.1,11284.9,1,1,69.4,1618.29
Azure,eastus,D16s_v5,16,64,19,302.9,3404.0,19184.9,0,0,9.2,6532.32
Azure,uksouth,D2s_v5,2,8,6,279.0,1122.8,9960.4,0,1,35.9,1131.59
AWS,ap-southeast-1,m6i.xlarge,4,16,8,319.0,2725.1,12191.5,0,1,50.0,1876.13
GCP,asia-southeast1,e2-medium,2,4,16,681.2,2566.6,5394.9,0,1,90.7,1109.76
GCP,asia-southeast1,e2-standard-2,2,8,18,381.4,908.7,2244.8,1,1,53.0,836.56
AWS,eu-west-2,m6i.2xlarge,8,32,2,601.3,1084.9,12821.7,0,0,6.4,1700.17
AWS,us-east-1,m6i.4xlarge,16,64,20,372.7,2508.5,6160.2,0,1,21.9,6587.94
Azure,uksouth,D16s_v5,16,64,4,337.7,1680.8,15910.9,1,1,27.3,2682.06
GCP,us-central1,n2-standard-16,16,64,3,362.0,1225.6,7565.5,1,1,40.5,1626.29
Azure,uksouth,D8s_v5,8,32,14,677.2,3576.6,8538.7,0,1,58.5,5170.06
GCP,europe-west2,n2-standard-2,2,8,3,186.7,3879.7,759.7,1,1,61.4,524.14
GCP,asia-southeast1,n2-standard-8,8,32,18,514.3,3130.5,2904.4,1,0,21.9,4552.91
AWS,ap-southeast-1,t3.large,2,8,5,688.7,2241.6,4137.1,0,0,48.7,898.83
AWS,us-east-1,m6i.4xlarge,16,64,6,604.2,20.9,5895.3,1,0,44.3,3387.95
AWS,ap-southeast-1,t3.large,2,8,4,370.7,703.9,3639.6,1,1,44.7,597.21
Azure,uksouth,B2ms,2,8,16,180.0,3815.0,264.4,1,0,83.5,612.79
GCP,asia-southeast1,e2-medium,2,4,15,439.4,2515.1,7343.1,1,1,5.6,1169.81
Azure,southeastasia,D8s_v5,8,32,1,249.3,404.2,12661.7,0,0,92.6,1218.89
Azure,eastus,D2s_v5,2,8,7,496.7,195.9,3848.5,0,1,48.6,727.84
GCP,asia-southeast1,n2-standard-16,16,64,17,667.8,3581.6,5890.7,0,1,92.2,10636.07
AWS,eu-west-2,m6i.2xlarge,8,32,13,535.4,1167.4,1725.4,0,0,65.2,3108.84
GCP,us-central1,n2-standard-4,4,16,15,384.5,3777.2,13069.0,0,1,86.3,2496.81
GCP,europe-west2,e2-medium,2,4,18,602.6,3980.3,15126.8,0,1,22.7,1970.4
AWS,us-east-1,m6i.4xlarge,16,64,15,329.5,1679.4,3448.3,0,0,8.5,4212.99
GCP,asia-southeast1,n2-standard-8,8,32,16,519.7,3792.4,19116.2,1,0,94.4,5410.94
Azure,southeastasia,D8s_v5,8,32,14,616.5,320.7,7740.5,1,1,13.9,4728.66
GCP,europe-west2,n2-standard-8,8,32,13,707.7,3492.1,15428.7,1,1,75.1,5555.2
GCP,europe-west2,e2-standard-2,2,8,10,575.5,3981.4,12460.2,0,0,68.9,1784.41
AWS,ap-southeast-1,t3.large,2,8,3,329.2,3949.5,1592.9,0,0,29.7,563.53
GCP,asia-southeast1,e2-medium,2,4,2,717.1,2427.2,10421.8,0,1,51.1,1162.31
GCP,us-central1,n2-standard-16,16,64,16,527.0,1365.3,9636.1,0,1,24.3,7673.64
AWS,us-east-1,m6i.2xlarge,8,32,4,583.8,554.5,19443.6,1,1,77.2,2598.03
AWS,eu-west-2,t3.large,2,8,4,724.5,891.5,1419.4,0,1,86.4,479.93
AWS,ap-southeast-1,m6i.large,2,8,16,252.6,2639.1,1843.8,1,1,49.5,939.54
AWS,ap-southeast-1,t3.large,2,8,7,329.0,576.1,11394.2,0,1,61.9,1252.57
AWS,us-east-1,m6i.4xlarge,16,64,5,642.2,3802.5,18729.9,1,1,70.4,4397.63
Azure,eastus,D16s_v5,16,64,12,486.1,663.8,757.1,0,1,27.0,4865.11
GCP,europe-west2,e2-standard-2,2,8,16,407.1,1105.9,14584.1,0,0,6.2,1743.16
GCP,us-central1,n2-standard-16,16,64,16,194.0,1960.0,14216.2,0,0,47.5,3689.55
GCP,europe-west2,n2-standard-16,16,64,12,474.0,3431.3,8864.0,0,1,24.1,5817.25
GCP,europe-west2,e2-medium,2,4,10,454.5,2631.8,1040.1,0,1,8.7,483.62
AWS,ap-southeast-1,t3.medium,2,4,15,484.1,3824.5,13631.7,0,1,57.4,1890.07
GCP,europe-west2,e2-medium,2,4,8,477.6,1069.3,14039.3,1,1,58.0,1443.75
AWS,eu-west-2,t3.medium,2,4,15,427.1,3467.5,8094.7,1,1,69.2,1395.85
Azure,uksouth,D16s_v5,16,64,12,398.8,3648.4,12626.5,0,1,56.9,5499.29
GCP,asia-southeast1,n2-standard-16,16,64,8,689.2,1418.8,3209.1,0,0,51.5,5095.87
GCP,asia-southeast1,n2-standard-2,2,8,2,570.1,2326.8,10776.8,1,1,79.3,1310.18
AWS,us-east-1,t3.large,2,8,18,328.0,972.8,141.2,1,1,21.6,654.13
Azure,uksouth,D4s_v5,4,16,4,358.7,44.4,18303.7,0,1,26.6,1824.34
GCP,europe-west2,n2-standard-4,4,16,15,247.9,2684.8,5167.1,0,1,17.3,1457.15
GCP,asia-southeast1,n2-standard-4,4,16,5,516.9,1306.5,12705.2,1,0,75.3,1771.95
Azure,uksouth,D8s_v5,8,32,17,690.4,3836.9,600.8,0,1,39.1,5356.0
AWS,us-east-1,m6i.large,2,8,10,692.2,716.8,10775.9,0,1,89.2,1721.98
Azure,eastus,B2ms,2,8,6,446.8,64.7,19215.2,1,1,65.5,1830.64
Azure,uksouth,D8s_v5,8,32,6,594.1,2989.1,10907.3,0,1,20.0,2728.09
Azure,uksouth,D4s_v5,4,16,7,294.8,760.6,8391.4,0,1,80.3,1232.33
GCP,europe-west2,n2-standard-16,16,64,9,608.8,2416.9,2516.1,1,1,41.7,5189.84
Azure,eastus,D4s_v5,4,16,16,359.4,3676.4,5432.3,1,0,20.2,1989.65
GCP,us-central1,e2-standard-2,2,8,10,672.9,655.8,748.9,1,1,41.6,616.62
Azure,southeastasia,D2s_v5,2,8,1,502.5,2906.6,16143.7,0,0,14.3,1634.47
GCP,asia-southeast1,e2-standard-2,2,8,18,319.3,3399.7,9232.2,1,1,28.1,1594.57
Azure,eastus,D16s_v5,16,64,20,344.7,2058.0,1173.1,1,1,9.6,5805.92
AWS,us-east-1,t3.medium,2,4,3,555.0,1465.1,3003.7,1,1,31.6,529.71
AWS,us-east-1,m6i.4xlarge,16,64,8,305.8,952.1,12787.8,1,1,88.6,3131.93
AWS,us-east-1,m6i.4xlarge,16,64,9,733.8,2871.0,11792.6,0,0,22.5,6448.58
Azure,uksouth,D4s_v5,4,16,8,444.1,178.9,15864.3,1,0,88.1,2126.37
AWS,us-east-1,t3.medium,2,4,1,486.8,935.8,14768.7,0,1,50.9,1393.14
AWS,us-east-1,t3.large,2,8,8,734.5,1633.8,479.6,1,0,52.5,719.84
GCP,us-central1,n2-standard-8,8,32,11,184.1,937.5,19614.4,0,1,22.5,2434.99
GCP,us-central1,e2-medium,2,4,13,276.5,2996.8,838.6,1,0,68.6,480.15
GCP,us-central1,n2-standard-16,16,64,12,201.2,21.9,8329.7,0,0,91.6,2587.25
Azure,eastus,B2ms,2,8,17,253.6,3270.3,5067.8,1,1,47.1,1110.51
Azure,eastus,D2s_v5,2,8,16,702.4,2291.3,4881.2,0,1,19.7,1722.69
Azure,eastus,D8s_v5,8,32,9,307.3,1362.3,7912.4,0,0,79.2,1861.32
AWS,ap-southeast-1,m6i.xlarge,4,16,1,314.1,1516.5,6909.9,1,0,42.0,894.27
AWS,us-east-1,m6i.4xlarge,16,64,15,623.9,2297.7,9502.6,0,1,57.6,8405.12
Azure,southeastasia,D16s_v5,16,64,15,697.6,825.8,10938.7,0,1,16.5,10580.04
GCP,us-central1,e2-standard-2,2,8,4,416.4,2829.1,12507.3,0,0,88.4,1359.68
GCP,us-central1,n2-standard-2,2,8,13,698.3,3081.7,13940.5,0,1,50.2,2244.75
Azure,southeastasia,D8s_v5,8,32,14,376.3,1084.5,5013.5,0,1,79.4,2896.77
AWS,us-east-1,m6i.4xlarge,16,64,12,338.6,1222.2,14569.7,0,1,56.5,4652.54
AWS,ap-southeast-1,m6i.4xlarge,16,64,2,690.7,1042.1,6555.2,1,1,13.9,1997.78
AWS,us-east-1,m6i.large,2,8,20,255.8,391.5,11264.6,0,0,50.3,1513.98
GCP,us-central1,e2-medium,2,4,3,623.5,1656.6,18069.1,1,0,83.0,1689.99
GCP,europe-west2,e2-standard-2,2,8,5,260.1,1564.3,10703.2,1,1,34.5,1214.8
AWS,us-east-1,m6i.large,2,8,5,478.6,653.1,16589.7,0,0,33.5,1654.8
AWS,us-east-1,m6i.xlarge,4,16,16,699.4,2373.0,19170.8,0,1,44.4,3900.16
AWS,us-east-1,m6i.2xlarge,8,32,15,501.1,272.4,18373.5,0,0,27.5,4442.81
AWS,eu-west-2,m6i.xlarge,4,16,17,326.4,783.2,3067.6,0,0,93.9,1456.47
Azure,uksouth,D2s_v5,2,8,14,224.2,971.4,16947.5,0,0,46.8,1810.92
AWS,eu-west-2,m6i.large,2,8,17,265.8,506.0,19676.2,1,0,7.0,2236.72
AWS,ap-southeast-1,m6i.4xlarge,16,64,19,188.8,1569.3,16165.4,1,1,28.2,4665.95
AWS,us-east-1,m6i.large,2,8,4,292.8,3898.1,442.0,1,0,73.6,521.83
GCP,us-central1,e2-medium,2,4,8,375.3,3894.5,17340.2,1,1,72.1,1850.37
Azure,eastus,B2ms,2,8,3,642.1,2024.1,10012.3,0,0,54.2,1151.98
GCP,europe-west2,n2-standard-4,4,16,18,576.2,206.6,8956.9,1,1,63.4,3053.92
GCP,us-central1,e2-medium,2,4,15,287.2,3750.3,13942.6,1,0,10.9,1627.77
GCP,europe-west2,n2-standard-8,8,32,8,267.8,3275.2,18893.6,0,1,31.3,2713.38
AWS,us-east-1,t3.medium,2,4,18,317.6,1015.7,14317.5,0,0,93.3,1547.79
GCP,asia-southeast1,n2-standard-16,16,64,19,718.7,3427.4,18650.4,0,1,82.4,13440.57
GCP,asia-southeast1,e2-standard-2,2,8,6,456.2,3328.6,7765.3,1,0,31.2,1238.51
Azure,eastus,B2ms,2,8,19,401.0,2688.2,352.1,0,1,28.8,873.48
AWS,eu-west-2,m6i.4xlarge,16,64,15,417.2,3799.0,13408.0,0,1,72.3,6651.47
Azure,eastus,D16s_v5,16,64,15,669.2,2818.6,9982.7,0,0,73.8,9183.73
Azure,eastus,D8s_v5,8,32,14,249.9,3003.5,8639.9,0,1,60.8,2403.52
GCP,asia-southeast1,e2-standard-2,2,8,8,482.1,2772.6,10021.6,0,1,62.8,1385.46
Azure,eastus,D2s_v5,2,8,8,730.4,973.6,3150.8,0,0,42.7,918.04
Azure,southeastasia,D8s_v5,8,32,3,308.6,580.8,13322.6,0,0,20.2,1557.64
Azure,uksouth,B2ms,2,8,10,417.8,2738.2,8375.4,0,0,35.2,1314.48
AWS,us-east-1,t3.medium,2,4,10,441.9,2889.5,19125.8,1,1,77.5,2054.96
AWS,ap-southeast-1,m6i.2xlarge,8,32,18,730.2,879.5,18978.2,0,0,19.6,7092.31
GCP,us-central1,e2-standard-2,2,8,4,648.0,1087.9,10516.0,1,0,71.9,1213.19
GCP,asia-southeast1,e2-standard-2,2,8,3,718.2,3522.1,4031.3,1,0,77.6,883.51
GCP,asia-southeast1,e2-medium,2,4,9,455.7,643.1,6989.1,0,0,42.2,764.89
AWS,eu-west-2,m6i.4xlarge,16,64,18,604.5,2527.0,13215.4,1,0,67.1,10403.25
GCP,us-central1,e2-medium,2,4,14,682.1,1087.4,3125.3,1,0,35.2,721.01
GCP,us-central1,n2-standard-16,16,64,10,511.9,516.3,8126.6,1,0,83.9,4786.23
Azure,uksouth,D8s_v5,8,32,8,712.0,1115.6,13230.4,0,1,22.0,3711.46
GCP,asia-southeast1,n2-standard-2,2,8,15,705.2,2731.5,1215.5,1,0,27.6,1577.26
GCP,europe-west2,n2-standard-8,8,32,13,289.6,3587.2,19445.0,0,1,76.4,3455.12
Azure,eastus,D8s_v5,8,32,3,731.0,1737.7,1266.1,1,0,76.2,1143.47
GCP,us-central1,e2-medium,2,4,5,700.2,3529.2,18313.5,1,0,35.6,1903.79
AWS,eu-west-2,t3.medium,2,4,6,328.1,3832.0,19183.0,0,1,38.8,2042.22
Azure,uksouth,B2ms,2,8,10,320.2,2516.0,17353.8,0,1,43.8,1901.77
AWS,ap-southeast-1,m6i.xlarge,4,16,11,352.7,804.5,15503.9,1,0,93.1,2283.47
AWS,ap-southeast-1,t3.large,2,8,11,705.0,1520.1,7856.3,0,0,10.7,1559.48
Azure,southeastasia,D4s_v5,4,16,20,228.7,3776.3,16624.1,1,1,32.9,2796.93
Azure,uksouth,B2ms,2,8,2,320.9,2617.9,6078.0,1,1,13.7,843.61
GCP,asia-southeast1,e2-medium,2,4,5,307.8,668.5,14145.5,1,1,68.8,1353.41
GCP,europe-west2,e2-standard-2,2,8,8,427.9,1838.7,15.1,1,0,6.6,473.54
Azure,uksouth,D8s_v5,8,32,4,207.0,3503.9,1809.6,0,0,21.1,766.59
GCP,us-central1,n2-standard-2,2,8,3,660.8,3890.0,11829.3,0,0,56.2,1465.0
GCP,europe-west2,n2-standard-16,16,64,5,586.0,2999.7,7090.2,0,1,15.8,3393.53
Azure,eastus,B2ms,2,8,10,268.7,668.8,2479.5,0,0,18.1,477.77
GCP,europe-west2,n2-standard-8,8,32,11,647.3,1914.5,5762.1,0,1,88.2,3736.06
GCP,us-central1,e2-standard-2,2,8,7,615.6,3689.6,18384.5,1,1,49.1,2089.72
GCP,europe-west2,n2-standard-16,16,64,12,422.2,1138.9,8953.2,1,1,57.9,5326.21
AWS,us-east-1,t3.large,2,8,5,403.7,1056.8,1284.1,0,0,33.6,362.65
GCP,asia-southeast1,n2-standard-4,4,16,20,444.8,2104.6,13828.2,0,0,43.9,3209.99
Azure,southeastasia,D8s_v5,8,32,17,398.5,2441.3,7380.4,0,0,57.1,3890.12
GCP,us-central1,n2-standard-2,2,8,16,504.8,1590.4,4928.5,1,0,9.9,1379.92
GCP,europe-west2,e2-standard-2,2,8,10,435.5,571.2,14189.2,1,0,39.0,1584.83
GCP,europe-west2,n2-standard-2,2,8,7,375.4,628.9,7216.6,0,1,87.7,966.23
AWS,ap-southeast-1,m6i.2xlarge,8,32,19,408.0,2230.6,13660.4,1,1,30.3,4816.24
Azure,southeastasia,D8s_v5,8,32,17,508.7,1573.9,19524.7,0,1,78.0,5584.85
Azure,southeastasia,D16s_v5,16,64,10,638.0,1164.1,14677.0,1,0,44.5,7195.57
Azure,eastus,D4s_v5,4,16,18,565.1,2728.5,9950.3,1,0,8.0,3078.4
AWS,us-east-1,t3.medium,2,4,6,619.0,1776.5,916.2,0,1,11.9,384.1
Azure,southeastasia,B2ms,2,8,19,514.7,3041.3,10328.6,0,0,35.4,2040.51
AWS,us-east-1,t3.medium,2,4,5,566.4,565.4,9440.9,0,1,11.1,1017.34
GCP,asia-southeast1,n2-standard-2,2,8,16,580.2,1492.2,10022.8,0,0,50.8,1954.58
GCP,asia-southeast1,n2-standard-2,2,8,11,564.2,250.5,9472.5,1,0,40.0,1553.01
GCP,europe-west2,n2-standard-16,16,64,18,704.4,352.8,393.3,0,0,54.9,10907.17
AWS,eu-west-2,t3.medium,2,4,15,576.9,1678.2,6499.7,0,1,23.8,1108.92
AWS,ap-southeast-1,m6i.large,2,8,8,613.0,903.4,11160.0,1,0,17.3,1613.44
GCP,us-central1,e2-standard-2,2,8,5,426.8,549.4,10888.8,0,1,84.9,1089.18
AWS,us-east-1,t3.medium,2,4,18,503.7,1268.0,9808.8,0,0,70.8,1368.65
AWS,ap-southeast-1,m6i.large,2,8,13,239.2,562.1,12274.4,0,0,51.7,1495.03
Azure,southeastasia,B2ms,2,8,19,300.8,3876.6,18375.3,1,1,71.1,2401.77
GCP,europe-west2,n2-standard-2,2,8,1,200.5,2267.9,4605.6,1,1,70.3,696.7
GCP,asia-southeast1,n2-standard-2,2,8,3,719.9,3849.3,5182.6,0,1,8.8,1033.32
AWS,us-east-1,m6i.4xlarge,16,64,11,664.1,1435.6,15332.7,0,1,65.6,6903.49
Azure,eastus,D4s_v5,4,16,9,663.5,2765.3,12543.9,1,0,73.3,2477.73
GCP,us-central1,n2-standard-8,8,32,16,225.1,3775.2,15838.5,1,0,32.4,2909.19
Azure,eastus,D8s_v5,8,32,11,285.3,3341.4,1458.0,1,1,39.6,1712.93
AWS,ap-southeast-1,m6i.xlarge,4,16,10,448.3,3465.0,11185.4,0,1,93.1,2239.31
AWS,us-east-1,m6i.2xlarge,8,32,2,562.3,106.2,17139.8,1,0,20.6,1893.55
AWS,ap-southeast-1,t3.large,2,8,8,285.4,98.6,6175.7,1,1,55.0,855.71
GCP,europe-west2,n2-standard-4,4,16,6,396.1,3872.0,7148.3,0,1,16.1,1495.17
GCP,europe-west2,n2-standard-2,2,8,13,555.0,1715.2,15222.9,0,1,20.5,2080.8
Azure,eastus,D8s_v5,8,32,19,226.9,1643.7,8943.2,1,1,42.6,2693.96
GCP,europe-west2,n2-standard-2,2,8,15,589.5,298.3,8759.3,0,0,81.9,1728.52
AWS,eu-west-2,m6i.xlarge,4,16,13,227.3,523.1,13649.7,1,0,64.3,1905.69
AWS,ap-southeast-1,t3.large,2,8,12,294.1,689.3,15357.8,1,0,7.7,1748.18
GCP,europe-west2,n2-standard-8,8,32,5,621.1,465.6,18925.9,0,1,93.1,2837.07
AWS,us-east-1,t3.large,2,8,4,229.9,3693.1,11697.3,0,1,53.8,1411.13
GCP,us-central1,e2-medium,2,4,1,200.1,2399.5,12422.1,0,1,20.8,1224.56
Azure,uksouth,D4s_v5,4,16,12,185.1,2928.2,8332.0,1,0,37.4,1503.98
AWS,ap-southeast-1,t3.medium,2,4,16,499.0,433.7,19557.1,1,0,38.0,2059.78
AWS,eu-west-2,t3.large,2,8,16,311.2,2594.7,4666.8,1,1,69.0,1156.88
AWS,eu-west-2,m6i.xlarge,4,16,12,355.0,426.3,11931.8,1,1,16.8,2047.32
Azure,southeastasia,D2s_v5,2,8,14,367.6,3675.9,14845.3,0,0,6.9,2121.21
AWS,us-east-1,m6i.2xlarge,8,32,1,543.9,836.8,13961.2,1,0,33.0,1501.62
GCP,asia-southeast1,e2-standard-2,2,8,10,733.1,2593.4,7032.8,0,1,7.8,1365.44
Azure,eastus,B2ms,2,8,8,220.0,3165.4,348.6,1,1,74.5,465.25
GCP,us-central1,e2-standard-2,2,8,4,258.4,2494.4,4346.0,1,1,26.1,699.43
GCP,europe-west2,e2-standard-2,2,8,12,343.0,1086.1,17235.1,0,0,94.6,1710.9
AWS,ap-southeast-1,m6i.large,2,8,19,278.5,1252.9,13178.2,1,0,85.9,1828.89
GCP,europe-west2,n2-standard-4,4,16,13,520.2,1691.2,7130.0,0,1,72.4,2190.94
Azure,eastus,D4s_v5,4,16,15,468.2,345.5,16791.3,0,0,16.1,2781.21
AWS,ap-southeast-1,t3.medium,2,4,10,346.9,2085.1,7430.1,0,1,52.7,1005.22
GCP,europe-west2,e2-medium,2,4,4,564.4,565.2,5490.5,0,1,87.0,613.01
GCP,us-central1,e2-medium,2,4,14,510.6,917.4,3914.2,0,0,32.2,638.51
Azure,southeastasia,D8s_v5,8,32,16,505.6,1259.1,10546.5,0,1,70.9,4794.97
AWS,eu-west-2,m6i.xlarge,4,16,8,310.7,2890.5,8497.2,1,0,59.9,1534.24
Azure,eastus,D16s_v5,16,64,8,450.7,3971.5,15970.1,1,1,85.7,4538.47
Azure,uksouth,D8s_v5,8,32,12,212.1,388.7,6314.6,0,0,75.4,1664.56
GCP,asia-southeast1,e2-standard-2,2,8,6,601.9,3978.8,4163.7,1,0,17.1,1004.45
GCP,europe-west2,e2-standard-2,2,8,7,710.5,1417.5,8153.0,1,1,37.5,1235.49
GCP,asia-southeast1,n2-standard-16,16,64,2,377.1,1473.8,15820.2,1,0,90.0,2070.99
GCP,europe-west2,n2-standard-4,4,16,9,331.5,3307.5,19477.7,0,1,5.2,2437.16
AWS,ap-southeast-1,m6i.4xlarge,16,64,5,616.5,1889.8,12644.6,0,1,68.7,3881.65
GCP,europe-west2,n2-standard-16,16,64,10,261.1,2641.7,18792.6,0,1,32.8,3873.4
Azure,eastus,D2s_v5,2,8,14,363.1,2409.8,3265.9,0,1,22.3,957.72
GCP,us-central1,e2-medium,2,4,8,564.3,2641.0,6282.6,0,0,59.3,902.46
GCP,us-central1,n2-standard-4,4,16,4,664.0,356.7,16046.7,1,1,10.5,1825.74
AWS,eu-west-2,m6i.large,2,8,16,701.9,1862.9,16939.9,0,0,13.6,2811.18
AWS,eu-west-2,t3.large,2,8,13,410.4,3070.4,1478.6,1,0,61.7,931.98
GCP,asia-southeast1,n2-standard-8,8,32,11,373.4,1187.9,18704.4,1,1,86.5,3455.22
GCP,asia-southeast1,n2-standard-8,8,32,1,721.6,259.4,10437.9,1,0,30.5,1314.97
AWS,eu-west-2,t3.medium,2,4,14,668.2,3113.4,9862.8,0,1,53.6,1532.64
AWS,eu-west-2,m6i.2xlarge,8,32,2,399.1,3005.5,19281.2,1,1,77.5,2221.9
Azure,southeastasia,D16s_v5,16,64,2,311.6,3834.3,14445.4,0,0,83.8,2089.06
GCP,asia-southeast1,n2-standard-16,16,64,1,305.6,3643.0,10673.0,0,1,43.2,1493.72
AWS,ap-southeast-1,t3.large,2,8,20,651.4,638.5,6344.8,1,1,65.1,1907.83
GCP,asia-southeast1,n2-standard-4,4,16,11,181.8,3932.8,711.7,0,0,94.7,829.97
Azure,uksouth,D8s_v5,8,32,16,611.2,3485.5,10554.1,0,0,15.1,5490.67
GCP,us-central1,n2-standard-2,2,8,2,425.7,2910.1,7606.1,1,0,27.0,1008.33
AWS,us-east-1,t3.large,2,8,3,395.8,3290.3,7691.1,1,1,41.4,1121.29
GCP,us-central1,e2-medium,2,4,14,209.9,2173.5,9955.4,0,0,55.9,1105.77
AWS,eu-west-2,m6i.2xlarge,8,32,4,392.2,3437.0,5196.5,1,0,43.5,1434.57
GCP,asia-southeast1,n2-standard-8,8,32,17,284.3,2935.1,6803.7,0,0,19.2,2876.12
AWS,eu-west-2,m6i.4xlarge,16,64,2,197.7,3032.2,19718.4,0,0,42.3,2201.17
Azure,southeastasia,D8s_v5,8,32,12,369.1,2500.4,7216.9,0,0,83.4,2826.11
AWS,ap-southeast-1,m6i.4xlarge,16,64,20,553.0,1348.4,11889.4,1,0,43.0,10473.16
AWS,ap-southeast-1,t3.large,2,8,18,526.5,1078.1,12597.8,0,1,58.3,2088.01
AWS,us-east-1,m6i.large,2,8,18,668.3,1576.8,17681.8,0,1,94.2,2770.27
Azure,southeastasia,D8s_v5,8,32,7,304.0,3932.5,3004.8,1,1,59.8,1621.96
Azure,eastus,D16s_v5,16,64,20,538.8,2327.6,12299.4,0,0,65.8,9970.66
AWS,us-east-1,m6i.2xlarge,8,32,8,712.8,3236.9,11655.3,1,1,93.8,3547.83
GCP,europe-west2,n2-standard-8,8,32,8,363.9,1689.5,11448.9,1,1,60.2,2513.97
AWS,us-east-1,m6i.xlarge,4,16,14,738.9,210.0,10303.9,1,1,85.1,3007.79
AWS,eu-west-2,m6i.large,2,8,8,426.2,3166.3,14011.9,0,1,7.1,1821.72
GCP,asia-southeast1,n2-standard-2,2,8,3,400.1,3378.8,8189.6,0,0,86.8,1093.78
GCP,asia-southeast1,n2-standard-16,16,64,5,630.1,1421.4,19144.5,0,1,37.5,4406.18
GCP,europe-west2,n2-standard-8,8,32,6,429.3,1429.8,12882.3,0,1,28.5,2265.2
GCP,europe-west2,n2-standard-8,8,32,11,239.3,358.8,5356.2,0,0,87.4,1602.63
GCP,us-central1,n2-standard-16,16,64,12,495.6,1385.5,17137.3,1,1,86.6,6030.22
AWS,eu-west-2,t3.medium,2,4,8,364.7,3847.6,4071.0,0,1,53.3,845.47
GCP,europe-west2,n2-standard-2,2,8,13,527.9,1677.5,18496.6,0,0,69.8,2351.64
GCP,us-central1,n2-standard-16,16,64,3,399.1,454.5,6365.3,0,1,14.5,1499.49
Azure,eastus,B2ms,2,8,5,449.7,3357.0,7571.0,1,0,71.5,1134.05
GCP,europe-west2,e2-standard-2,2,8,19,379.2,1332.2,12548.3,1,0,83.0,1728.86
GCP,us-central1,n2-standard-8,8,32,2,553.9,3479.9,3936.9,0,1,78.8,1046.56
Azure,uksouth,D4s_v5,4,16,13,391.4,3603.9,18026.2,1,1,63.9,2935.52
AWS,us-east-1,m6i.xlarge,4,16,7,191.6,393.9,13160.7,1,1,88.7,1494.66
GCP,us-central1,n2-standard-16,16,64,17,648.5,3493.0,6101.7,0,1,58.6,9321.3
GCP,asia-southeast1,n2-standard-8,8,32,4,642.7,2185.6,8037.1,0,1,81.4,1987.28
Azure,eastus,B2ms,2,8,19,324.9,490.5,606.6,0,0,60.4,592.04
Azure,uksouth,B2ms,2,8,17,634.3,1320.5,47.0,0,0,84.9,1067.14
GCP,asia-southeast1,e2-standard-2,2,8,5,479.7,3413.6,8320.8,0,1,92.3,1177.33
GCP,europe-west2,e2-medium,2,4,13,199.6,186.4,5406.4,1,1,18.9,641.81
GCP,us-central1,n2-standard-16,16,64,6,558.2,3287.7,7347.5,1,1,17.8,3578.66
GCP,us-central1,n2-standard-2,2,8,12,624.7,3221.8,16855.6,1,0,11.5,2378.96
AWS,eu-west-2,m6i.2xlarge,8,32,4,529.6,2240.8,10467.0,0,1,75.1,2048.27
GCP,europe-west2,n2-standard-8,8,32,1,393.2,620.5,8811.7,1,0,58.2,1011.01
Azure,uksouth,D8s_v5,8,32,12,215.7,1439.7,17895.3,1,0,94.0,2709.5
Azure,eastus,D16s_v5,16,64,10,737.3,258.4,6362.8,1,0,63.6,6425.33
Azure,eastus,D2s_v5,2,8,17,582.1,1141.8,17793.3,1,1,30.3,2555.1
AWS,ap-southeast-1,t3.large,2,8,15,682.6,2474.8,18363.4,0,0,83.3,2724.32
Azure,eastus,D2s_v5,2,8,12,460.4,2969.0,9045.6,1,1,37.0,1630.18
Azure,uksouth,D4s_v5,4,16,17,500.9,2113.5,6132.7,0,1,72.0,2556.59
AWS,us-east-1,m6i.4xlarge,16,64,17,340.6,3910.1,5976.7,0,0,91.9,5406.06
GCP,us-central1,n2-standard-16,16,64,13,439.7,1895.1,24.9,0,0,57.8,4545.85
Azure,uksouth,D4s_v5,4,16,18,303.4,2199.2,4817.9,0,1,38.9,1750.47
AWS,us-east-1,m6i.2xlarge,8,32,14,407.7,3721.7,6565.0,0,0,24.6,2996.84
AWS,us-east-1,t3.medium,2,4,5,332.3,3090.5,4414.5,1,1,73.7,777.04
GCP,us-central1,n2-standard-8,8,32,13,293.7,902.1,16128.7,0,0,88.6,2960.76
GCP,asia-southeast1,e2-medium,2,4,5,273.6,3928.7,11530.5,0,1,71.2,1329.33
GCP,asia-southeast1,e2-medium,2,4,3,237.8,1225.3,17401.0,1,0,56.5,1599.05
Azure,southeastasia,D8s_v5,8,32,15,490.8,2844.7,913.1,1,0,87.3,3715.02
AWS,us-east-1,m6i.4xlarge,16,64,8,673.2,1079.4,18521.6,1,1,8.2,5665.22
GCP,us-central1,e2-standard-2,2,8,10,293.3,3758.4,6973.3,0,0,17.3,1062.09
Azure,uksouth,D2s_v5,2,8,3,646.0,1962.5,1787.9,0,1,92.7,524.89
GCP,europe-west2,n2-standard-2,2,8,14,433.8,3129.0,10403.1,0,1,81.7,1789.05
GCP,asia-southeast1,e2-standard-2,2,8,11,322.3,327.6,6721.3,0,1,28.7,855.11
AWS,eu-west-2,m6i.xlarge,4,16,11,597.3,685.7,11697.5,0,1,67.6,2469.59
GCP,us-central1,n2-standard-16,16,64,17,336.9,631.6,2607.2,1,1,47.2,4842.06
AWS,us-east-1,m6i.xlarge,4,16,6,243.9,2555.6,12461.2,0,0,68.0,1571.14
AWS,us-east-1,m6i.xlarge,4,16,17,184.1,2865.4,16291.4,1,1,26.8,2267.28
Azure,uksouth,D4s_v5,4,16,10,463.3,2927.5,13209.7,0,0,28.0,2392.47
AWS,us-east-1,m6i.xlarge,4,16,13,262.4,2581.0,19120.4,0,1,94.5,2466.28
GCP,us-central1,n2-standard-2,2,8,18,229.4,351.1,950.3,0,1,71.0,515.85
GCP,asia-southeast1,e2-medium,2,4,18,672.3,700.3,825.4,0,1,40.4,597.62
GCP,europe-west2,e2-medium,2,4,16,657.0,2589.5,8050.1,0,1,25.4,1302.36
Azure,uksouth,D8s_v5,8,32,10,539.7,146.8,2217.6,0,0,33.9,2548.42
AWS,ap-southeast-1,t3.large,2,8,14,540.9,2380.8,6113.2,1,0,46.5,1547.99
Azure,uksouth,D8s_v5,8,32,8,188.1,525.1,3144.6,0,1,78.7,942.94
Azure,eastus,D16s_v5,16,64,7,705.7,297.6,7267.0,1,0,92.8,4509.03
AWS,eu-west-2,t3.medium,2,4,8,681.6,1946.6,12881.1,0,1,82.5,1549.05
GCP,asia-southeast1,n2-standard-8,8,32,8,319.5,3066.8,2303.0,1,1,80.6,1679.87
AWS,ap-southeast-1,t3.large,2,8,12,337.6,1589.0,3672.1,1,0,22.5,918.57
GCP,us-central1,n2-standard-2,2,8,2,384.9,2599.4,625.7,0,0,10.9,323.83
Azure,southeastasia,D16s_v5,16,64,7,680.4,2667.3,17307.2,1,0,51.6,5960.4
Azure,uksouth,B2ms,2,8,8,189.1,3873.3,19161.5,0,1,6.8,1951.62
AWS,us-east-1,m6i.2xlarge,8,32,18,266.4,949.4,13825.1,0,0,55.7,3079.24
GCP,asia-southeast1,n2-standard-16,16,64,3,258.5,1631.5,10692.3,0,1,48.8,1726.83
Azure,southeastasia,D4s_v5,4,16,19,208.1,3767.8,11744.3,1,1,56.4,2248.94
Azure,uksouth,B2ms,2,8,17,336.3,2434.2,17951.8,1,0,6.6,2172.26
AWS,us-east-1,m6i.xlarge,4,16,16,654.8,2157.5,11330.3,1,1,65.1,3231.66
GCP,us-central1,e2-medium,2,4,5,717.8,766.6,904.1,1,0,44.9,311.05
GCP,asia-southeast1,e2-standard-2,2,8,18,255.7,3765.5,16180.0,1,0,73.1,1999.8
GCP,asia-southeast1,n2-standard-2,2,8,15,655.1,3177.3,18126.6,0,0,21.0,2748.66
GCP,europe-west2,n2-standard-16,16,64,10,316.9,3588.9,3595.3,0,1,83.6,3300.54
AWS,ap-southeast-1,m6i.4xlarge,16,64,19,271.9,1029.3,17621.6,1,1,31.2,6037.06
Azure,eastus,D4s_v5,4,16,8,270.6,1469.5,13851.4,1,0,90.2,1775.46
AWS,ap-southeast-1,m6i.4xlarge,16,64,13,468.4,1391.5,9690.6,1,1,52.3,6370.08
AWS,eu-west-2,t3.large,2,8,5,304.9,1483.5,10754.0,1,0,57.7,1333.63
GCP,us-central1,n2-standard-8,8,32,2,480.0,1370.0,3437.7,0,1,24.1,769.15
Azure,uksouth,B2ms,2,8,6,329.8,3311.7,18157.0,0,0,37.5,1910.1
Azure,southeastasia,D4s_v5,4,16,6,203.0,412.5,14159.2,0,0,14.3,1526.37
AWS,ap-southeast-1,t3.medium,2,4,3,197.7,3598.0,10080.9,1,0,39.0,1285.52
AWS,ap-southeast-1,t3.large,2,8,10,361.7,122.9,15947.3,1,1,58.0,1780.49
GCP,asia-southeast1,n2-standard-2,2,8,9,512.2,3895.1,5625.8,1,1,45.2,1379.75
GCP,europe-west2,e2-medium,2,4,5,499.1,1961.6,3180.3,1,1,29.3,613.11
Azure,uksouth,D16s_v5,16,64,4,523.1,1828.9,5004.1,1,1,67.3,2481.48
GCP,europe-west2,n2-standard-4,4,16,14,227.9,3295.7,831.6,1,0,64.8,1116.54
AWS,ap-southeast-1,t3.medium,2,4,16,450.5,3346.6,4937.1,0,1,57.0,1085.98
Azure,southeastasia,B2ms,2,8,3,424.2,2441.6,14640.6,0,1,54.3,1564.11
GCP,us-central1,e2-standard-2,2,8,6,534.5,1143.6,16076.9,0,0,67.9,1605.68
Azure,uksouth,D2s_v5,2,8,3,596.2,488.9,5982.6,0,1,64.4,761.34
AWS,eu-west-2,m6i.xlarge,4,16,5,661.7,1936.5,16645.1,1,1,5.1,2302.79
GCP,asia-southeast1,n2-standard-8,8,32,16,190.1,118.5,14406.3,1,1,67.9,2534.21
Azure,uksouth,D16s_v5,16,64,8,373.9,1025.3,8150.3,1,0,33.5,3334.71
Azure,eastus,D4s_v5,4,16,15,452.2,2935.4,78.4,1,0,36.8,1599.37
Azure,southeastasia,D2s_v5,2,8,3,638.5,2496.0,3369.8,1,0,31.0,753.94
AWS,us-east-1,t3.medium,2,4,2,475.5,1921.2,17024.4,1,0,86.8,1688.19
Azure,southeastasia,B2ms,2,8,16,334.8,1801.8,1221.5,1,1,26.0,834.55
GCP,asia-southeast1,n2-standard-8,8,32,15,547.2,1314.3,18866.0,0,0,66.3,5087.62
AWS,us-east-1,m6i.xlarge,4,16,18,462.0,2536.7,3464.9,1,0,60.9,2187.71
GCP,us-central1,n2-standard-16,16,64,18,340.3,3345.9,9710.7,1,1,39.5,6136.89
GCP,asia-southeast1,e2-standard-2,2,8,16,658.0,1529.4,8205.7,0,1,61.6,1621.42
AWS,eu-west-2,t3.medium,2,4,17,317.0,951.6,9494.0,1,0,45.4,1239.21
GCP,europe-west2,n2-standard-16,16,64,9,236.0,605.7,2705.9,0,1,5.1,2092.86
AWS,us-east-1,m6i.2xlarge,8,32,3,711.1,698.0,5529.2,0,0,79.5,1360.86
GCP,europe-west2,e2-medium,2,4,4,651.1,660.0,1676.4,0,0,34.8,284.53
AWS,us-east-1,m6i.4xlarge,16,64,12,670.8,2726.1,15240.4,0,1,45.1,7803.3
GCP,europe-west2,n2-standard-4,4,16,2,279.1,3559.7,4302.4,0,0,66.0,778.58
Azure,uksouth,B2ms,2,8,17,430.4,885.4,12870.2,1,1,16.2,1860.76
AWS,ap-southeast-1,t3.large,2,8,19,351.0,1184.6,3412.0,0,1,60.3,1018.99
AWS,us-east-1,m6i.4xlarge,16,64,6,231.4,1273.4,17632.3,1,0,39.6,2651.62
AWS,us-east-1,m6i.xlarge,4,16,4,649.7,3294.7,818.2,0,1,5.6,850.26
GCP,us-central1,n2-standard-8,8,32,15,432.3,3196.1,19376.4,1,0,92.6,4317.83
GCP,europe-west2,e2-medium,2,4,2,444.9,1961.7,18580.5,0,1,49.8,1664.46
Azure,southeastasia,B2ms,2,8,13,629.1,635.4,17519.5,0,0,93.4,2267.52
GCP,asia-southeast1,e2-standard-2,2,8,14,218.0,1146.0,15741.0,1,0,57.8,1664.74
GCP,europe-west2,e2-standard-2,2,8,7,320.4,3086.1,507.6,0,0,93.1,470.67
AWS,ap-southeast-1,m6i.4xlarge,16,64,17,354.3,1006.8,4100.7,0,0,63.7,5616.7
AWS,eu-west-2,t3.large,2,8,13,219.4,3074.0,2089.3,0,1,11.5,714.03
AWS,eu-west-2,t3.medium,2,4,2,534.9,2675.4,17895.3,1,1,47.7,1830.93
GCP,europe-west2,e2-standard-2,2,8,5,230.1,2882.7,13261.8,1,1,39.4,1516.13
Azure,eastus,D8s_v5,8,32,7,587.3,379.4,14966.5,0,1,65.3,2866.95
AWS,us-east-1,m6i.2xlarge,8,32,20,360.4,1148.7,9555.7,0,0,49.3,3738.67
AWS,us-east-1,t3.large,2,8,12,703.0,423.0,13267.9,1,1,76.2,1980.03
Azure,eastus,B2ms,2,8,5,426.9,3708.8,18844.3,1,0,51.3,2051.1
AWS,eu-west-2,m6i.large,2,8,3,651.8,2431.7,19103.9,0,1,82.2,1987.34
Azure,southeastasia,D4s_v5,4,16,13,369.8,3475.6,479.4,0,1,64.3,1428.38
GCP,asia-southeast1,n2-standard-8,8,32,2,652.8,362.0,17027.4,0,0,88.7,1944.82
GCP,asia-southeast1,n2-standard-8,8,32,2,563.1,3955.9,9677.1,0,0,65.7,1635.37
GCP,europe-west2,n2-standard-2,2,8,7,509.8,83.7,10207.9,1,1,85.6,1343.5
AWS,ap-southeast-1,t3.large,2,8,9,703.3,2922.3,8280.4,1,0,68.7,1649.54
GCP,asia-southeast1,n2-standard-4,4,16,19,455.6,137.6,5917.5,0,1,77.7,2385.66
GCP,us-central1,n2-standard-8,8,32,17,677.0,741.3,18708.9,1,0,13.7,6014.15
AWS,ap-southeast-1,t3.large,2,8,1,324.7,3424.3,3740.1,0,0,70.4,678.99
Azure,southeastasia,B2ms,2,8,12,694.2,600.4,5336.2,0,0,39.6,1269.71
AWS,us-east-1,t3.medium,2,4,9,494.6,1966.3,9094.4,1,1,21.0,1253.13
Azure,southeastasia,D16s_v5,16,64,6,299.8,3653.5,12511.4,0,1,67.1,3019.9
Azure,uksouth,D16s_v5,16,64,20,214.1,253.8,17282.8,1,0,13.5,5256.5
GCP,us-central1,n2-standard-2,2,8,2,505.4,3637.6,12592.7,0,0,41.5,1415.42
Azure,uksouth,D16s_v5,16,64,20,728.3,461.3,9111.5,0,0,32.0,13091.85
Azure,uksouth,D2s_v5,2,8,8,620.0,2360.4,18090.8,1,1,89.9,2233.01
GCP,asia-southeast1,n2-standard-16,16,64,5,599.1,3989.8,19974.9,0,1,81.5,4418.78
GCP,europe-west2,n2-standard-16,16,64,3,380.8,1006.9,17936.1,0,1,16.7,2479.77
GCP,asia-southeast1,n2-standard-4,4,16,12,677.5,2987.1,8441.1,0,1,75.6,2738.05
GCP,us-central1,n2-standard-2,2,8,12,342.9,2211.5,13028.3,0,1,77.5,1670.51
AWS,us-east-1,m6i.large,2,8,3,359.0,251.6,7064.5,0,0,46.1,741.86
Azure,southeastasia,D16s_v5,16,64,15,183.0,2435.9,18905.1,0,1,60.0,4306.3
AWS,eu-west-2,t3.medium,2,4,15,711.0,1876.5,1234.5,0,0,83.4,738.88
Azure,southeastasia,D16s_v5,16,64,16,732.1,2970.3,2523.1,1,1,25.7,11122.82
Azure,eastus,D16s_v5,16,64,18,251.3,3957.7,5278.4,0,0,32.1,4470.14
Azure,southeastasia,B2ms,2,8,7,384.0,3164.1,6639.4,1,1,65.9,1157.67
GCP,us-central1,n2-standard-4,4,16,5,471.9,977.2,18466.1,0,1,8.3,1975.83
Azure,uksouth,D4s_v5,4,16,15,346.9,115.1,643.1,0,1,29.4,1193.62
Azure,uksouth,D16s_v5,16,64,18,640.3,2494.8,12299.6,0,1,70.5,11073.6
AWS,eu-west-2,t3.medium,2,4,3,389.8,2823.5,4963.4,0,0,58.3,735.02
Azure,southeastasia,D4s_v5,4,16,6,683.5,1320.3,16281.1,1,0,43.9,2457.79
AWS,us-east-1,t3.medium,2,4,4,497.5,2485.0,2509.1,0,1,43.1,524.7
AWS,us-east-1,m6i.large,2,8,11,633.2,1380.9,17614.7,1,1,66.0,2363.19
GCP,europe-west2,n2-standard-16,16,64,4,623.5,3333.6,18339.3,1,0,91.1,3987.06
Azure,eastus,B2ms,2,8,14,362.2,1040.1,5559.3,1,0,82.6,1036.06
AWS,us-east-1,m6i.4xlarge,16,64,11,615.4,1801.5,15342.4,1,0,70.8,6637.75
Azure,southeastasia,D2s_v5,2,8,14,693.7,521.5,11013.0,1,0,54.4,2158.47
GCP,asia-southeast1,n2-standard-16,16,64,1,371.4,1306.8,2338.4,0,1,19.9,643.0
Azure,uksouth,B2ms,2,8,1,400.4,2451.5,4251.3,0,1,29.3,598.36
AWS,us-east-1,m6i.large,2,8,13,584.4,1215.6,19463.7,0,0,35.9,2408.62
AWS,us-east-1,t3.large,2,8,9,415.0,3938.5,2902.4,1,0,55.6,949.21
AWS,eu-west-2,t3.medium,2,4,7,229.1,3174.1,8929.5,0,1,86.3,1170.86
Azure,uksouth,D16s_v5,16,64,12,629.8,433.6,2344.5,0,1,69.0,6884.33
AWS,us-east-1,t3.medium,2,4,9,701.4,2848.3,15030.0,0,0,20.3,1779.99
Azure,southeastasia,B2ms,2,8,8,496.8,3244.9,17051.6,0,1,41.9,2034.25
AWS,eu-west-2,t3.medium,2,4,5,446.8,211.5,11317.1,1,1,76.9,1210.87
Azure,southeastasia,D16s_v5,16,64,19,579.5,1044.8,4595.2,1,0,10.7,10492.94
Azure,southeastasia,D16s_v5,16,64,14,394.6,1189.5,16034.6,0,0,11.3,6428.77
GCP,europe-west2,n2-standard-16,16,64,12,704.5,2320.2,9149.2,1,0,65.5,8040.85
Azure,southeastasia,B2ms,2,8,8,267.4,1888.0,5013.2,0,0,92.3,800.47
AWS,eu-west-2,t3.medium,2,4,10,283.1,107.6,15563.3,0,0,57.9,1457.22
GCP,europe-west2,e2-medium,2,4,1,534.6,189.5,18214.3,0,0,27.5,1491.39
Azure,uksouth,B2ms,2,8,15,352.4,1563.2,13365.0,1,1,8.2,1778.74
Azure,uksouth,B2ms,2,8,14,280.9,1440.3,188.6,0,1,34.0,497.55
AWS,eu-west-2,t3.large,2,8,19,387.1,1146.5,15170.7,0,1,86.5,2031.38
GCP,asia-southeast1,n2-standard-2,2,8,3,714.9,453.1,5341.1,1,0,31.4,790.75
AWS,eu-west-2,m6i.large,2,8,7,355.4,3262.2,19796.3,1,1,70.0,2238.84
GCP,europe-west2,n2-standard-2,2,8,12,445.3,561.8,12243.2,0,0,71.4,1613.85
GCP,asia-southeast1,n2-standard-2,2,8,19,552.1,2024.9,5681.6,0,0,55.3,1764.9
AWS,eu-west-2,m6i.large,2,8,9,305.8,1894.4,843.6,0,1,45.1,534.49
AWS,eu-west-2,m6i.4xlarge,16,64,8,448.0,1195.8,16141.0,1,1,49.3,4451.44
AWS,eu-west-2,m6i.xlarge,4,16,13,549.3,2557.2,14209.5,0,0,56.8,2964.67
Azure,eastus,D8s_v5,8,32,10,370.1,2107.0,11545.0,1,0,43.5,2701.62
GCP,us-central1,n2-standard-8,8,32,3,378.8,1687.2,13518.8,1,1,37.4,1741.39
AWS,ap-southeast-1,m6i.2xlarge,8,32,4,640.8,666.2,12834.6,0,1,31.7,2270.21
GCP,us-central1,n2-standard-4,4,16,16,605.9,1602.8,11378.4,1,0,34.7,2972.12
GCP,asia-southeast1,e2-medium,2,4,8,726.9,2527.4,2420.3,1,0,81.1,692.34
AWS,us-east-1,m6i.4xlarge,16,64,2,250.1,568.5,8743.8,1,0,41.3,1260.84
Azure,southeastasia,B2ms,2,8,20,366.7,184.2,8097.2,0,1,46.7,1390.05
GCP,europe-west2,e2-standard-2,2,8,11,382.1,2149.3,16950.9,1,1,43.9,1915.97
GCP,asia-southeast1,e2-standard-2,2,8,18,661.1,3078.6,7653.4,1,1,33.8,1920.5
GCP,us-central1,n2-standard-8,8,32,10,396.6,3094.2,11927.8,1,0,49.3,2889.62
GCP,europe-west2,n2-standard-2,2,8,2,467.5,2122.9,2924.9,0,0,7.3,519.71
Azure,eastus,D16s_v5,16,64,20,597.4,2650.8,9236.4,0,1,75.6,10285.05
Azure,eastus,D8s_v5,8,32,3,204.7,3945.6,7169.3,0,1,73.7,1153.91
Azure,uksouth,D16s_v5,16,64,16,240.9,3296.0,11083.2,0,1,34.5,4588.39
AWS,ap-southeast-1,m6i.2xlarge,8,32,12,557.4,841.7,11116.3,0,1,31.9,3951.65
GCP,asia-southeast1,e2-medium,2,4,13,232.0,3332.4,10920.5,0,1,23.6,1300.81
AWS,ap-southeast-1,m6i.2xlarge,8,32,19,479.3,1642.7,15502.0,1,0,82.5,5381.37
Azure,eastus,D4s_v5,4,16,11,731.6,3126.1,7174.3,0,0,86.7,2458.67
AWS,us-east-1,m6i.2xlarge,8,32,17,201.2,656.8,12649.3,1,1,14.8,2499.88
AWS,eu-west-2,m6i.2xlarge,8,32,5,417.9,2067.2,16324.3,0,1,70.2,2432.52
AWS,eu-west-2,m6i.2xlarge,8,32,17,365.2,2965.2,14755.4,1,0,12.9,4178.28
GCP,us-central1,n2-standard-4,4,16,16,240.0,3788.2,3276.6,1,0,63.4,1367.66
GCP,us-central1,e2-medium,2,4,18,555.9,2679.7,9139.1,0,0,37.3,1317.95
AWS,eu-west-2,m6i.4xlarge,16,64,13,282.5,2840.9,16089.9,1,1,34.4,4827.53
GCP,asia-southeast1,n2-standard-8,8,32,2,706.8,273.3,16450.5,1,0,30.4,2017.37
AWS,ap-southeast-1,t3.medium,2,4,15,667.0,1712.9,8574.7,0,0,48.6,1392.58
Azure,southeastasia,B2ms,2,8,2,383.9,1894.7,16613.1,1,1,7.4,1666.89
GCP,asia-southeast1,e2-medium,2,4,14,725.1,259.5,16125.6,1,0,73.1,1718.07
GCP,europe-west2,n2-standard-16,16,64,12,620.3,699.7,10449.4,0,0,37.5,7259.11
AWS,ap-southeast-1,m6i.4xlarge,16,64,20,190.1,620.5,7962.8,1,1,44.9,4072.83
Azure,eastus,B2ms,2,8,17,258.3,1788.2,13631.8,1,1,91.2,1694.18
GCP,asia-southeast1,e2-medium,2,4,8,563.0,3065.0,10506.0,1,1,58.8,1342.69
GCP,europe-west2,e2-standard-2,2,8,17,481.8,3981.6,7707.5,1,1,30.7,1656.76
AWS,us-east-1,m6i.large,2,8,16,235.6,3628.1,7981.0,0,0,71.5,1359.17
Azure,uksouth,D8s_v5,8,32,7,264.5,2562.5,13217.3,0,1,11.1,2078.72
GCP,asia-southeast1,e2-medium,2,4,7,379.3,1969.8,16925.7,0,0,80.4,1585.15
Azure,southeastasia,D2s_v5,2,8,13,296.4,747.8,17331.5,1,1,81.1,1945.13
GCP,asia-southeast1,e2-standard-2,2,8,3,201.4,741.2,5998.5,1,1,81.8,686.55
Azure,uksouth,D16s_v5,16,64,4,506.2,1744.1,7527.1,0,1,92.7,2488.73
GCP,europe-west2,n2-standard-2,2,8,6,543.9,3073.0,1936.3,0,1,42.8,797.34
Azure,southeastasia,D2s_v5,2,8,13,482.3,530.5,14587.4,1,0,83.2,2009.4
GCP,europe-west2,n2-standard-8,8,32,14,531.0,3932.4,1626.4,1,0,48.9,3669.71
AWS,us-east-1,t3.medium,2,4,7,588.5,3150.0,12694.5,0,1,79.1,1507.21
GCP,asia-southeast1,e2-standard-2,2,8,13,683.9,3523.6,16845.5,1,0,20.2,2443.6
AWS,ap-southeast-1,m6i.xlarge,4,16,12,339.6,1273.0,5394.9,0,0,43.5,1453.46
AWS,us-east-1,m6i.xlarge,4,16,11,553.8,2508.5,2596.6,0,0,78.0,1598.13
Azure,uksouth,D2s_v5,2,8,17,196.9,554.4,4850.4,0,0,78.3,806.71
AWS,eu-west-2,m6i.xlarge,4,16,18,716.9,1107.2,4099.3,0,1,21.3,3180.29
AWS,eu-west-2,m6i.large,2,8,2,198.7,1834.5,5933.2,0,0,53.7,725.01
AWS,us-east-1,m6i.xlarge,4,16,15,320.1,130.2,4620.6,0,0,30.7,1316.27
AWS,ap-southeast-1,m6i.4xlarge,16,64,17,290.7,1466.0,7612.3,1,1,80.9,5027.81
AWS,eu-west-2,t3.medium,2,4,12,633.2,2356.6,7233.1,1,1,55.6,1240.68
GCP,asia-southeast1,n2-standard-4,4,16,13,624.3,161.5,16228.7,0,1,67.4,3009.84
GCP,asia-southeast1,e2-standard-2,2,8,4,505.1,1916.0,7278.7,1,0,16.5,991.79
AWS,us-east-1,t3.large,2,8,8,643.3,1896.0,3729.3,1,1,53.1,983.07
AWS,ap-southeast-1,m6i.large,2,8,15,620.6,914.7,17565.1,1,0,29.1,2591.38
Azure,eastus,D4s_v5,4,16,11,506.1,3922.1,11969.6,1,1,13.7,2437.38
Azure,eastus,B2ms,2,8,20,695.4,1140.0,16951.6,0,0,67.9,2639.57
AWS,us-east-1,m6i.4xlarge,16,64,8,736.4,1539.5,1697.2,0,1,7.5,4856.64
GCP,europe-west2,e2-standard-2,2,8,2,256.9,667.0,12529.9,1,0,80.8,1167.08
GCP,asia-southeast1,n2-standard-8,8,32,5,505.1,263.0,18853.9,1,1,12.5,2621.36
AWS,us-east-1,t3.medium,2,4,14,236.8,3527.4,8014.7,0,0,70.3,1121.77
AWS,eu-west-2,t3.medium,2,4,20,427.1,1868.8,12736.5,0,0,92.4,1629.43
AWS,us-east-1,m6i.xlarge,4,16,9,247.1,2219.6,3323.8,1,1,68.4,964.51
GCP,europe-west2,n2-standard-4,4,16,19,473.5,1263.4,10739.0,1,1,87.3,2984.57
Azure,eastus,B2ms,2,8,18,338.5,871.1,15330.1,1,0,78.5,1868.67
GCP,us-central1,n2-standard-4,4,16,10,505.8,2571.6,19438.6,0,1,54.1,2697.5
GCP,us-central1,n2-standard-2,2,8,11,360.4,2290.5,12825.0,1,0,80.8,1693.52
GCP,europe-west2,n2-standard-4,4,16,8,316.6,481.9,5009.2,0,1,42.4,988.41
GCP,europe-west2,n2-standard-2,2,8,1,244.4,3284.7,8978.7,1,1,53.6,1143.16
GCP,us-central1,n2-standard-2,2,8,2,533.6,2946.8,12296.5,1,0,86.6,1391.92
AWS,us-east-1,m6i.2xlarge,8,32,17,548.4,714.1,16021.2,1,1,78.4,4996.18
Azure,eastus,D2s_v5,2,8,1,643.5,393.4,8394.7,1,1,8.2,898.45
Azure,uksouth,B2ms,2,8,13,588.9,2864.9,13394.2,0,1,93.7,1995.9
Azure,eastus,B2ms,2,8,13,191.9,3023.5,7117.5,0,0,7.0,1047.35
Azure,southeastasia,D2s_v5,2,8,14,599.8,1306.4,10187.2,0,0,44.0,1918.43
AWS,eu-west-2,t3.medium,2,4,5,186.9,2482.1,17222.5,0,1,17.9,1743.39
GCP,us-central1,n2-standard-16,16,64,3,440.5,3222.6,258.5,0,1,90.7,1288.17
AWS,us-east-1,t3.large,2,8,1,271.4,271.0,6307.7,0,0,56.5,613.55
Azure,uksouth,D8s_v5,8,32,7,298.5,1624.6,2412.2,0,1,27.1,1263.64
AWS,ap-southeast-1,m6i.xlarge,4,16,10,464.3,2697.6,16183.1,0,1,53.2,2714.94
Azure,uksouth,B2ms,2,8,2,544.1,2697.7,18747.9,1,1,61.2,1872.93
GCP,europe-west2,n2-standard-2,2,8,1,687.8,726.9,4504.1,0,1,17.0,523.33
AWS,eu-west-2,m6i.2xlarge,8,32,20,215.6,161.1,5587.7,1,1,91.5,2467.44
GCP,us-central1,n2-standard-8,8,32,15,544.6,148.3,4641.4,0,1,46.2,3524.92
GCP,europe-west2,n2-standard-16,16,64,5,587.9,1687.0,10639.6,1,0,59.0,3488.23
Azure,uksouth,B2ms,2,8,16,518.0,2465.4,6659.7,1,0,51.4,1544.93
AWS,eu-west-2,t3.large,2,8,4,251.2,203.7,18062.6,1,0,45.1,1676.22
GCP,asia-southeast1,e2-standard-2,2,8,10,665.1,2693.4,5324.2,0,1,23.0,1213.93
GCP,us-central1,n2-standard-4,4,16,14,539.3,3870.4,9383.4,0,1,44.0,2584.51
AWS,us-east-1,m6i.xlarge,4,16,18,262.5,1175.0,14417.8,1,1,24.5,2290.0
Azure,eastus,D16s_v5,16,64,11,717.6,3235.8,2446.2,1,0,65.4,6817.25
GCP,us-central1,n2-standard-2,2,8,12,264.4,1072.2,8647.5,1,0,8.9,1174.49
AWS,ap-southeast-1,m6i.2xlarge,8,32,15,343.3,1298.9,11840.7,1,0,29.3,3394.17
Azure,eastus,D2s_v5,2,8,11,593.7,3825.8,12497.5,1,0,13.3,2069.58
GCP,us-central1,n2-standard-2,2,8,19,386.4,3072.7,1074.6,0,1,56.0,1075.09
GCP,asia-southeast1,e2-medium,2,4,4,660.9,2011.9,19713.4,0,1,84.5,1853.35
GCP,europe-west2,n2-standard-4,4,16,9,417.1,1979.8,7436.2,0,0,18.6,1569.37
GCP,us-central1,e2-standard-2,2,8,3,679.4,896.5,721.5,0,0,42.0,256.29
Azure,southeastasia,D16s_v5,16,64,3,351.8,1952.5,12663.0,0,1,64.5,2196.58
Azure,uksouth,D4s_v5,4,16,7,502.9,1238.8,18831.3,0,1,25.8,2429.91
GCP,europe-west2,n2-standard-4,4,16,6,313.4,1337.7,11183.3,0,0,70.5,1424.22
AWS,eu-west-2,m6i.xlarge,4,16,10,220.1,2711.5,11850.9,1,0,71.7,1775.34
AWS,ap-southeast-1,m6i.2xlarge,8,32,13,704.5,2920.2,14210.4,1,1,62.2,5592.8
AWS,ap-southeast-1,t3.large,2,8,19,226.1,2864.9,5320.6,0,1,56.4,1151.73
AWS,ap-southeast-1,m6i.4xlarge,16,64,4,317.0,2523.2,12816.0,1,1,86.9,2488.75
Azure,eastus,D2s_v5,2,8,3,512.3,1247.4,10084.6,1,1,41.7,1180.28
Azure,eastus,D8s_v5,8,32,16,567.6,2842.5,5418.5,0,1,8.3,4369.7
AWS,us-east-1,m6i.2xlarge,8,32,14,713.2,466.3,8548.8,0,1,85.4,4680.65
AWS,ap-southeast-1,m6i.4xlarge,16,64,18,220.7,3054.8,2557.1,0,1,66.6,3882.52
AWS,us-east-1,t3.medium,2,4,3,240.1,1514.6,3393.1,1,0,72.6,497.1
AWS,ap-southeast-1,m6i.2xlarge,8,32,6,578.0,2089.6,1776.8,0,0,28.0,1830.88
GCP,us-central1,e2-standard-2,2,8,16,337.3,1632.8,155.4,1,0,91.8,546.29
Azure,southeastasia,D16s_v5,16,64,19,218.1,1401.2,4163.7,0,0,25.8,4188.67
Azure,southeastasia,D2s_v5,2,8,11,237.6,2153.3,9341.2,0,0,62.7,1289.83
Azure,uksouth,D2s_v5,2,8,3,702.0,862.9,11903.1,0,1,45.5,1319.93
AWS,us-east-1,t3.large,2,8,5,538.8,3655.2,6084.8,0,1,73.5,1061.09
GCP,europe-west2,n2-standard-16,16,64,9,509.4,2770.9,17222.7,0,0,40.0,5471.21
GCP,europe-west2,n2-standard-4,4,16,13,223.7,2018.4,15273.8,0,0,76.3,1999.56
GCP,us-central1,n2-standard-8,8,32,1,737.7,981.8,16546.5,0,1,70.5,1698.54
Azure,eastus,D4s_v5,4,16,6,186.2,3117.9,13789.3,1,1,64.5,1687.01
AWS,ap-southeast-1,m6i.2xlarge,8,32,9,554.5,2549.8,10413.0,0,0,9.2,3320.39
Azure,eastus,B2ms,2,8,5,589.1,2999.7,5306.5,0,0,90.2,917.74
AWS,ap-southeast-1,m6i.4xlarge,16,64,20,736.5,3189.0,16851.7,0,0,59.8,14323.8
Azure,eastus,D8s_v5,8,32,10,320.1,1258.8,5511.2,0,0,83.3,1781.98
GCP,us-central1,e2-standard-2,2,8,5,704.5,3099.2,2329.8,0,1,56.7,680.8
AWS,us-east-1,m6i.2xlarge,8,32,17,674.7,3267.3,4142.3,1,0,83.5,5136.05
AWS,ap-southeast-1,t3.large,2,8,7,470.3,479.4,8452.4,1,1,65.4,1201.3
AWS,ap-southeast-1,m6i.xlarge,4,16,2,683.1,774.9,18869.6,0,1,76.2,1941.66
Azure,uksouth,B2ms,2,8,7,441.1,2731.0,11450.4,1,0,90.7,1544.11
GCP,europe-west2,n2-standard-8,8,32,3,324.6,2549.5,19668.6,0,0,37.4,2240.79
Azure,uksouth,D2s_v5,2,8,20,457.1,2200.6,16951.8,0,1,49.8,2518.58
Azure,uksouth,D8s_v5,8,32,6,383.0,3616.4,15204.6,0,0,73.6,2528.64
Azure,uksouth,B2ms,2,8,9,400.1,3121.0,7750.7,1,1,77.6,1309.89
AWS,us-east-1,m6i.2xlarge,8,32,1,531.4,715.9,2154.5,1,0,9.5,511.65
Azure,eastus,B2ms,2,8,13,321.1,2325.8,2525.3,0,1,46.5,758.64
GCP,asia-southeast1,n2-standard-2,2,8,14,325.8,21.7,10510.0,0,0,94.4,1360.54
GCP,europe-west2,n2-standard-16,16,64,9,370.2,469.3,3376.6,0,0,31.0,3117.56
AWS,ap-southeast-1,t3.medium,2,4,15,444.7,110.6,14559.7,1,1,52.3,1641.34
AWS,ap-southeast-1,t3.medium,2,4,12,635.0,1760.4,10330.7,1,1,24.1,1490.25
Azure,uksouth,D16s_v5,16,64,4,463.4,2412.9,16065.3,0,1,88.1,3136.73
AWS,us-east-1,m6i.2xlarge,8,32,15,284.1,2770.6,3969.4,1,1,39.0,2290.05
AWS,us-east-1,m6i.large,2,8,5,182.2,3336.9,14420.6,0,1,66.0,1605.99
AWS,eu-west-2,m6i.4xlarge,16,64,6,274.9,1872.6,5382.1,1,0,28.3,2075.42
GCP,us-central1,n2-standard-16,16,64,14,429.9,550.8,244.1,1,0,92.5,4863.2
GCP,europe-west2,n2-standard-16,16,64,1,649.6,2321.4,14482.2,1,0,53.5,2001.8
Azure,uksouth,B2ms,2,8,5,256.6,1485.2,18401.1,0,1,17.5,1709.31
Azure,uksouth,D4s_v5,4,16,10,432.6,963.2,7535.2,0,0,45.8,1664.57
AWS,us-east-1,t3.medium,2,4,13,248.0,474.8,11030.0,0,1,77.4,1143.76
Azure,eastus,B2ms,2,8,14,380.8,2283.7,18511.4,0,1,66.2,2167.86
AWS,ap-southeast-1,t3.medium,2,4,4,575.1,2167.8,10183.4,0,0,78.3,1228.0
AWS,eu-west-2,t3.medium,2,4,11,387.8,3072.1,3595.5,0,1,55.3,773.47
Azure,eastus,D16s_v5,16,64,16,527.9,1631.5,2027.5,0,1,21.9,7157.33
AWS,ap-southeast-1,t3.medium,2,4,6,236.1,649.4,13221.2,1,1,9.9,1329.35
Azure,uksouth,B2ms,2,8,15,659.4,3383.9,10912.4,1,1,72.1,2132.47
GCP,asia-southeast1,n2-standard-4,4,16,14,577.6,785.6,19243.4,1,1,79.9,3397.75
GCP,europe-west2,e2-standard-2,2,8,5,475.4,3086.4,5474.4,0,1,40.8,934.0
Azure,southeastasia,B2ms,2,8,5,465.8,3222.1,2831.9,0,1,48.9,756.04
GCP,us-central1,e2-medium,2,4,19,665.4,3602.4,992.3,1,0,78.0,833.73
GCP,us-central1,n2-standard-4,4,16,13,601.1,2772.5,5012.5,1,0,45.1,2258.92
AWS,ap-southeast-1,t3.medium,2,4,18,709.5,1424.2,13194.7,0,1,44.3,1838.75
AWS,us-east-1,m6i.4xlarge,16,64,1,426.1,3203.0,17165.0,0,0,13.9,2050.28
GCP,us-central1,n2-standard-2,2,8,6,416.1,2818.1,18938.4,1,0,14.6,2040.9
GCP,us-central1,e2-standard-2,2,8,6,363.8,221.6,14815.0,0,0,90.2,1348.23
AWS,ap-southeast-1,m6i.4xlarge,16,64,16,354.8,1742.8,16718.2,0,1,77.2,6492.54
GCP,us-central1,n2-standard-8,8,32,7,459.8,270.1,10943.4,0,0,23.1,2164.83
GCP,asia-southeast1,e2-medium,2,4,7,190.1,313.0,14385.0,0,0,69.4,1217.5
AWS,ap-southeast-1,m6i.2xlarge,8,32,13,199.3,289.8,16393.8,0,0,27.2,2534.95
Azure,eastus,D2s_v5,2,8,11,493.1,851.4,12134.8,1,1,80.3,1677.04
GCP,us-central1,e2-standard-2,2,8,6,561.4,1149.8,19157.7,0,0,22.7,1826.09
Azure,eastus,D8s_v5,8,32,18,722.3,2607.9,18952.0,1,1,46.9,7075.38
AWS,ap-southeast-1,m6i.2xlarge,8,32,4,358.8,1412.0,14259.6,1,0,89.1,2001.2
GCP,us-central1,e2-standard-2,2,8,3,208.6,1048.6,2691.5,0,1,22.3,368.08
AWS,eu-west-2,m6i.4xlarge,16,64,20,565.4,3461.9,13498.6,1,1,51.9,10799.58
AWS,ap-southeast-1,m6i.xlarge,4,16,19,322.3,3092.8,19032.1,1,1,27.4,3308.14
GCP,asia-southeast1,n2-standard-4,4,16,7,215.4,2965.4,11593.0,1,0,83.1,1621.09
Azure,uksouth,D16s_v5,16,64,4,326.4,641.2,5124.8,0,1,30.4,1668.0
Azure,eastus,D8s_v5,8,32,15,233.3,2256.4,3698.6,1,1,39.3,1923.93
AWS,eu-west-2,m6i.xlarge,4,16,20,212.9,3523.8,18570.7,0,0,77.9,2694.7
GCP,us-central1,n2-standard-8,8,32,11,482.0,2889.1,2349.5,1,0,60.1,2501.3
GCP,us-central1,n2-standard-8,8,32,3,663.8,3327.9,2924.2,0,1,45.6,1258.81
Azure,uksouth,D8s_v5,8,32,11,443.7,2852.7,6621.0,0,1,92.4,2844.75
AWS,ap-southeast-1,t3.medium,2,4,18,423.7,1040.3,1579.7,0,0,78.9,589.18
Azure,eastus,B2ms,2,8,6,367.0,1745.4,13360.3,0,0,23.9,1410.17
Azure,uksouth,B2ms,2,8,5,468.3,1194.2,4342.8,0,1,61.3,689.31
AWS,eu-west-2,m6i.4xlarge,16,64,15,523.1,3401.5,509.6,1,0,41.0,6859.6
AWS,eu-west-2,m6i.4xlarge,16,64,8,546.3,3415.5,3630.8,1,1,94.7,4293.83
Azure,eastus,D8s_v5,8,32,10,292.2,2727.2,457.3,0,1,61.9,1379.73
GCP,us-central1,e2-medium,2,4,4,648.1,3602.2,7226.9,0,0,73.5,970.97
Azure,uksouth,D2s_v5,2,8,15,488.2,2160.7,5660.2,0,1,54.7,1454.7
GCP,us-central1,n2-standard-2,2,8,11,429.5,1952.4,1998.9,0,1,93.8,771.93
AWS,ap-southeast-1,t3.medium,2,4,1,194.6,2477.0,3308.3,0,0,82.3,525.96
AWS,eu-west-2,t3.large,2,8,19,239.3,3930.5,1405.4,0,0,24.2,866.52
GCP,europe-west2,n2-standard-4,4,16,20,577.0,541.6,8142.0,0,1,63.5,3172.52
AWS,eu-west-2,t3.medium,2,4,19,722.7,2762.4,10775.7,0,1,75.1,1793.27
AWS,us-east-1,t3.medium,2,4,9,367.6,3260.7,5503.9,1,1,53.4,971.34
GCP,europe-west2,n2-standard-4,4,16,13,634.7,3003.8,6031.8,0,1,63.5,2434.23
GCP,asia-southeast1,n2-standard-16,16,64,8,407.1,3249.0,7532.9,1,0,58.7,3795.0
GCP,asia-southeast1,e2-medium,2,4,17,684.9,2814.5,12534.0,1,1,17.6,1784.69
AWS,ap-southeast-1,m6i.xlarge,4,16,9,537.2,515.2,13102.2,0,1,26.9,2206.27
AWS,eu-west-2,m6i.xlarge,4,16,3,508.0,3901.9,493.3,1,1,11.4,758.54
Azure,eastus,D8s_v5,8,32,15,488.9,3265.2,7338.9,1,1,11.6,3818.55
GCP,europe-west2,e2-medium,2,4,10,676.8,3576.4,14082.8,0,1,91.0,1687.44
GCP,europe-west2,e2-medium,2,4,20,609.2,3502.8,9572.3,1,1,72.7,1636.71
Azure,uksouth,B2ms,2,8,9,240.0,187.6,16632.1,1,0,15.4,1607.31
Azure,eastus,D8s_v5,8,32,8,742.6,970.4,14827.2,0,0,92.7,3647.64
AWS,eu-west-2,m6i.4xlarge,16,64,14,474.4,3482.6,14859.1,0,1,65.9,7089.25
Azure,eastus,B2ms,2,8,14,355.7,3455.2,9296.2,1,0,8.8,1515.81
AWS,us-east-1,m6i.xlarge,4,16,16,472.7,1070.1,8691.2,1,1,58.6,2407.67
GCP,asia-southeast1,e2-medium,2,4,10,246.0,2466.1,7602.5,1,1,28.0,1037.69
AWS,us-east-1,m6i.2xlarge,8,32,6,207.0,3275.4,5708.7,1,1,76.4,1281.3
AWS,us-east-1,m6i.2xlarge,8,32,5,606.8,182.1,808.2,0,1,19.7,1271.75
AWS,ap-southeast-1,m6i.2xlarge,8,32,2,430.8,3283.1,3542.4,0,1,85.4,996.18
Azure,uksouth,D4s_v5,4,16,14,476.7,3938.0,14906.5,0,0,18.8,2856.33
GCP,asia-southeast1,e2-medium,2,4,20,660.7,835.5,8429.1,1,0,60.6,1364.97
GCP,asia-southeast1,e2-medium,2,4,18,710.4,1948.5,540.5,0,0,89.9,690.06
GCP,us-central1,n2-standard-4,4,16,6,341.6,1325.7,4511.3,0,1,29.0,891.66
Azure,uksouth,D8s_v5,8,32,20,695.6,2230.9,12563.6,1,0,42.2,7362.39
GCP,europe-west2,n2-standard-4,4,16,1,397.6,281.1,18626.9,1,1,71.9,1659.91
Azure,southeastasia,D16s_v5,16,64,17,657.7,3957.5,7267.2,1,1,82.2,11219.59
GCP,europe-west2,n2-standard-4,4,16,6,526.9,994.9,17239.4,1,0,53.9,2169.18
GCP,asia-southeast1,n2-standard-2,2,8,8,475.8,351.4,8237.3,1,0,57.1,1230.36
AWS,us-east-1,t3.large,2,8,19,350.8,2623.8,19582.3,0,0,10.3,2377.38
GCP,asia-southeast1,n2-standard-4,4,16,17,500.2,3685.7,11191.2,0,0,75.8,3064.15
Azure,southeastasia,D4s_v5,4,16,16,624.0,2701.3,7429.2,1,0,70.7,3204.44
Azure,uksouth,D8s_v5,8,32,18,598.2,3914.2,5809.7,1,0,28.8,5540.74
AWS,us-east-1,t3.large,2,8,20,631.7,1014.3,19048.9,0,0,41.3,2741.77
Azure,uksouth,D2s_v5,2,8,1,558.6,1670.4,8380.3,0,1,93.7,935.36
Azure,uksouth,D2s_v5,2,8,10,606.3,3990.0,10329.1,0,1,91.1,1884.79
GCP,asia-southeast1,n2-standard-8,8,32,18,543.4,2392.1,8309.4,0,1,25.8,5155.39
Azure,eastus,D2s_v5,2,8,6,240.8,643.4,7142.8,0,0,16.4,797.39
Azure,uksouth,B2ms,2,8,16,497.9,1387.0,19917.4,1,0,23.8,2467.77
GCP,us-central1,e2-medium,2,4,3,683.7,1967.7,17679.6,0,1,10.3,1645.63
GCP,europe-west2,n2-standard-16,16,64,12,569.1,3083.0,9666.2,0,0,68.8,6800.38
Azure,eastus,B2ms,2,8,5,632.9,2128.4,1215.1,0,0,94.2,516.75
GCP,us-central1,n2-standard-16,16,64,7,357.6,2795.1,11965.3,1,1,63.8,3308.62
GCP,us-central1,n2-standard-4,4,16,19,738.9,484.6,3758.1,1,0,13.8,3114.03
AWS,ap-southeast-1,m6i.4xlarge,16,64,3,184.4,281.4,14196.3,1,1,9.1,1789.86
AWS,us-east-1,m6i.4xlarge,16,64,19,519.6,1915.7,7873.0,1,0,49.0,8777.85
GCP,asia-southeast1,e2-standard-2,2,8,7,339.3,2754.8,19936.5,1,0,49.9,2029.73
AWS,eu-west-2,m6i.large,2,8,4,302.9,2233.0,5010.2,0,1,75.4,777.72
GCP,asia-southeast1,n2-standard-2,2,8,3,630.9,73.8,3416.2,1,0,7.9,569.81
AWS,eu-west-2,m6i.large,2,8,5,742.1,1161.7,2914.8,0,1,53.6,760.26
GCP,asia-southeast1,n2-standard-16,16,64,6,298.3,1099.9,7894.1,0,1,84.2,2349.45
GCP,europe-west2,e2-medium,2,4,13,473.6,1662.3,6918.3,1,1,86.1,1003.3
GCP,us-central1,n2-standard-2,2,8,4,635.3,2350.5,1425.6,0,0,30.3,551.6
AWS,ap-southeast-1,m6i.large,2,8,18,545.0,2979.8,979.8,0,0,46.6,1409.63
Azure,uksouth,D8s_v5,8,32,8,640.6,3269.1,14061.3,0,1,44.9,3562.92
AWS,us-east-1,m6i.xlarge,4,16,3,305.5,1238.2,10130.7,0,0,84.9,1169.43
GCP,us-central1,e2-medium,2,4,1,463.5,487.8,3787.0,1,0,90.8,433.2
GCP,europe-west2,e2-standard-2,2,8,3,365.9,2557.8,7386.2,1,1,46.2,993.24
AWS,eu-west-2,m6i.large,2,8,18,726.3,1302.7,16502.0,0,1,13.7,2857.7
GCP,europe-west2,n2-standard-2,2,8,18,714.4,1858.8,15462.2,1,0,6.9,2808.68
AWS,ap-southeast-1,m6i.2xlarge,8,32,6,238.2,3884.8,5978.3,1,1,67.7,1573.34
AWS,ap-southeast-1,m6i.xlarge,4,16,19,300.2,2323.4,2139.7,1,1,24.6,1705.63
AWS,ap-southeast-1,t3.large,2,8,12,534.4,1639.4,5293.7,1,1,61.6,1275.07
Azure,southeastasia,D2s_v5,2,8,16,252.4,469.4,19815.9,1,0,31.0,2121.82
Azure,uksouth,B2ms,2,8,7,687.3,1741.2,8819.9,1,1,61.1,1412.02
Azure,southeastasia,D2s_v5,2,8,13,405.7,3415.0,10409.1,0,1,70.3,1814.58
AWS,us-east-1,m6i.4xlarge,16,64,14,595.7,1514.6,1527.4,0,1,32.0,6806.3
Azure,uksouth,D8s_v5,8,32,9,695.0,3443.7,6621.0,1,0,71.6,3616.8
AWS,ap-southeast-1,t3.large,2,8,9,372.0,3573.5,13272.4,0,1,40.8,1793.5
AWS,eu-west-2,m6i.2xlarge,8,32,6,483.1,2046.3,3761.9,0,1,84.4,1738.43
GCP,europe-west2,e2-standard-2,2,8,7,435.6,1225.6,3159.0,0,0,50.9,584.25
GCP,asia-southeast1,n2-standard-2,2,8,19,544.7,2188.5,15842.5,1,0,36.6,2639.37
AWS,us-east-1,t3.large,2,8,20,634.3,848.8,1403.9,1,1,59.9,1312.58
GCP,asia-southeast1,n2-standard-4,4,16,3,436.4,2093.5,5184.0,0,0,70.8,909.83
AWS,ap-southeast-1,m6i.xlarge,4,16,1,631.3,2047.6,4744.5,1,1,76.9,810.41
Azure,uksouth,D8s_v5,8,32,1,314.9,1775.5,8044.1,0,1,38.3,977.16
Azure,southeastasia,D4s_v5,4,16,3,395.3,1349.5,18993.9,0,0,60.9,1980.99
Azure,southeastasia,D16s_v5,16,64,15,651.9,2899.7,13004.2,0,0,42.5,10419.7
Azure,uksouth,D16s_v5,16,64,13,297.0,493.3,7298.5,0,1,87.8,4023.02
Azure,eastus,D4s_v5,4,16,3,272.0,2207.0,19837.7,1,1,81.8,1997.65
AWS,eu-west-2,t3.medium,2,4,18,594.6,1462.3,13246.5,0,1,72.5,1741.51
AWS,us-east-1,m6i.2xlarge,8,32,2,226.1,2469.5,13528.7,0,0,16.4,1553.91
AWS,us-east-1,t3.medium,2,4,19,230.8,2421.5,18592.2,1,1,83.4,2014.54
Azure,southeastasia,D16s_v5,16,64,9,507.3,2871.8,3679.2,0,0,13.2,4781.56
GCP,asia-southeast1,n2-standard-8,8,32,15,435.2,885.8,14246.7,1,1,70.0,3952.19
GCP,asia-southeast1,e2-standard-2,2,8,5,538.7,275.4,5339.5,1,0,42.6,739.15
Azure,eastus,B2ms,2,8,5,470.1,2780.2,19335.5,0,0,24.0,1955.7
GCP,us-central1,n2-standard-4,4,16,20,375.3,1410.4,9557.9,0,1,19.2,2370.37
Azure,uksouth,D2s_v5,2,8,17,703.1,2239.1,2123.6,0,1,74.0,1654.78
GCP,asia-southeast1,e2-medium,2,4,11,284.1,1900.4,11423.6,1,0,29.4,1313.99
Azure,uksouth,D2s_v5,2,8,12,211.6,856.4,8771.5,0,0,11.5,1071.29
GCP,us-central1,n2-standard-16,16,64,7,734.2,197.8,10178.8,0,1,92.6,4843.86
Azure,eastus,D2s_v5,2,8,10,278.9,149.5,13593.8,1,1,21.9,1432.36
GCP,asia-southeast1,n2-standard-2,2,8,6,573.6,2351.9,7509.6,0,1,69.0,1206.31
GCP,us-central1,n2-standard-8,8,32,16,277.0,1073.7,203.7,0,0,6.9,1812.36
GCP,asia-southeast1,n2-standard-16,16,64,17,624.0,3219.4,1363.7,1,1,51.0,9591.87
AWS,ap-southeast-1,m6i.xlarge,4,16,9,451.7,2370.0,75.8,0,1,70.8,1110.92
GCP,europe-west2,e2-standard-2,2,8,20,441.0,366.4,2776.3,0,1,37.7,919.27
Azure,southeastasia,D8s_v5,8,32,15,390.0,2975.0,11948.1,0,1,24.6,3902.74
Azure,southeastasia,B2ms,2,8,20,306.7,1505.7,3851.0,0,1,77.3,1048.71
GCP,europe-west2,n2-standard-4,4,16,19,182.8,1760.7,3404.8,1,1,66.1,1241.78
Azure,southeastasia,D4s_v5,4,16,19,349.0,2763.0,16748.9,1,0,66.8,3039.67
Azure,uksouth,D8s_v5,8,32,15,354.1,3980.1,1632.2,0,0,10.3,2715.5
Azure,southeastasia,B2ms,2,8,16,290.5,206.1,10944.1,0,1,44.8,1406.18
AWS,eu-west-2,m6i.2xlarge,8,32,6,488.9,1851.6,326.2,1,0,18.4,1465.15
GCP,asia-southeast1,e2-standard-2,2,8,10,228.5,3807.9,16766.8,0,0,64.9,1830.32
Azure,uksouth,D16s_v5,16,64,12,714.6,1648.0,14093.9,1,1,14.4,8668.85
Azure,uksouth,D4s_v5,4,16,12,536.7,1594.0,3177.5,0,1,77.8,1763.41
GCP,asia-southeast1,e2-standard-2,2,8,19,364.5,2140.1,12652.1,0,0,89.8,1756.14
Azure,uksouth,D2s_v5,2,8,18,536.0,3134.5,6558.6,1,0,80.0,1907.66
AWS,eu-west-2,t3.medium,2,4,4,297.0,918.2,18833.9,1,1,66.4,1788.71
Azure,uksouth,D4s_v5,4,16,16,393.8,1343.1,10052.6,0,0,57.9,2327.65
GCP,asia-southeast1,n2-standard-16,16,64,6,323.3,32.9,18068.6,1,0,48.5,3165.55
GCP,europe-west2,n2-standard-4,4,16,8,186.9,1448.4,9407.0,1,1,13.7,1329.33
GCP,asia-southeast1,n2-standard-8,8,32,12,403.9,331.7,2222.3,0,0,36.3,2264.61
GCP,europe-west2,e2-medium,2,4,16,541.2,3477.5,3733.8,1,1,53.1,977.56
AWS,ap-southeast-1,t3.large,2,8,15,706.2,1701.6,16665.9,1,1,66.9,2732.15
AWS,ap-southeast-1,m6i.2xlarge,8,32,18,482.9,92.2,15971.9,0,0,34.1,5014.43
Azure,southeastasia,D16s_v5,16,64,13,385.7,894.2,9637.3,0,1,82.6,5338.96
GCP,asia-southeast1,n2-standard-2,2,8,20,251.0,989.3,5891.3,0,0,15.9,1134.85
GCP,asia-southeast1,e2-medium,2,4,3,492.2,2763.1,1296.1,1,0,6.1,462.18
AWS,eu-west-2,m6i.2xlarge,8,32,18,422.5,1050.7,14533.2,1,1,28.4,4458.32
Azure,southeastasia,D8s_v5,8,32,14,347.8,3588.5,16593.1,1,0,14.1,3907.25
GCP,us-central1,n2-standard-2,2,8,19,486.5,562.1,9811.2,0,0,6.3,1702.77
AWS,ap-southeast-1,m6i.xlarge,4,16,8,618.6,2844.4,8476.1,1,0,26.8,2123.02
Azure,uksouth,B2ms,2,8,4,367.1,1324.7,7193.9,1,0,92.4,906.54
AWS,ap-southeast-1,t3.medium,2,4,9,391.9,140.1,11946.2,0,1,69.6,1233.79
AWS,ap-southeast-1,m6i.large,2,8,3,424.0,576.2,7043.7,0,1,89.0,829.38
AWS,us-east-1,m6i.xlarge,4,16,4,528.4,2434.8,11260.6,1,0,12.9,1650.45
GCP,europe-west2,n2-standard-16,16,64,1,493.4,753.5,1686.0,1,0,16.6,701.57
AWS,eu-west-2,m6i.large,2,8,7,701.5,81.0,18230.5,1,1,75.5,2115.16
GCP,asia-southeast1,n2-standard-2,2,8,17,445.3,1895.6,3723.2,1,0,5.9,1374.48
GCP,us-central1,n2-standard-8,8,32,2,355.3,507.7,3334.2,0,0,88.7,587.5
Azure,southeastasia,B2ms,2,8,9,233.7,2949.5,8921.3,0,1,60.4,1255.78
Azure,uksouth,D8s_v5,8,32,10,216.3,1095.8,3289.7,1,1,79.6,1345.35
GCP,us-central1,n2-standard-8,8,32,18,714.5,2265.4,14903.3,0,0,53.3,6701.9
AWS,us-east-1,m6i.xlarge,4,16,19,506.3,1014.4,13713.3,1,0,64.2,3187.12
AWS,eu-west-2,m6i.4xlarge,16,64,14,415.4,2506.2,18134.9,1,0,16.6,6426.38
AWS,us-east-1,t3.medium,2,4,17,201.0,2810.5,8030.2,1,0,31.3,1158.6
GCP,asia-southeast1,n2-standard-16,16,64,9,350.5,2916.7,603.2,0,1,75.6,2990.91
GCP,us-central1,e2-medium,2,4,6,254.8,1921.5,16659.9,0,1,80.4,1532.03
Azure,eastus,D2s_v5,2,8,19,639.7,376.2,18887.7,1,1,40.0,2775.2
GCP,us-central1,n2-standard-4,4,16,15,652.1,2574.4,9497.9,0,0,25.2,2906.44
GCP,us-central1,n2-standard-4,4,16,19,486.8,1139.3,3164.4,0,1,82.6,2167.08
Azure,uksouth,D16s_v5,16,64,4,381.1,3078.5,9068.3,0,1,34.3,2402.57
AWS,us-east-1,m6i.xlarge,4,16,18,660.0,1924.1,8803.4,1,1,88.8,3223.12
Azure,uksouth,D4s_v5,4,16,13,193.2,1825.9,18426.5,0,0,38.9,2114.78
Azure,eastus,D16s_v5,16,64,7,228.0,2322.7,19635.1,1,0,8.9,3086.31
GCP,europe-west2,n2-standard-4,4,16,14,235.5,887.2,1400.2,0,1,11.2,896.4
GCP,us-central1,n2-standard-16,16,64,6,385.7,1240.6,17814.1,0,0,32.7,3262.25
AWS,ap-southeast-1,m6i.4xlarge,16,64,19,379.8,2320.5,7814.6,1,1,85.5,7307.23
GCP,us-central1,n2-standard-4,4,16,3,353.1,314.0,5960.7,1,1,85.6,820.9
GCP,asia-southeast1,n2-standard-2,2,8,10,608.7,3153.2,13504.9,1,1,50.0,2097.32
AWS,us-east-1,m6i.xlarge,4,16,1,488.2,3550.8,2520.4,1,0,34.6,654.77
AWS,ap-southeast-1,t3.medium,2,4,12,310.1,879.9,8637.7,0,0,94.4,1026.3
GCP,asia-southeast1,n2-standard-8,8,32,6,623.4,2530.9,9819.0,0,1,61.9,2816.76
Azure,eastus,D2s_v5,2,8,1,266.3,1359.8,8872.8,0,1,78.7,895.97
Azure,uksouth,B2ms,2,8,5,424.8,377.7,16386.1,0,0,76.8,1567.05
AWS,eu-west-2,m6i.xlarge,4,16,6,582.9,3332.4,11483.0,1,0,65.0,2115.19
GCP,us-central1,n2-standard-16,16,64,9,459.3,3167.3,13612.4,0,0,82.3,4622.61
AWS,us-east-1,m6i.2xlarge,8,32,15,620.8,456.9,17267.8,1,0,77.3,5144.55
GCP,europe-west2,n2-standard-8,8,32,17,654.6,600.9,4180.9,0,0,48.6,5110.15
Azure,eastus,D8s_v5,8,32,8,536.0,2892.5,12135.3,0,1,40.1,3026.83
AWS,eu-west-2,m6i.large,2,8,16,564.0,3565.8,6266.1,0,1,18.8,1843.71
Azure,eastus,B2ms,2,8,3,482.8,2069.2,10698.4,0,0,9.0,1174.08
Azure,eastus,D4s_v5,4,16,6,445.2,3296.0,1691.7,1,0,15.5,977.18
GCP,us-central1,n2-standard-4,4,16,3,625.8,3837.1,11478.2,1,1,41.1,1710.99
Azure,southeastasia,D4s_v5,4,16,16,381.0,696.3,10873.8,0,0,53.8,2322.75
Azure,eastus,D16s_v5,16,64,9,224.0,655.6,1029.1,0,0,18.4,1704.09
Azure,southeastasia,D2s_v5,2,8,18,659.4,1704.3,14894.1,1,0,70.3,2816.78
Azure,eastus,D4s_v5,4,16,19,276.9,254.6,17983.8,1,1,68.1,2620.73
GCP,europe-west2,n2-standard-4,4,16,9,211.9,3708.5,19928.7,1,1,68.5,2356.48
AWS,us-east-1,m6i.4xlarge,16,64,16,290.3,950.3,9875.6,1,1,39.6,4505.87
AWS,eu-west-2,t3.large,2,8,2,327.7,2101.2,4258.9,0,0,85.3,623.27
Azure,uksouth,B2ms,2,8,2,673.7,1276.4,7398.9,1,0,52.7,934.24
Azure,southeastasia,D4s_v5,4,16,17,659.6,2565.9,7887.7,1,0,74.3,3496.23
AWS,ap-southeast-1,m6i.large,2,8,19,478.7,1314.1,19832.5,1,1,22.7,2771.38
GCP,asia-southeast1,n2-standard-2,2,8,20,631.0,1932.5,13316.1,0,1,17.9,2625.79
Azure,uksouth,D4s_v5,4,16,15,350.7,2479.6,15099.1,0,1,31.3,2584.35
GCP,europe-west2,n2-standard-16,16,64,12,201.5,3432.7,9539.2,0,1,5.3,3188.81
AWS,eu-west-2,t3.large,2,8,19,608.1,1402.9,12949.9,0,0,74.2,2270.84
Azure,uksouth,D8s_v5,8,32,13,527.6,510.9,15004.7,1,0,29.2,4298.33
GCP,europe-west2,n2-standard-16,16,64,8,736.5,2912.9,750.6,1,0,58.6,5510.44
AWS,ap-southeast-1,m6i.xlarge,4,16,11,351.4,1565.8,3941.4,0,1,43.2,1331.81
Azure,uksouth,D4s_v5,4,16,1,418.4,1011.5,14650.8,0,1,42.8,1396.61
GCP,us-central1,e2-standard-2,2,8,18,369.2,2321.4,18799.8,1,0,64.0,2170.31
AWS,ap-southeast-1,m6i.xlarge,4,16,7,421.8,2248.1,7217.2,1,0,57.7,1553.94
Azure,uksouth,D2s_v5,2,8,18,429.5,755.6,3050.8,0,1,40.6,1162.65
AWS,eu-west-2,t3.medium,2,4,12,707.8,1337.5,2261.0,0,1,90.0,735.93
GCP,asia-southeast1,n2-standard-2,2,8,16,254.9,158.5,3416.7,1,0,40.3,806.18
AWS,us-east-1,t3.large,2,8,17,196.2,3027.8,4900.2,0,0,54.7,952.64
Azure,southeastasia,B2ms,2,8,17,277.7,109.4,17285.1,0,0,12.5,1876.24
Azure,southeastasia,D16s_v5,16,64,19,213.1,1500.8,8685.7,1,1,83.0,4580.98
AWS,ap-southeast-1,m6i.xlarge,4,16,18,325.9,3402.6,5655.7,1,0,30.0,2137.38
GCP,europe-west2,n2-standard-2,2,8,12,538.8,321.7,19062.2,1,0,69.4,2267.74
Azure,eastus,D8s_v5,8,32,12,490.0,2674.4,14753.9,0,0,22.8,3797.78
GCP,europe-west2,e2-standard-2,2,8,20,662.5,25.3,15211.1,0,0,28.2,2223.1
Azure,uksouth,D16s_v5,16,64,3,686.9,1749.0,2126.7,0,1,27.9,2069.52
GCP,europe-west2,n2-standard-16,16,64,15,520.0,1414.6,1056.2,1,1,56.7,6932.6
GCP,europe-west2,n2-standard-16,16,64,19,372.7,3471.8,9573.4,0,1,14.8,7095.52
GCP,asia-southeast1,e2-medium,2,4,15,366.3,2810.5,14673.4,0,0,80.8,1623.96
Azure,eastus,D8s_v5,8,32,14,186.9,136.5,12054.2,0,1,60.6,2120.95
Azure,southeastasia,D4s_v5,4,16,17,502.3,3917.3,10331.0,0,1,9.0,3219.62
GCP,asia-southeast1,n2-standard-4,4,16,18,637.1,3977.0,1936.0,0,1,62.1,3011.93
Azure,southeastasia,D16s_v5,16,64,3,678.2,2272.9,18269.9,1,1,85.9,3590.28
Azure,southeastasia,B2ms,2,8,9,222.7,3483.4,9567.0,1,1,31.4,1427.2
AWS,ap-southeast-1,m6i.xlarge,4,16,14,441.1,3656.9,15974.8,0,1,71.8,3099.67
Azure,southeastasia,B2ms,2,8,17,485.8,23.6,7535.0,0,1,41.5,1461.81
AWS,ap-southeast-1,m6i.xlarge,4,16,20,524.4,919.2,13419.9,0,1,85.0,3442.04
Azure,uksouth,B2ms,2,8,13,654.4,3553.3,9367.5,0,0,47.0,1850.46
GCP,europe-west2,n2-standard-16,16,64,6,599.5,335.0,11506.3,0,0,29.5,4013.88
AWS,us-east-1,m6i.large,2,8,16,257.4,3093.1,12326.9,1,0,16.5,1738.87
GCP,asia-southeast1,n2-standard-2,2,8,4,703.3,2524.2,134.2,1,1,74.5,610.04
Azure,uksouth,D2s_v5,2,8,12,659.8,3610.5,16819.0,0,1,36.3,2542.18
AWS,ap-southeast-1,m6i.4xlarge,16,64,16,361.9,1662.2,5433.4,1,1,80.2,5716.22
Azure,southeastasia,D2s_v5,2,8,13,291.0,1818.3,9246.2,1,1,60.6,1479.05
Azure,uksouth,D16s_v5,16,64,5,743.1,3360.1,463.1,1,0,86.1,3506.28
AWS,us-east-1,m6i.2xlarge,8,32,14,657.7,657.1,7851.1,1,1,74.9,4410.25
GCP,asia-southeast1,n2-standard-2,2,8,19,676.2,3869.6,14942.5,0,0,22.0,2987.01
AWS,eu-west-2,m6i.4xlarge,16,64,19,435.6,107.7,6735.2,1,0,80.1,7329.65
AWS,eu-west-2,t3.medium,2,4,3,691.8,897.2,10560.6,1,1,36.1,1192.77
AWS,eu-west-2,t3.medium,2,4,3,388.2,263.4,18127.5,0,0,5.3,1598.4
Azure,uksouth,D2s_v5,2,8,1,631.2,2707.7,3902.9,1,0,80.9,675.53
Azure,southeastasia,D4s_v5,4,16,5,494.4,2132.7,15739.4,1,0,28.4,2093.31
GCP,asia-southeast1,n2-standard-16,16,64,12,736.3,3009.3,13356.8,1,0,48.3,8767.68
Azure,eastus,B2ms,2,8,12,685.9,2763.9,6136.0,0,1,24.1,1445.06
AWS,eu-west-2,m6i.2xlarge,8,32,20,426.7,3494.9,6636.1,1,0,27.2,4600.46
Azure,eastus,D8s_v5,8,32,3,311.2,2410.2,811.7,0,0,72.3,615.5
Azure,uksouth,D4s_v5,4,16,2,231.0,3033.6,7636.5,0,0,17.5,983.29
GCP,us-central1,e2-standard-2,2,8,2,637.3,2277.4,3008.7,0,0,33.5,501.68
GCP,us-central1,n2-standard-16,16,64,5,316.6,3465.0,3322.3,0,0,59.8,1729.13
AWS,ap-southeast-1,m6i.large,2,8,8,301.8,2786.2,9234.1,1,1,17.6,1408.48
GCP,europe-west2,n2-standard-2,2,8,19,712.2,559.0,11028.9,1,0,7.4,2444.72
Azure,uksouth,D16s_v5,16,64,10,496.6,626.1,12374.4,1,1,83.2,5492.57
GCP,europe-west2,n2-standard-4,4,16,4,412.6,1928.9,14411.0,0,1,28.1,1691.27
GCP,us-central1,n2-standard-16,16,64,16,434.0,1330.4,13700.5,0,1,17.5,6590.61
AWS,ap-southeast-1,m6i.xlarge,4,16,12,285.7,2027.1,18953.6,0,1,5.6,2517.4
AWS,eu-west-2,m6i.4xlarge,16,64,5,298.6,1870.5,942.2,0,1,11.6,1538.96
Azure,uksouth,D2s_v5,2,8,12,182.5,2347.3,9395.4,0,1,54.1,1232.97
AWS,eu-west-2,t3.medium,2,4,18,368.9,1811.8,13752.8,1,1,45.2,1793.61
Azure,uksouth,D8s_v5,8,32,13,619.5,2964.4,14081.0,1,1,64.7,4889.71
Azure,eastus,D4s_v5,4,16,6,601.6,2467.5,12695.7,1,0,42.0,2003.8
AWS,eu-west-2,m6i.2xlarge,8,32,1,548.4,57.2,4690.1,0,0,53.4,663.82
GCP,europe-west2,n2-standard-8,8,32,6,259.0,1761.5,10765.1,0,1,11.9,1764.07
AWS,ap-southeast-1,m6i.xlarge,4,16,10,565.6,1053.5,4698.2,1,1,29.2,1775.76
AWS,ap-southeast-1,t3.medium,2,4,12,649.1,3069.1,8746.1,1,0,44.0,1479.26
Azure,southeastasia,D8s_v5,8,32,7,397.1,135.0,8588.4,1,0,41.5,2039.77
GCP,asia-southeast1,n2-standard-2,2,8,7,238.3,2421.8,4225.3,0,0,71.0,755.44
GCP,europe-west2,e2-medium,2,4,4,183.9,607.2,8351.5,0,1,85.2,778.54
Azure,uksouth,B2ms,2,8,20,724.6,221.1,2007.9,0,0,66.4,1472.04
Azure,eastus,B2ms,2,8,20,230.6,3605.2,7480.9,0,1,92.5,1307.4
AWS,eu-west-2,m6i.2xlarge,8,32,16,298.7,549.5,4663.6,0,1,67.1,2424.14
GCP,europe-west2,n2-standard-16,16,64,15,688.1,1270.4,18213.7,0,1,81.6,10257.78
GCP,asia-southeast1,n2-standard-16,16,64,13,486.9,3148.6,5116.4,1,0,33.1,6347.34
Azure,southeastasia,D8s_v5,8,32,10,344.7,352.6,18431.7,0,0,37.8,2991.18
AWS,ap-southeast-1,t3.large,2,8,19,679.2,65.6,3580.9,1,0,39.5,1603.2
AWS,ap-southeast-1,m6i.4xlarge,16,64,14,243.9,2541.6,17293.6,0,0,83.7,4704.16
Azure,eastus,D16s_v5,16,64,7,290.4,2239.6,13040.6,0,1,16.0,2897.85
Azure,uksouth,D4s_v5,4,16,2,208.6,3560.3,10426.5,0,1,86.9,1322.53
AWS,ap-southeast-1,m6i.large,2,8,8,291.8,3181.9,11484.2,0,1,85.2,1580.41
GCP,europe-west2,n2-standard-8,8,32,9,361.4,1729.3,7992.5,1,0,27.1,2222.93
Azure,southeastasia,D4s_v5,4,16,11,336.1,549.2,14064.6,0,0,71.8,2075.99
AWS,us-east-1,m6i.2xlarge,8,32,8,475.2,1853.6,8100.1,1,1,42.9,2439.69
GCP,asia-southeast1,n2-standard-8,8,32,12,494.1,2674.2,14275.7,0,0,17.0,3942.32
Azure,uksouth,D16s_v5,16,64,1,248.0,912.9,18616.3,1,1,13.5,1883.47
AWS,eu-west-2,t3.large,2,8,20,540.2,2551.7,5414.4,1,0,27.4,1739.91
AWS,eu-west-2,t3.large,2,8,4,709.9,2320.5,1371.3,0,0,37.3,555.36
Azure,southeastasia,D4s_v5,4,16,11,314.7,2173.9,14459.4,1,0,10.1,2200.27
AWS,ap-southeast-1,t3.large,2,8,7,222.8,199.2,15072.6,1,0,63.6,1508.16
Azure,southeastasia,D4s_v5,4,16,19,639.4,622.4,18140.5,1,0,51.9,4349.81
AWS,ap-southeast-1,m6i.large,2,8,5,692.0,1653.4,14685.0,0,0,35.9,1748.18
GCP,europe-west2,n2-standard-2,2,8,17,537.9,2751.6,18621.4,0,0,74.6,2703.96
GCP,europe-west2,n2-standard-2,2,8,15,495.7,1515.9,1165.4,1,0,88.4,1074.28
AWS,eu-west-2,m6i.2xlarge,8,32,16,674.1,1790.4,2786.5,0,0,45.1,4907.53
AWS,ap-southeast-1,m6i.large,2,8,17,420.9,1826.0,8657.0,1,1,70.1,1810.76
GCP,us-central1,e2-medium,2,4,19,594.7,3023.1,5789.9,1,1,75.1,1187.41
GCP,asia-southeast1,n2-standard-4,4,16,1,367.3,1382.7,13654.9,0,1,54.7,1332.4
GCP,europe-west2,n2-standard-2,2,8,11,703.2,385.3,9677.6,0,1,37.4,1652.58
AWS,ap-southeast-1,m6i.large,2,8,5,332.6,3869.0,3252.3,1,0,83.0,889.74
AWS,us-east-1,m6i.xlarge,4,16,7,223.6,1850.9,10335.1,0,1,29.9,1384.01
Azure,eastus,D16s_v5,16,64,16,399.7,2325.5,17829.6,1,1,82.1,6692.05
Azure,southeastasia,D4s_v5,4,16,13,185.6,1869.8,19562.7,0,0,51.2,2235.08
AWS,us-east-1,m6i.large,2,8,4,440.2,1302.9,13113.4,0,1,19.8,1417.56
GCP,us-central1,n2-standard-4,4,16,9,512.6,3988.2,9160.6,1,0,65.1,2011.88
AWS,us-east-1,m6i.large,2,8,9,384.8,3096.2,3860.8,1,1,83.6,984.27
Azure,eastus,B2ms,2,8,13,667.1,724.2,18379.0,0,1,93.2,2305.58
Azure,eastus,B2ms,2,8,9,505.3,3561.1,11795.6,0,0,76.7,1656.33
GCP,us-central1,n2-standard-16,16,64,14,685.8,3745.8,15341.7,1,0,7.3,9060.48
GCP,europe-west2,e2-medium,2,4,16,463.0,1702.7,16892.1,1,1,80.9,1845.68
AWS,ap-southeast-1,m6i.4xlarge,16,64,7,649.7,3520.6,3201.7,1,1,92.8,4643.3
Azure,uksouth,D16s_v5,16,64,17,579.5,2856.5,12237.2,1,1,62.1,9924.79
GCP,europe-west2,n2-standard-8,8,32,10,701.1,2889.8,15634.0,0,1,55.3,4497.74
GCP,us-central1,e2-standard-2,2,8,10,391.3,235.8,19402.9,1,1,61.5,1858.74
Azure,uksouth,D2s_v5,2,8,20,208.2,3270.2,423.0,1,1,35.7,811.1
GCP,us-central1,n2-standard-4,4,16,14,449.9,960.8,9266.1,0,0,40.2,2072.67
AWS,ap-southeast-1,m6i.xlarge,4,16,11,306.8,639.6,868.0,1,0,37.5,922.42
AWS,eu-west-2,m6i.4xlarge,16,64,17,504.0,2175.7,2000.5,0,1,94.7,7706.81
GCP,asia-southeast1,e2-medium,2,4,10,383.8,2164.2,9464.2,0,0,41.5,1119.82
AWS,eu-west-2,t3.medium,2,4,7,437.3,3684.6,4021.0,1,1,63.0,886.85
AWS,ap-southeast-1,t3.large,2,8,14,541.4,3271.0,17068.8,1,0,64.2,2437.46
Azure,uksouth,D16s_v5,16,64,13,180.1,358.0,14696.9,1,1,9.0,3421.02
Azure,eastus,B2ms,2,8,12,294.9,3453.3,2398.6,0,0,64.2,768.95
AWS,ap-southeast-1,m6i.2xlarge,8,32,1,248.9,351.0,2076.0,0,1,48.2,333.04
Azure,eastus,B2ms,2,8,18,231.1,2726.7,1624.0,0,1,54.4,693.53
AWS,eu-west-2,t3.large,2,8,16,655.8,243.2,2465.1,0,1,68.9,1188.07
AWS,us-east-1,m6i.4xlarge,16,64,13,418.7,3330.4,8682.9,0,1,23.4,5165.26
GCP,europe-west2,n2-standard-8,8,32,14,576.1,3396.0,736.8,0,0,69.0,3794.32
GCP,us-central1,n2-standard-16,16,64,19,681.8,1481.7,12869.0,0,1,25.7,11237.44
AWS,eu-west-2,t3.medium,2,4,18,629.6,3218.2,5438.4,1,0,39.1,1298.21
AWS,us-east-1,m6i.2xlarge,8,32,13,325.5,440.1,14476.2,1,1,27.7,2990.81
GCP,europe-west2,n2-standard-2,2,8,9,555.0,2473.9,16005.2,1,1,77.3,2148.05
AWS,ap-southeast-1,m6i.xlarge,4,16,19,570.3,235.8,9025.5,1,0,18.5,3216.59
Azure,southeastasia,D8s_v5,8,32,4,496.5,3808.5,17273.7,0,0,36.6,2647.2
Azure,uksouth,B2ms,2,8,6,722.4,3855.2,4074.7,1,0,54.8,1087.06
AWS,ap-southeast-1,m6i.2xlarge,8,32,7,507.3,2652.1,10210.6,0,0,87.4,2628.91
Azure,southeastasia,D4s_v5,4,16,14,331.5,3471.0,13879.8,1,0,43.0,2540.8
AWS,eu-west-2,m6i.2xlarge,8,32,10,627.2,817.7,11280.0,1,1,14.9,3754.87
GCP,asia-southeast1,n2-standard-8,8,32,13,495.9,3745.9,6024.7,1,1,8.8,3700.85
AWS,ap-southeast-1,m6i.large,2,8,5,364.5,3201.4,6730.0,1,1,90.7,1162.45
Azure,uksouth,B2ms,2,8,8,278.7,2597.8,5537.6,1,0,73.8,927.87
Azure,uksouth,D16s_v5,16,64,10,340.7,1901.8,3823.2,0,1,74.4,3437.64
GCP,us-central1,n2-standard-2,2,8,3,715.6,1085.8,4897.4,0,0,84.7,697.29
Azure,eastus,D8s_v5,8,32,4,318.2,2925.7,4302.3,1,1,30.4,1166.93
Azure,uksouth,D4s_v5,4,16,7,352.7,1779.2,11538.4,0,0,16.6,1671.94
Azure,southeastasia,D2s_v5,2,8,2,648.3,282.9,13517.8,0,1,38.6,1279.16
AWS,ap-southeast-1,m6i.2xlarge,8,32,15,544.8,3711.7,1343.3,0,0,92.4,3909.19
GCP,asia-southeast1,e2-medium,2,4,19,570.3,2572.3,9114.5,1,1,36.4,1449.1
Azure,uksouth,D16s_v5,16,64,7,466.4,2068.5,11538.7,0,1,81.5,3795.89
AWS,us-east-1,m6i.large,2,8,10,634.5,1922.5,5151.7,0,0,62.1,1180.54
AWS,ap-southeast-1,t3.large,2,8,8,353.1,998.8,17976.1,1,1,39.2,1923.43
GCP,us-central1,e2-medium,2,4,3,210.8,3334.0,14727.7,0,0,80.7,1469.7
GCP,us-central1,e2-standard-2,2,8,16,238.1,3734.6,11295.9,0,1,41.0,1516.57
Azure,eastus,D16s_v5,16,64,15,180.8,3355.6,3338.2,0,0,66.2,2662.32
AWS,ap-southeast-1,m6i.xlarge,4,16,11,427.7,157.7,15481.7,0,0,85.9,2256.41
GCP,europe-west2,e2-standard-2,2,8,7,439.1,384.3,893.9,1,1,53.5,401.84
GCP,europe-west2,n2-standard-8,8,32,4,598.2,2136.8,15573.6,1,0,26.6,2473.45
GCP,asia-southeast1,n2-standard-4,4,16,5,267.4,607.1,3527.6,0,1,21.6,654.21
Azure,eastus,D2s_v5,2,8,16,255.3,644.4,1509.2,1,1,76.6,632.86
GCP,us-central1,n2-standard-4,4,16,4,273.3,194.3,16815.4,0,1,23.8,1568.69
GCP,asia-southeast1,n2-standard-4,4,16,3,555.7,2644.9,2549.2,1,0,53.1,874.78
GCP,europe-west2,n2-standard-4,4,16,10,365.4,3051.5,16812.4,1,0,41.2,2518.45
AWS,eu-west-2,t3.large,2,8,16,278.1,840.8,13110.7,0,1,77.0,1617.46
GCP,us-central1,n2-standard-8,8,32,19,613.9,1833.4,9043.9,0,1,54.3,5426.96
GCP,europe-west2,n2-standard-2,2,8,19,611.2,491.2,15307.4,0,0,13.8,2508.16
AWS,ap-southeast-1,m6i.xlarge,4,16,15,676.8,401.6,15962.0,0,0,39.4,3553.76
AWS,us-east-1,m6i.large,2,8,13,341.2,3670.3,12166.7,1,1,19.4,1846.73
AWS,us-east-1,m6i.large,2,8,14,586.8,3538.3,12897.0,0,1,83.6,2237.43
AWS,eu-west-2,t3.medium,2,4,15,601.6,198.1,13015.4,0,0,47.9,1532.47
GCP,us-central1,n2-standard-4,4,16,15,681.4,1573.2,3247.4,1,1,35.5,2451.83
AWS,us-east-1,m6i.2xlarge,8,32,8,685.8,1113.8,7246.6,0,1,80.7,2842.49
GCP,europe-west2,n2-standard-16,16,64,15,218.1,3395.6,4424.0,1,1,7.1,3526.3
GCP,europe-west2,n2-standard-8,8,32,11,692.7,540.9,3364.7,1,1,89.8,3712.24
GCP,us-central1,n2-standard-8,8,32,10,474.5,820.6,1607.0,0,0,11.7,2033.15
Azure,eastus,B2ms,2,8,12,538.3,52.6,15880.5,0,1,44.5,1821.66
GCP,asia-southeast1,n2-standard-8,8,32,9,341.3,69.9,7533.2,1,0,62.7,2011.5
Azure,southeastasia,D2s_v5,2,8,18,733.9,1890.3,9449.3,1,0,17.9,2531.19
GCP,europe-west2,n2-standard-16,16,64,11,236.0,2624.6,6838.9,1,0,48.8,2958.08
GCP,us-central1,n2-standard-8,8,32,7,263.6,157.2,6891.7,1,0,26.0,1366.37
AWS,ap-southeast-1,m6i.4xlarge,16,64,11,742.1,990.9,963.1,0,0,36.5,7097.85
Azure,southeastasia,D4s_v5,4,16,16,411.2,2884.7,19.1,1,1,32.5,1778.21
Azure,southeastasia,D16s_v5,16,64,13,281.7,1680.8,11972.8,1,1,22.6,4587.8
Azure,eastus,D2s_v5,2,8,19,441.0,2690.8,14406.5,0,0,21.7,2224.91
AWS,us-east-1,t3.large,2,8,4,475.0,1768.3,12291.9,1,0,14.8,1439.43
Azure,southeastasia,D4s_v5,4,16,14,500.3,715.9,12258.6,0,0,16.7,2625.68
AWS,ap-southeast-1,t3.medium,2,4,13,583.2,3675.0,5686.2,1,1,33.2,1267.18
Azure,eastus,D4s_v5,4,16,7,464.2,648.1,3454.6,1,1,93.6,1041.54
AWS,us-east-1,m6i.2xlarge,8,32,7,417.5,3832.4,1059.1,0,1,68.3,1548.61
AWS,us-east-1,m6i.4xlarge,16,64,5,476.1,3118.8,19495.4,1,1,55.9,3735.62
Azure,southeastasia,B2ms,2,8,12,286.7,1800.0,473.9,0,1,93.1,517.37
GCP,europe-west2,e2-standard-2,2,8,14,503.0,2228.4,8485.7,1,1,67.2,1527.89
AWS,ap-southeast-1,m6i.large,2,8,1,363.7,661.3,1183.0,1,1,10.4,281.15
AWS,eu-west-2,m6i.4xlarge,16,64,7,704.9,1517.0,10800.9,0,1,37.2,5168.7
GCP,asia-southeast1,n2-standard-16,16,64,18,428.6,3145.6,12655.7,0,0,50.4,8157.02
Azure,uksouth,B2ms,2,8,14,424.5,1161.7,10300.8,0,1,94.1,1509.9
AWS,eu-west-2,m6i.large,2,8,10,544.1,3819.8,8280.3,1,1,51.5,1690.57
Azure,eastus,D4s_v5,4,16,11,454.2,2305.3,6278.4,0,1,52.4,1704.33
Azure,uksouth,D8s_v5,8,32,7,405.8,2932.6,18247.2,0,0,71.0,2908.65
Azure,southeastasia,D8s_v5,8,32,20,288.3,1186.8,4151.0,0,0,28.3,3116.27
AWS,eu-west-2,m6i.large,2,8,3,521.7,2357.2,19294.7,0,0,15.3,1958.87
Azure,uksouth,D16s_v5,16,64,3,488.7,1793.1,13877.8,0,1,83.2,2574.23
GCP,asia-southeast1,e2-standard-2,2,8,9,702.2,1838.1,10061.3,0,1,90.3,1532.71
GCP,us-central1,n2-standard-8,8,32,8,691.2,3101.9,5766.7,0,1,52.9,2874.31
Azure,uksouth,D8s_v5,8,32,8,222.6,2144.1,13685.0,1,0,28.1,2085.01
Azure,southeastasia,D2s_v5,2,8,6,733.6,3552.0,17126.4,0,1,46.2,2257.25
GCP,us-central1,n2-standard-16,16,64,13,453.7,2124.9,15948.5,0,0,63.9,5868.17
GCP,europe-west2,n2-standard-4,4,16,2,501.8,260.8,2200.3,0,1,71.1,424.24
Azure,southeastasia,D2s_v5,2,8,17,183.4,113.0,3803.7,1,1,39.2,759.16
AWS,ap-southeast-1,t3.large,2,8,2,192.2,295.1,12.1,1,1,65.8,144.29
AWS,us-east-1,m6i.large,2,8,1,536.6,2849.9,5686.0,0,1,91.7,800.69
Azure,southeastasia,D4s_v5,4,16,6,292.3,942.1,12921.8,0,0,93.3,1526.48
Azure,uksouth,D16s_v5,16,64,6,321.2,1361.7,5729.8,1,0,5.8,2327.31
AWS,ap-southeast-1,m6i.large,2,8,1,540.6,1479.0,9421.3,0,1,76.1,1036.95
AWS,ap-southeast-1,m6i.xlarge,4,16,5,324.1,2842.6,4339.8,0,0,18.1,971.59
GCP,asia-southeast1,n2-standard-16,16,64,3,220.1,1409.7,4366.1,1,1,73.6,1163.78
AWS,ap-southeast-1,m6i.xlarge,4,16,15,534.6,2780.2,6103.9,0,1,71.1,2559.17
GCP,asia-southeast1,n2-standard-2,2,8,20,198.1,1019.5,9430.3,0,0,11.8,1352.55
GCP,europe-west2,n2-standard-4,4,16,16,678.5,3673.6,15714.9,0,1,55.1,3892.21
Azure,eastus,D4s_v5,4,16,11,298.8,1325.4,3546.0,0,1,26.9,1060.86
Azure,southeastasia,D2s_v5,2,8,6,675.3,126.4,14196.1,0,1,89.9,1675.18
GCP,europe-west2,n2-standard-4,4,16,20,292.5,530.6,13232.8,0,0,43.6,2361.78
AWS,eu-west-2,m6i.2xlarge,8,32,6,356.1,2018.4,12068.2,0,1,29.2,2110.7
GCP,asia-southeast1,n2-standard-16,16,64,8,603.2,1085.0,15098.0,1,1,22.2,5566.64
GCP,asia-southeast1,n2-standard-4,4,16,13,270.3,3686.9,95.4,0,0,85.6,1049.81
AWS,ap-southeast-1,m6i.large,2,8,4,713.6,620.9,11276.4,1,1,76.3,1446.55
AWS,us-east-1,m6i.4xlarge,16,64,19,632.5,2392.8,17950.6,1,1,54.3,10886.67
AWS,ap-southeast-1,m6i.xlarge,4,16,18,230.2,200.9,3479.6,0,1,13.8,1235.86
AWS,ap-southeast-1,m6i.4xlarge,16,64,19,243.1,1274.4,12502.6,1,0,94.4,5199.16
GCP,us-central1,e2-standard-2,2,8,20,708.4,2444.0,1692.4,1,1,79.1,1365.46
AWS,ap-southeast-1,m6i.large,2,8,2,639.7,1077.4,14010.4,1,0,48.8,1528.2
AWS,eu-west-2,t3.medium,2,4,14,183.8,3091.4,10715.4,1,1,29.4,1457.0
Azure,eastus,B2ms,2,8,4,619.8,3537.6,14303.8,1,1,68.3,1748.17
Azure,southeastasia,D2s_v5,2,8,14,482.1,2539.5,11216.3,1,0,46.9,1990.42
AWS,us-east-1,t3.large,2,8,10,653.1,219.1,17989.8,0,0,88.7,2061.62
AWS,us-east-1,t3.large,2,8,3,270.2,306.3,8385.4,1,1,51.5,920.29
GCP,us-central1,n2-standard-16,16,64,15,503.3,2215.0,7060.0,0,1,45.0,6638.7
AWS,us-east-1,m6i.2xlarge,8,32,16,285.1,3948.4,3179.4,1,0,43.0,2403.0
AWS,eu-west-2,m6i.4xlarge,16,64,13,677.1,533.7,8941.1,1,0,80.8,8388.48
GCP,us-central1,n2-standard-4,4,16,3,609.4,3137.2,5508.9,1,1,14.1,1148.31
Azure,southeastasia,D8s_v5,8,32,8,652.4,1350.3,14103.5,1,1,26.7,3718.55
GCP,asia-southeast1,n2-standard-16,16,64,14,529.8,1700.2,11191.7,0,1,12.4,7223.11
GCP,asia-southeast1,n2-standard-2,2,8,1,592.0,899.1,15177.6,1,1,18.7,1455.32
GCP,us-central1,n2-standard-16,16,64,15,262.8,1255.9,17661.0,0,1,92.9,4655.03
GCP,europe-west2,e2-medium,2,4,3,593.3,1068.2,479.0,0,1,78.0,208.44
GCP,asia-southeast1,n2-standard-16,16,64,13,515.7,2551.6,1566.9,1,0,52.4,6170.86
Azure,eastus,B2ms,2,8,20,653.4,2660.1,1542.1,0,0,18.4,1375.97
Azure,uksouth,D8s_v5,8,32,10,306.6,1778.7,8457.6,0,0,13.7,2207.97
GCP,europe-west2,n2-standard-4,4,16,3,550.7,2634.8,6732.6,0,1,91.6,1174.09
Azure,southeastasia,B2ms,2,8,19,505.1,3959.3,11957.2,0,1,62.0,2264.93
GCP,europe-west2,n2-standard-2,2,8,4,644.7,1997.3,10462.3,0,0,88.8,1311.35
AWS,us-east-1,m6i.4xlarge,16,64,18,421.3,3412.0,10172.6,0,1,22.5,6843.58
AWS,us-east-1,m6i.4xlarge,16,64,10,198.5,815.8,5503.7,1,1,73.7,2123.02
GCP,europe-west2,e2-medium,2,4,6,351.8,3179.2,4518.5,0,0,11.1,727.33
Azure,uksouth,D4s_v5,4,16,14,359.5,2765.9,12049.1,1,0,78.2,2394.66
GCP,asia-southeast1,n2-standard-16,16,64,18,303.5,2846.6,5763.5,0,0,81.4,5358.97
GCP,us-central1,n2-standard-8,8,32,18,382.3,377.9,13143.0,1,0,80.3,3882.69
GCP,asia-southeast1,n2-standard-16,16,64,11,308.8,668.4,372.8,0,1,82.3,3012.82
GCP,asia-southeast1,e2-medium,2,4,6,636.9,3465.0,8356.6,0,1,15.0,1195.9
Azure,eastus,D4s_v5,4,16,6,196.0,1584.7,19825.7,0,1,37.4,1944.09
AWS,ap-southeast-1,m6i.xlarge,4,16,9,231.3,2940.0,427.6,0,0,65.0,742.45
AWS,us-east-1,t3.medium,2,4,16,512.8,3297.3,11615.9,1,0,43.3,1655.78
AWS,eu-west-2,t3.large,2,8,18,511.6,2918.9,13145.8,0,1,22.9,2216.36
AWS,ap-southeast-1,m6i.4xlarge,16,64,18,336.6,2375.5,9244.9,1,1,89.7,6557.78
GCP,us-central1,n2-standard-8,8,32,16,181.6,2900.9,17732.9,1,1,60.9,2810.25
GCP,us-central1,n2-standard-16,16,64,8,456.1,2585.4,19639.6,0,1,63.8,4444.89
AWS,us-east-1,m6i.4xlarge,16,64,7,219.3,1919.7,6536.4,0,1,67.4,1931.15
AWS,eu-west-2,t3.large,2,8,20,500.9,3233.0,7024.7,1,1,65.5,1884.98
Azure,eastus,D2s_v5,2,8,9,478.3,1353.2,15277.8,0,0,93.2,1784.69
GCP,asia-southeast1,e2-standard-2,2,8,5,316.3,3519.0,2652.0,1,1,48.0,718.66
Azure,southeastasia,D16s_v5,16,64,12,742.9,3945.4,15690.3,1,1,19.1,9623.41
GCP,asia-southeast1,n2-standard-2,2,8,3,340.1,387.9,1032.0,1,1,22.3,305.58
Azure,uksouth,D16s_v5,16,64,15,650.8,2220.4,8905.8,0,1,77.3,9322.3
GCP,asia-southeast1,e2-medium,2,4,5,479.1,3348.5,14876.8,0,1,88.0,1627.34
GCP,us-central1,n2-standard-16,16,64,4,298.9,145.7,12789.4,1,0,93.5,2017.74
AWS,ap-southeast-1,m6i.xlarge,4,16,11,353.8,3821.6,7469.2,1,0,62.1,1942.27
Azure,eastus,D4s_v5,4,16,2,235.8,1384.2,18972.9,0,1,15.5,1765.79
GCP,us-central1,n2-standard-8,8,32,15,475.2,3914.1,19082.2,1,0,67.1,4550.36
AWS,eu-west-2,m6i.2xlarge,8,32,18,380.0,1616.8,11264.6,1,0,49.8,3969.04
Azure,uksouth,D8s_v5,8,32,16,497.0,2757.0,16963.6,1,0,88.1,5009.5
GCP,europe-west2,n2-standard-4,4,16,6,397.4,3318.4,3980.4,1,1,75.2,1238.45
AWS,us-east-1,m6i.2xlarge,8,32,12,598.8,2290.2,18697.2,0,1,82.0,4481.27
AWS,ap-southeast-1,m6i.4xlarge,16,64,19,272.4,1008.8,13070.2,1,1,94.0,5728.44
GCP,us-central1,n2-standard-16,16,64,7,284.7,3005.5,18606.1,0,1,11.8,3200.43
Azure,southeastasia,D4s_v5,4,16,10,291.5,2366.6,6343.7,0,1,77.6,1430.53
Azure,uksouth,D8s_v5,8,32,3,373.0,98.7,12898.7,1,1,76.4,1640.24
GCP,europe-west2,n2-standard-2,2,8,3,728.3,3948.4,7312.4,0,0,87.2,1155.83
GCP,asia-southeast1,e2-medium,2,4,9,383.6,3741.4,8161.1,0,1,31.5,1140.76
GCP,us-central1,n2-standard-2,2,8,15,470.7,3121.6,12154.6,0,1,76.6,1927.28
Azure,uksouth,D2s_v5,2,8,6,430.3,3829.5,1814.5,1,1,43.3,815.94
AWS,us-east-1,m6i.large,2,8,17,453.8,2528.3,16819.7,0,1,35.5,2395.12
Azure,southeastasia,D16s_v5,16,64,12,403.9,1750.8,16853.4,0,1,32.8,5789.15
AWS,us-east-1,m6i.large,2,8,12,183.9,1854.9,15850.6,0,0,52.8,1677.04
GCP,asia-southeast1,n2-standard-4,4,16,17,187.3,2433.0,15337.7,0,1,86.2,2140.58
AWS,eu-west-2,m6i.xlarge,4,16,8,213.1,3481.6,10567.2,0,0,88.4,1596.02
AWS,us-east-1,t3.large,2,8,10,581.6,3014.3,6926.5,1,0,53.2,1433.06
GCP,asia-southeast1,n2-standard-4,4,16,17,671.9,675.5,17819.6,1,1,38.2,3978.21
GCP,us-central1,e2-medium,2,4,7,543.0,2026.2,13110.1,1,1,65.6,1435.12
Azure,eastus,D4s_v5,4,16,18,336.2,1470.4,17103.4,1,1,12.7,2768.37
GCP,europe-west2,n2-standard-2,2,8,19,495.1,3475.9,10841.4,1,1,25.9,2297.83
GCP,us-central1,e2-medium,2,4,6,299.4,1617.3,16459.5,0,1,74.9,1508.15
GCP,asia-southeast1,n2-standard-2,2,8,2,609.6,1585.0,6429.3,1,1,59.6,899.35
AWS,us-east-1,m6i.4xlarge,16,64,3,424.9,3459.2,15253.7,1,1,39.1,2588.17
AWS,eu-west-2,m6i.xlarge,4,16,20,223.1,1957.7,7249.6,1,1,69.7,1833.76
Azure,uksouth,B2ms,2,8,4,412.1,2613.7,3358.6,1,0,87.6,697.41
AWS,eu-west-2,t3.large,2,8,15,452.9,2984.0,2296.8,0,1,33.0,1091.18
AWS,eu-west-2,m6i.large,2,8,5,700.0,3009.3,1740.6,1,1,66.6,835.63
AWS,ap-southeast-1,m6i.large,2,8,8,305.1,1773.1,5018.4,1,0,92.2,928.02
GCP,us-central1,n2-standard-8,8,32,8,435.8,1076.6,15435.5,1,1,73.3,2742.54
Azure,southeastasia,D8s_v5,8,32,10,476.0,3975.0,6589.2,1,1,48.6,3104.83
GCP,asia-southeast1,n2-standard-8,8,32,10,666.1,1558.5,15420.4,0,1,44.2,4341.74
Azure,uksouth,D16s_v5,16,64,12,469.4,3293.2,4208.7,0,0,31.4,5454.06
AWS,ap-southeast-1,m6i.xlarge,4,16,3,454.5,2336.6,19574.1,1,0,90.9,2138.51
Azure,southeastasia,D4s_v5,4,16,3,249.4,1570.3,6490.7,1,1,53.4,941.43
GCP,europe-west2,n2-standard-16,16,64,10,494.1,3025.3,5482.0,1,0,86.7,5063.18
Azure,uksouth,D8s_v5,8,32,6,200.8,2068.4,19011.0,0,1,11.9,2319.25
AWS,ap-southeast-1,m6i.large,2,8,15,345.1,938.8,17944.8,1,1,38.1,2199.88
Azure,eastus,D16s_v5,16,64,9,611.5,2734.4,7112.5,0,1,71.2,5227.63
GCP,us-central1,n2-standard-8,8,32,3,511.5,1108.3,12138.5,0,0,21.1,1732.57
AWS,us-east-1,m6i.xlarge,4,16,11,590.3,1357.4,6112.8,0,1,70.5,1900.72
GCP,us-central1,e2-medium,2,4,14,473.2,3086.9,17480.6,1,1,36.6,1948.03
GCP,asia-southeast1,n2-standard-16,16,64,2,681.4,1261.5,222.3,1,0,10.5,1388.1
Azure,southeastasia,D2s_v5,2,8,14,368.0,2565.6,5635.1,1,0,59.6,1314.32
GCP,europe-west2,e2-medium,2,4,14,597.5,3721.7,15368.1,0,1,47.3,1881.56
GCP,europe-west2,n2-standard-4,4,16,13,302.3,3228.4,8265.9,0,1,74.3,1842.81
Azure,uksouth,B2ms,2,8,9,260.4,3549.0,1061.9,1,0,67.0,626.79
GCP,asia-southeast1,e2-medium,2,4,7,636.3,172.8,18234.0,0,0,55.8,1619.59
GCP,asia-southeast1,n2-standard-16,16,64,19,350.5,1390.8,17034.1,0,0,43.7,7082.22
Azure,uksouth,B2ms,2,8,20,242.0,1176.6,2034.9,1,0,16.7,744.66
GCP,us-central1,e2-standard-2,2,8,1,644.8,2709.4,12980.7,0,1,92.1,1343.34
GCP,europe-west2,n2-standard-8,8,32,4,699.3,1920.0,5469.2,1,0,25.7,1823.93
AWS,eu-west-2,m6i.4xlarge,16,64,1,303.8,3539.5,9586.9,1,0,81.2,1492.82
Azure,eastus,D16s_v5,16,64,14,679.2,493.2,7249.7,0,1,70.3,8182.05
AWS,eu-west-2,m6i.large,2,8,13,675.8,3201.9,16129.0,0,1,41.0,2528.37
GCP,us-central1,e2-standard-2,2,8,4,469.3,1701.8,16348.9,0,1,6.6,1589.54
AWS,ap-southeast-1,m6i.xlarge,4,16,2,315.3,1410.4,5971.1,0,1,59.7,810.68
AWS,us-east-1,m6i.2xlarge,8,32,13,208.9,3067.2,1170.3,0,0,51.5,1365.27
GCP,us-central1,n2-standard-16,16,64,8,350.6,474.1,14551.1,1,0,83.3,3454.68
AWS,eu-west-2,m6i.xlarge,4,16,6,266.0,982.4,11013.4,1,0,92.1,1444.28
AWS,us-east-1,t3.large,2,8,13,411.4,2102.9,15407.9,0,0,18.1,1897.24
AWS,ap-southeast-1,t3.medium,2,4,3,493.0,846.0,10225.6,0,0,34.5,1052.38
Azure,southeastasia,D4s_v5,4,16,20,693.9,3955.0,2755.7,1,0,47.0,3676.68
GCP,us-central1,n2-standard-16,16,64,16,544.3,1650.9,7240.6,0,0,44.0,7460.44
AWS,eu-west-2,m6i.xlarge,4,16,16,587.0,2032.5,12063.2,1,1,76.8,3242.35
Azure,southeastasia,D16s_v5,16,64,2,360.2,796.0,15186.7,0,1,53.3,1965.38
Azure,eastus,D8s_v5,8,32,1,422.7,549.9,5663.8,0,1,37.7,726.64
AWS,ap-southeast-1,t3.medium,2,4,9,512.6,1334.7,17701.5,1,1,8.4,1855.17
AWS,us-east-1,m6i.xlarge,4,16,13,743.0,2414.2,5097.1,0,1,58.5,2556.99
Azure,uksouth,D16s_v5,16,64,10,704.8,1235.4,12019.5,1,1,74.0,7437.4
GCP,asia-southeast1,n2-standard-16,16,64,7,546.9,3186.1,3162.6,1,1,44.4,3868.97
AWS,ap-southeast-1,m6i.xlarge,4,16,5,356.4,1123.2,5774.8,1,0,10.4,1070.78
GCP,asia-southeast1,n2-standard-8,8,32,16,439.1,3248.7,10193.3,0,1,57.7,4249.03
Azure,uksouth,B2ms,2,8,11,461.1,1850.0,529.3,1,0,69.5,692.55
GCP,asia-southeast1,n2-standard-2,2,8,15,449.9,1374.9,13741.8,1,0,13.2,2049.62
GCP,asia-southeast1,e2-medium,2,4,11,698.0,310.4,5312.6,0,0,15.2,745.34
GCP,us-central1,n2-standard-16,16,64,10,374.8,2208.1,16853.3,1,1,65.4,4461.16
AWS,eu-west-2,m6i.large,2,8,4,659.4,594.7,16641.5,0,0,56.1,1731.82
AWS,eu-west-2,m6i.xlarge,4,16,17,363.8,2580.3,11361.1,0,1,7.1,2569.22
GCP,europe-west2,n2-standard-16,16,64,11,472.1,599.9,16348.3,0,0,84.5,5895.04
AWS,us-east-1,m6i.2xlarge,8,32,14,428.2,2547.9,4950.9,0,0,58.9,2992.97
Azure,southeastasia,D16s_v5,16,64,5,205.0,1708.2,19507.7,0,1,43.5,2586.45
Azure,uksouth,D2s_v5,2,8,20,716.8,326.7,5303.4,1,1,45.4,2127.35
Azure,southeastasia,D2s_v5,2,8,14,338.6,2447.5,9190.2,1,1,68.8,1592.51
GCP,europe-west2,n2-standard-4,4,16,14,697.0,878.9,14437.0,0,0,34.3,3262.65
Azure,southeastasia,B2ms,2,8,13,634.6,3366.0,17402.5,0,0,88.7,2391.82
AWS,eu-west-2,m6i.4xlarge,16,64,6,286.7,1576.5,5064.3,0,0,44.8,2023.56
GCP,europe-west2,e2-medium,2,4,17,637.4,3224.5,15992.1,0,1,41.3,1952.37
AWS,eu-west-2,t3.medium,2,4,19,587.6,3168.5,5839.4,1,0,83.4,1350.32
AWS,us-east-1,t3.medium,2,4,10,234.8,2128.2,9585.2,0,1,64.8,1158.15
AWS,us-east-1,t3.medium,2,4,9,414.9,1407.1,17602.6,0,0,77.8,1737.23
GCP,us-central1,n2-standard-4,4,16,1,375.0,425.6,3083.2,1,1,20.3,440.26
AWS,us-east-1,m6i.4xlarge,16,64,10,272.5,280.5,15315.8,0,1,46.6,3412.67
AWS,eu-west-2,t3.large,2,8,8,439.2,1856.3,6141.2,0,1,18.4,1037.66
AWS,ap-southeast-1,m6i.4xlarge,16,64,3,228.1,1488.1,15946.1,0,0,85.6,2097.59
Azure,eastus,D8s_v5,8,32,10,595.3,318.1,8395.5,1,1,55.6,3075.2
GCP,europe-west2,e2-standard-2,2,8,8,249.0,1990.3,2585.3,1,0,59.8,595.21
GCP,us-central1,e2-standard-2,2,8,18,665.3,3374.4,1305.4,1,1,30.9,1232.17
AWS,ap-southeast-1,m6i.2xlarge,8,32,15,707.6,2420.8,575.4,1,1,5.8,4919.96
Azure,eastus,D8s_v5,8,32,11,205.7,3647.0,10462.9,0,0,46.4,2049.61
AWS,ap-southeast-1,m6i.xlarge,4,16,15,361.0,2133.4,2348.4,0,1,21.1,1598.18
GCP,us-central1,n2-standard-4,4,16,13,568.9,2966.9,1639.4,0,1,34.4,1840.27
Azure,southeastasia,D8s_v5,8,32,5,573.2,2210.8,18211.5,0,1,83.7,2903.74
Azure,eastus,D4s_v5,4,16,17,429.8,904.8,15948.9,0,1,6.5,2795.18
AWS,ap-southeast-1,m6i.xlarge,4,16,11,327.1,1336.6,10611.1,0,1,66.8,1892.78
AWS,eu-west-2,m6i.2xlarge,8,32,14,344.7,3348.7,15763.6,0,1,89.0,3575.48
AWS,eu-west-2,m6i.xlarge,4,16,7,531.4,3536.9,17780.9,1,1,45.3,2660.95
AWS,ap-southeast-1,t3.medium,2,4,13,218.0,2843.3,4635.7,1,0,23.1,868.39
Azure,eastus,D4s_v5,4,16,19,266.6,2197.8,14002.4,0,0,11.1,2270.11
GCP,europe-west2,n2-standard-16,16,64,16,536.9,2664.9,102.0,0,1,24.3,7756.22
AWS,us-east-1,m6i.2xlarge,8,32,16,540.4,2490.3,9858.4,0,1,30.0,4316.68
AWS,ap-southeast-1,m6i.2xlarge,8,32,13,609.1,2457.9,4480.1,1,1,49.6,4060.46
GCP,europe-west2,n2-standard-16,16,64,6,652.5,1964.7,6654.1,1,1,28.7,4134.79
AWS,ap-southeast-1,m6i.4xlarge,16,64,15,648.5,2968.4,293.6,0,1,11.6,8627.41
AWS,eu-west-2,m6i.4xlarge,16,64,17,501.8,3095.5,12767.3,1,0,15.1,8357.07
Azure,uksouth,D2s_v5,2,8,7,577.9,2429.7,13654.2,0,1,55.3,1729.3
GCP,us-central1,n2-standard-8,8,32,3,654.6,2298.2,12466.1,1,0,50.9,2039.55
Azure,eastus,D16s_v5,16,64,11,368.4,476.1,6489.6,1,1,62.5,3857.75
AWS,us-east-1,t3.medium,2,4,8,721.4,202.6,12802.8,0,1,28.7,1380.37
AWS,eu-west-2,t3.medium,2,4,13,313.4,1760.7,7440.9,1,1,58.3,1064.76
Azure,southeastasia,B2ms,2,8,16,484.3,239.0,4621.5,0,1,65.3,1155.95
AWS,eu-west-2,m6i.2xlarge,8,32,5,225.0,2923.0,4945.4,1,1,70.5,1255.95
GCP,asia-southeast1,n2-standard-8,8,32,10,384.1,2075.4,7827.2,1,0,89.2,2558.82
AWS,us-east-1,m6i.4xlarge,16,64,2,292.2,2341.4,7989.6,1,0,86.4,1414.33
AWS,ap-southeast-1,m6i.4xlarge,16,64,13,668.4,3840.6,14879.6,1,0,49.2,9032.5
AWS,ap-southeast-1,m6i.4xlarge,16,64,13,695.0,287.5,15680.6,0,1,83.9,9236.72
GCP,europe-west2,n2-standard-16,16,64,12,728.1,3196.6,9347.1,1,0,44.0,8344.78
GCP,us-central1,n2-standard-4,4,16,9,634.1,3024.5,15601.4,1,1,73.2,2574.99
AWS,ap-southeast-1,m6i.2xlarge,8,32,11,380.3,2656.2,785.0,1,1,54.4,2169.53
GCP,asia-southeast1,n2-standard-8,8,32,2,252.1,1908.0,18853.3,0,1,74.3,1867.58
AWS,ap-southeast-1,m6i.xlarge,4,16,17,730.2,1340.8,4697.4,1,1,34.4,3409.87
AWS,eu-west-2,m6i.4xlarge,16,64,5,677.8,1762.9,15177.6,0,0,68.0,4327.52
AWS,us-east-1,t3.medium,2,4,4,628.9,915.0,13754.5,0,0,84.7,1389.33
GCP,asia-southeast1,n2-standard-4,4,16,16,193.6,3627.9,13945.6,0,1,16.2,2155.78
GCP,asia-southeast1,n2-standard-8,8,32,5,381.1,3320.6,6490.4,0,1,49.6,1643.06
GCP,us-central1,n2-standard-2,2,8,1,511.5,3266.1,7223.2,0,1,7.9,946.12
AWS,us-east-1,m6i.large,2,8,19,223.7,3179.2,19729.3,0,1,25.9,2334.56
GCP,europe-west2,n2-standard-2,2,8,20,447.9,2483.1,15834.9,1,1,71.9,2512.71
GCP,asia-southeast1,e2-standard-2,2,8,17,726.5,3195.6,19443.3,0,0,68.5,2746.89
AWS,ap-southeast-1,m6i.xlarge,4,16,10,685.5,861.9,7376.2,1,0,78.0,2279.2
GCP,europe-west2,n2-standard-16,16,64,9,186.1,3879.4,7682.8,1,0,23.5,2439.88
AWS,eu-west-2,t3.large,2,8,7,679.2,3984.8,5185.3,1,1,44.8,1322.87
GCP,europe-west2,e2-medium,2,4,2,270.5,833.2,1651.1,1,1,85.1,302.9
AWS,us-east-1,m6i.large,2,8,6,525.2,1330.8,10110.8,0,0,21.8,1293.75
GCP,us-central1,n2-standard-8,8,32,5,492.4,377.8,6553.1,1,1,93.2,1547.55
GCP,europe-west2,e2-standard-2,2,8,11,341.0,3381.9,13573.0,1,0,51.0,1774.16
Azure,eastus,D4s_v5,4,16,19,399.5,3673.9,16568.8,1,0,15.3,3196.5
GCP,us-central1,n2-standard-8,8,32,11,381.6,386.0,17829.7,0,1,14.0,3095.57
AWS,ap-southeast-1,m6i.4xlarge,16,64,1,719.4,2299.8,11088.5,1,1,80.3,1850.88
GCP,asia-southeast1,n2-standard-2,2,8,4,652.8,3136.0,9270.5,0,0,91.5,1318.31
Azure,uksouth,D8s_v5,8,32,17,555.7,2807.4,18538.2,1,0,38.8,5606.35
AWS,us-east-1,t3.medium,2,4,8,527.7,1486.6,5957.3,1,1,59.8,894.99
AWS,eu-west-2,m6i.4xlarge,16,64,1,377.8,1473.9,4592.7,1,1,61.6,922.66
AWS,us-east-1,m6i.large,2,8,6,687.4,3866.2,11332.8,1,0,10.2,1775.67
Azure,southeastasia,D16s_v5,16,64,11,319.1,3694.4,10516.9,0,1,19.9,4471.35
GCP,europe-west2,n2-standard-4,4,16,8,357.9,455.3,12671.1,1,0,31.5,1741.76
GCP,asia-southeast1,n2-standard-4,4,16,16,392.8,588.9,4783.5,0,1,67.7,1856.67
AWS,us-east-1,m6i.large,2,8,18,372.1,2356.1,12953.8,0,0,33.8,1994.31
Azure,uksouth,D4s_v5,4,16,5,524.2,1088.4,16310.0,0,1,75.8,2014.6
AWS,ap-southeast-1,m6i.4xlarge,16,64,14,495.7,504.3,10425.4,0,0,78.0,6854.03
AWS,us-east-1,m6i.2xlarge,8,32,15,450.5,1657.7,9530.6,1,1,28.1,3713.13
GCP,us-central1,n2-standard-8,8,32,16,279.4,2760.8,6695.2,0,0,52.5,2536.87
Azure,eastus,D16s_v5,16,64,12,729.8,2283.9,6894.0,0,0,92.1,7723.13
AWS,ap-southeast-1,t3.medium,2,4,19,526.2,3048.1,3020.0,1,1,49.3,1081.18
AWS,eu-west-2,m6i.2xlarge,8,32,19,429.5,2882.1,8079.0,0,1,14.3,4389.81
AWS,ap-southeast-1,m6i.2xlarge,8,32,9,547.4,410.5,7795.2,0,0,10.1,2903.86
AWS,us-east-1,t3.medium,2,4,3,528.9,623.9,17445.9,0,1,81.3,1587.92
GCP,asia-southeast1,n2-standard-16,16,64,1,575.6,297.9,7113.4,1,1,46.4,1201.65
GCP,asia-southeast1,n2-standard-16,16,64,11,451.1,51.8,2624.0,0,0,56.8,4578.5
GCP,asia-southeast1,n2-standard-2,2,8,20,512.5,2327.1,4029.3,1,1,34.8,1736.14
Azure,southeastasia,B2ms,2,8,4,605.2,1504.3,11636.5,1,1,43.3,1435.38
GCP,us-central1,n2-standard-8,8,32,14,519.0,2785.6,6916.6,0,1,80.0,3689.59
AWS,us-east-1,m6i.2xlarge,8,32,17,716.4,827.6,667.9,0,0,27.0,4749.64
GCP,asia-southeast1,e2-standard-2,2,8,18,353.4,2761.6,10211.8,1,1,16.4,1660.17
AWS,ap-southeast-1,t3.medium,2,4,13,332.8,2350.1,15123.3,1,1,29.5,1814.18
Azure,eastus,D16s_v5,16,64,16,510.6,2565.2,2022.4,0,1,46.3,7069.97
Azure,eastus,D16s_v5,16,64,19,565.9,2673.5,13893.5,0,1,51.4,9856.73
GCP,asia-southeast1,n2-standard-4,4,16,8,257.6,1965.0,12734.0,0,0,39.4,1673.49
Azure,uksouth,D16s_v5,16,64,15,201.2,1033.7,18646.7,1,1,16.2,4243.07
AWS,eu-west-2,t3.large,2,8,19,320.5,3721.8,11210.5,1,0,77.8,1940.86
GCP,us-central1,e2-standard-2,2,8,5,288.5,2768.0,12028.1,0,1,32.2,1289.69
AWS,eu-west-2,m6i.large,2,8,2,406.0,857.2,15731.4,0,1,42.5,1523.97
AWS,ap-southeast-1,m6i.large,2,8,14,433.9,2626.4,12442.4,1,0,9.4,2068.83
Azure,southeastasia,D8s_v5,8,32,12,366.7,3133.9,13265.4,1,1,31.6,3545.24
Azure,southeastasia,B2ms,2,8,20,561.8,2206.4,19699.2,1,0,85.2,2813.07
AWS,ap-southeast-1,m6i.large,2,8,1,374.3,1624.7,1418.2,0,1,35.8,323.83
AWS,us-east-1,m6i.4xlarge,16,64,11,296.5,65.4,14273.8,1,0,39.9,3801.54
Azure,uksouth,D2s_v5,2,8,16,290.0,826.4,18923.6,1,0,15.2,2154.14
AWS,ap-southeast-1,m6i.2xlarge,8,32,15,535.1,1427.2,4899.0,1,0,70.3,4053.18
GCP,us-central1,e2-standard-2,2,8,13,556.4,3485.8,12182.7,1,1,82.4,1825.43
Azure,eastus,D4s_v5,4,16,20,601.6,662.1,4030.4,1,1,67.4,2751.51
GCP,us-central1,n2-standard-8,8,32,16,710.6,3082.8,6425.7,0,0,74.2,5186.11
AWS,eu-west-2,m6i.2xlarge,8,32,4,624.5,240.6,5749.2,1,1,33.3,1616.12
Azure,eastus,B2ms,2,8,5,722.8,478.9,14219.8,1,0,19.8,1567.19
Azure,uksouth,D8s_v5,8,32,1,302.8,2626.6,13485.4,0,1,61.0,1503.59
Azure,uksouth,D4s_v5,4,16,4,696.8,2862.2,11993.0,1,1,48.0,1855.87
AWS,ap-southeast-1,t3.medium,2,4,8,545.5,675.6,16405.8,1,0,70.2,1724.53
GCP,us-central1,e2-medium,2,4,6,639.3,3340.4,11709.8,1,0,68.4,1406.26
AWS,us-east-1,m6i.4xlarge,16,64,10,627.8,2577.2,16874.1,0,1,74.2,6529.37
AWS,eu-west-2,m6i.large,2,8,3,616.3,480.1,3894.5,1,0,42.4,670.38
GCP,us-central1,e2-medium,2,4,15,649.1,550.7,1215.4,1,0,70.7,524.58
Azure,southeastasia,D4s_v5,4,16,8,631.2,369.8,16633.9,0,1,8.5,2500.58
AWS,us-east-1,m6i.4xlarge,16,64,12,282.2,1241.3,7887.5,1,0,79.7,3458.79
AWS,ap-southeast-1,m6i.xlarge,4,16,1,280.9,3163.1,1925.4,1,0,85.8,568.43
AWS,ap-southeast-1,m6i.4xlarge,16,64,13,654.9,3465.1,67.3,1,1,6.1,7744.49
Azure,eastus,B2ms,2,8,16,352.5,316.3,7558.5,0,1,90.9,1147.74
GCP,us-central1,n2-standard-8,8,32,18,188.1,2949.9,9724.3,0,0,22.6,2384.61
AWS,eu-west-2,t3.medium,2,4,1,659.3,960.1,6025.6,1,0,16.3,704.09
Azure,southeastasia,D8s_v5,8,32,12,474.2,2186.5,8679.2,0,1,80.3,3572.25
GCP,europe-west2,n2-standard-4,4,16,16,733.7,582.8,11624.4,1,1,85.8,3539.73
AWS,ap-southeast-1,m6i.large,2,8,14,408.8,3029.7,19745.5,0,0,51.3,2510.76
GCP,us-central1,e2-standard-2,2,8,11,372.4,179.6,13515.6,0,0,12.6,1342.18
Azure,eastus,D2s_v5,2,8,20,742.5,3888.3,18465.6,1,0,24.1,3324.7
Azure,uksouth,D2s_v5,2,8,12,429.9,916.3,18191.0,1,0,73.9,2200.0
AWS,us-east-1,m6i.2xlarge,8,32,9,254.3,2900.0,14849.2,1,0,42.4,2402.23
AWS,ap-southeast-1,m6i.2xlarge,8,32,15,458.1,2814.3,5550.7,0,1,48.4,3582.44
AWS,ap-southeast-1,m6i.large,2,8,19,327.9,3979.1,4210.3,0,1,86.0,1458.63
AWS,us-east-1,m6i.large,2,8,7,601.4,3573.5,15335.3,0,0,51.1,2021.7
Azure,eastus,D16s_v5,16,64,5,541.7,3261.1,13972.5,1,1,10.8,3607.58
AWS,us-east-1,t3.medium,2,4,4,381.8,2347.2,14096.6,0,0,50.4,1461.06
Azure,uksouth,D2s_v5,2,8,5,563.9,1611.2,14451.9,0,1,7.2,1657.28
Azure,uksouth,D2s_v5,2,8,3,307.1,1326.7,912.8,0,0,21.5,278.4
Azure,southeastasia,D8s_v5,8,32,14,479.1,2428.7,17385.1,0,1,51.4,4741.43
GCP,us-central1,n2-standard-8,8,32,4,739.4,2845.1,5454.2,1,1,59.5,1924.64
AWS,eu-west-2,m6i.large,2,8,15,733.5,868.8,19862.9,0,1,22.8,2918.92
AWS,ap-southeast-1,m6i.large,2,8,9,612.4,882.5,14957.5,0,1,20.6,1944.45
GCP,europe-west2,e2-medium,2,4,19,632.0,3940.8,3020.6,0,1,36.0,1019.07
AWS,eu-west-2,m6i.4xlarge,16,64,5,491.5,2804.2,7048.6,0,1,9.8,2859.68
Azure,eastus,B2ms,2,8,20,700.5,3590.9,7289.5,0,0,10.5,2095.82
AWS,eu-west-2,t3.large,2,8,6,506.0,3992.8,1130.1,1,0,24.8,783.73
GCP,asia-southeast1,e2-medium,2,4,14,522.4,563.7,15822.1,0,0,55.9,1562.91
AWS,eu-west-2,t3.large,2,8,7,671.4,950.6,6270.2,0,0,54.5,1060.53
AWS,eu-west-2,m6i.2xlarge,8,32,17,481.4,2193.3,3796.7,1,1,31.4,3897.45
AWS,ap-southeast-1,t3.medium,2,4,11,318.7,3531.2,15456.5,0,0,12.6,1842.16
Azure,southeastasia,B2ms,2,8,18,446.8,3370.6,11387.1,1,1,16.4,2128.45
GCP,asia-southeast1,n2-standard-16,16,64,14,388.2,3788.0,11060.9,0,1,14.3,5875.09
Azure,southeastasia,D16s_v5,16,64,14,704.5,3125.1,8187.8,1,0,51.6,10028.82
AWS,us-east-1,m6i.2xlarge,8,32,17,265.7,1563.9,15048.8,0,1,37.2,3147.88
GCP,asia-southeast1,n2-standard-16,16,64,5,293.0,2045.8,6702.7,0,0,91.0,2021.56
AWS,ap-southeast-1,m6i.xlarge,4,16,12,420.0,714.4,5592.8,0,1,16.8,1664.24
Azure,southeastasia,D4s_v5,4,16,7,261.6,3673.4,132.7,1,0,77.6,792.5
AWS,ap-southeast-1,t3.medium,2,4,1,232.5,3330.4,7479.1,1,0,7.3,1052.95
GCP,europe-west2,n2-standard-2,2,8,14,315.4,283.8,13649.9,1,0,10.7,1652.14
GCP,asia-southeast1,n2-standard-8,8,32,12,674.2,3349.7,2644.4,0,1,88.4,4074.22
Azure,uksouth,D4s_v5,4,16,7,721.9,1112.0,12053.6,1,1,36.6,2287.97
Azure,eastus,D16s_v5,16,64,18,704.9,3260.7,8253.1,1,0,56.4,11101.42
GCP,asia-southeast1,e2-standard-2,2,8,6,709.3,1962.1,6522.1,0,0,84.6,1018.84
AWS,ap-southeast-1,m6i.4xlarge,16,64,12,538.8,3901.4,8790.5,0,0,75.3,6775.21
AWS,us-east-1,m6i.xlarge,4,16,19,445.2,2281.9,8306.7,0,0,90.9,2570.97
Azure,uksouth,D4s_v5,4,16,3,510.8,2601.1,1346.5,1,0,43.9,713.59
GCP,europe-west2,n2-standard-16,16,64,7,733.1,2702.5,14978.2,0,1,70.4,5806.77
Azure,southeastasia,B2ms,2,8,4,705.3,3208.2,15692.3,0,0,13.2,1837.48
AWS,us-east-1,t3.medium,2,4,1,280.2,2720.0,18441.0,1,0,46.1,1815.51
Azure,uksouth,D2s_v5,2,8,20,420.3,1406.2,10055.7,0,1,48.9,1932.38
AWS,us-east-1,t3.medium,2,4,1,300.6,753.8,17467.4,0,1,67.8,1547.16
GCP,europe-west2,n2-standard-8,8,32,16,444.3,2766.0,5797.5,1,1,13.8,3754.7
GCP,europe-west2,n2-standard-4,4,16,7,191.8,1932.1,6431.8,0,0,67.9,983.47
GCP,asia-southeast1,n2-standard-8,8,32,10,445.2,3791.0,8364.6,0,0,41.8,2994.21
Azure,uksouth,B2ms,2,8,19,659.0,796.9,16317.1,1,1,41.3,2560.45
AWS,us-east-1,t3.large,2,8,12,363.9,498.9,9973.7,0,1,85.5,1301.67
Azure,southeastasia,D4s_v5,4,16,12,654.8,3246.0,13024.2,1,1,48.4,3180.1
AWS,us-east-1,t3.large,2,8,4,638.5,3816.4,3028.7,1,1,51.7,884.54
AWS,eu-west-2,m6i.large,2,8,19,360.6,3297.4,16749.9,1,1,84.4,2483.88
GCP,asia-southeast1,e2-standard-2,2,8,2,454.6,3310.7,1613.8,0,1,47.3,509.99
AWS,ap-southeast-1,m6i.4xlarge,16,64,1,400.3,1185.6,1366.1,1,1,72.6,641.12
Azure,eastus,D4s_v5,4,16,8,588.0,908.2,8756.2,0,0,10.4,1811.22
GCP,us-central1,n2-standard-16,16,64,5,678.3,2213.4,15017.7,0,1,92.6,3981.15
GCP,europe-west2,n2-standard-4,4,16,10,327.0,461.7,5926.7,0,0,61.1,1260.31
Azure,eastus,D4s_v5,4,16,4,534.8,2378.4,2629.9,0,1,73.1,832.72
AWS,us-east-1,t3.medium,2,4,14,701.3,2967.8,7247.3,0,0,19.6,1289.45
Azure,eastus,D16s_v5,16,64,11,232.6,3849.5,4074.9,0,0,20.0,2696.09
GCP,us-central1,n2-standard-4,4,16,18,251.3,3761.5,15654.8,1,1,11.1,2466.12
GCP,asia-southeast1,n2-standard-2,2,8,18,476.7,2267.2,8444.0,0,0,33.3,1850.82
Azure,eastus,D16s_v5,16,64,14,660.1,2090.9,1046.9,1,1,21.1,7425.95
GCP,us-central1,n2-standard-8,8,32,15,427.4,3231.5,5881.3,1,1,37.2,3302.14
AWS,eu-west-2,t3.large,2,8,15,348.3,2425.6,14453.3,0,0,6.4,1927.18
AWS,us-east-1,m6i.2xlarge,8,32,11,441.3,3494.3,16291.7,0,0,37.4,3531.05
Azure,southeastasia,B2ms,2,8,1,301.7,636.7,3231.0,1,0,32.9,409.98
GCP,us-central1,n2-standard-2,2,8,12,436.1,1299.3,2267.9,0,1,91.7,799.44
AWS,us-east-1,t3.large,2,8,5,672.9,3758.2,18630.5,0,1,61.9,2127.43
AWS,ap-southeast-1,m6i.xlarge,4,16,17,679.9,2134.3,6467.5,0,0,52.4,3238.82
AWS,eu-west-2,m6i.large,2,8,1,729.1,1701.6,15942.7,1,1,31.8,1641.65
AWS,ap-southeast-1,m6i.large,2,8,19,641.8,2381.5,10697.5,0,0,75.1,2459.74
Azure,southeastasia,D2s_v5,2,8,2,419.4,3854.5,11037.6,0,1,51.3,1376.2
GCP,us-central1,e2-standard-2,2,8,6,724.2,3718.8,19553.0,1,0,32.7,2147.17
Azure,eastus,D4s_v5,4,16,5,342.9,1186.8,8425.6,1,0,25.0,1211.63
GCP,asia-southeast1,e2-medium,2,4,2,395.3,195.0,19956.2,0,0,23.6,1641.95
AWS,ap-southeast-1,m6i.4xlarge,16,64,16,199.7,1692.7,17840.0,1,1,58.8,4491.4
AWS,eu-west-2,m6i.large,2,8,8,574.8,132.2,13182.2,0,1,68.6,1647.27
AWS,ap-southeast-1,m6i.4xlarge,16,64,10,660.9,2470.2,9206.2,0,1,76.0,6660.17
Azure,eastus,D8s_v5,8,32,12,706.6,2215.3,763.3,0,0,21.4,3686.0
Azure,uksouth,D2s_v5,2,8,9,453.0,3313.2,4814.4,0,0,93.2,1127.95
AWS,eu-west-2,m6i.4xlarge,16,64,5,707.3,3805.3,15562.8,1,0,57.5,4573.77
GCP,asia-southeast1,e2-medium,2,4,16,212.5,3116.8,16330.7,0,1,35.3,1719.96
GCP,europe-west2,n2-standard-8,8,32,16,679.6,2200.1,6214.2,1,1,62.8,5483.62
GCP,europe-west2,e2-standard-2,2,8,2,314.9,3580.7,936.3,1,1,42.0,497.6
AWS,eu-west-2,m6i.4xlarge,16,64,17,458.3,1620.7,786.0,0,1,5.1,6786.76
AWS,ap-southeast-1,t3.large,2,8,2,444.0,1997.1,11216.9,0,1,11.2,1269.51
GCP,europe-west2,n2-standard-2,2,8,11,514.2,3551.5,18128.8,1,0,49.3,2430.05
GCP,asia-southeast1,e2-medium,2,4,2,231.6,2735.3,6106.9,1,1,90.7,868.14
GCP,europe-west2,e2-standard-2,2,8,15,486.4,136.5,19421.1,1,0,54.2,2149.18
GCP,europe-west2,n2-standard-16,16,64,12,576.0,2985.6,693.5,0,0,75.4,6048.7
Azure,uksouth,D8s_v5,8,32,14,525.3,1366.1,3360.1,0,0,36.0,3449.4
AWS,ap-southeast-1,t3.large,2,8,20,252.2,2062.7,19648.4,1,1,51.7,2359.78
AWS,ap-southeast-1,m6i.large,2,8,15,711.1,1736.1,15967.7,0,0,7.9,2697.91
AWS,ap-southeast-1,t3.medium,2,4,8,692.1,1861.8,15429.5,0,0,7.0,1726.02
GCP,europe-west2,n2-standard-16,16,64,7,391.8,559.6,11425.8,0,1,19.0,3412.1
Azure,eastus,B2ms,2,8,12,677.1,1685.6,6623.7,1,0,71.2,1431.54
Azure,uksouth,B2ms,2,8,13,212.5,944.1,16216.7,0,0,69.8,1653.89
GCP,us-central1,n2-standard-4,4,16,19,560.1,3057.7,14225.9,1,0,77.7,3589.57
Azure,southeastasia,D16s_v5,16,64,9,230.8,2198.1,14169.4,1,0,94.4,3375.06
AWS,eu-west-2,m6i.2xlarge,8,32,12,316.8,2243.5,7678.3,0,0,42.1,2447.32
Azure,eastus,D8s_v5,8,32,19,722.5,1114.3,17223.4,0,1,48.6,7116.62
GCP,europe-west2,e2-standard-2,2,8,12,272.0,2232.5,2572.4,1,0,66.2,707.96
GCP,europe-west2,e2-standard-2,2,8,5,497.0,1186.5,9051.8,0,1,52.6,1044.21
AWS,us-east-1,m6i.xlarge,4,16,9,230.5,3533.6,19719.0,1,1,35.0,2344.41
GCP,us-central1,n2-standard-4,4,16,7,719.2,748.1,9616.6,1,1,23.1,1961.5
GCP,asia-southeast1,e2-standard-2,2,8,7,558.7,1628.9,3150.3,0,1,71.6,712.41
AWS,ap-southeast-1,m6i.4xlarge,16,64,12,411.4,1041.4,1002.2,1,0,87.8,4475.15
AWS,us-east-1,m6i.xlarge,4,16,19,294.6,3433.4,5004.2,0,0,94.9,1838.36
GCP,asia-southeast1,n2-standard-2,2,8,20,354.1,3333.4,4713.4,1,0,46.0,1521.66
AWS,eu-west-2,t3.medium,2,4,15,499.4,3185.6,415.2,0,1,25.2,670.23
Azure,eastus,D16s_v5,16,64,1,351.4,2594.2,8551.5,1,1,79.1,1266.79
AWS,eu-west-2,t3.large,2,8,5,386.3,1966.1,15437.2,1,0,60.2,1704.45
GCP,us-central1,e2-standard-2,2,8,19,680.6,1606.7,14826.2,0,0,89.3,2239.21
GCP,asia-southeast1,n2-standard-8,8,32,12,269.2,498.6,14613.6,1,1,23.1,2729.16
Azure,uksouth,B2ms,2,8,4,478.4,2141.8,8966.0,0,1,85.0,1168.68
GCP,asia-southeast1,n2-standard-4,4,16,2,675.4,2971.0,9681.7,0,1,57.6,1366.07
GCP,us-central1,e2-medium,2,4,6,648.9,2551.7,14276.6,1,0,46.0,1557.93
AWS,us-east-1,m6i.4xlarge,16,64,18,624.8,1346.6,6430.4,1,1,52.0,9247.27
GCP,us-central1,n2-standard-4,4,16,19,706.8,2420.5,19697.7,1,1,86.5,4359.81
AWS,eu-west-2,m6i.2xlarge,8,32,17,388.6,1740.7,16694.7,1,1,21.6,4335.34
GCP,europe-west2,n2-standard-8,8,32,13,263.2,1145.2,6215.6,0,1,57.5,2080.25
GCP,asia-southeast1,n2-standard-4,4,16,18,495.5,1205.0,5278.7,1,1,18.3,2550.73
GCP,asia-southeast1,n2-standard-2,2,8,18,223.8,3580.1,8076.9,1,1,5.0,1538.81
AWS,us-east-1,t3.medium,2,4,17,591.2,1688.9,3938.8,0,1,70.3,913.71
Azure,uksouth,D8s_v5,8,32,17,431.3,3717.1,2420.8,0,0,82.8,3629.33
AWS,eu-west-2,m6i.4xlarge,16,64,10,412.0,2143.9,13480.1,1,1,66.9,4823.68
AWS,us-east-1,m6i.large,2,8,19,500.8,2783.7,3238.9,0,0,65.3,1385.24
Azure,uksouth,D2s_v5,2,8,13,211.3,1226.0,4458.8,0,0,69.2,769.96
GCP,europe-west2,e2-standard-2,2,8,8,740.5,2331.8,4185.5,0,0,59.8,980.12
AWS,eu-west-2,t3.large,2,8,2,639.8,2427.5,13260.6,0,0,12.4,1434.96
AWS,ap-southeast-1,m6i.4xlarge,16,64,14,519.7,2893.2,19601.2,0,0,49.8,7946.39
Azure,uksouth,B2ms,2,8,16,723.9,2748.4,13648.7,0,1,37.3,2413.54
Azure,uksouth,D16s_v5,16,64,15,629.5,145.7,9977.3,0,1,37.2,9187.19
AWS,eu-west-2,m6i.2xlarge,8,32,4,401.0,3352.6,8194.6,1,0,24.2,1699.42
AWS,us-east-1,t3.large,2,8,9,303.2,415.8,16535.3,1,0,52.0,1752.9
GCP,europe-west2,e2-standard-2,2,8,16,315.1,1578.1,17653.6,1,0,85.7,1893.89
AWS,eu-west-2,m6i.4xlarge,16,64,17,219.5,2279.8,13742.2,1,0,87.0,4552.83
GCP,europe-west2,n2-standard-16,16,64,12,347.4,2679.9,10134.8,0,1,42.3,4614.85
GCP,europe-west2,n2-standard-8,8,32,13,731.2,1429.8,12493.7,0,0,86.0,5133.93
GCP,asia-southeast1,n2-standard-16,16,64,11,259.0,1614.2,10459.8,1,0,84.7,3544.68
GCP,us-central1,n2-standard-8,8,32,12,398.5,3912.4,8723.6,1,0,80.2,2968.73
AWS,eu-west-2,t3.medium,2,4,12,674.7,2199.3,8362.6,0,0,9.7,1293.58
AWS,us-east-1,m6i.large,2,8,2,328.2,2789.2,14202.3,0,1,77.2,1517.16
Azure,eastus,D2s_v5,2,8,20,277.3,2192.6,10322.0,1,1,59.3,1708.2
AWS,ap-southeast-1,m6i.xlarge,4,16,5,718.0,3214.1,4259.1,0,1,94.7,1438.38
GCP,europe-west2,e2-medium,2,4,16,287.3,3726.8,8979.7,1,1,60.6,1339.28
AWS,ap-southeast-1,m6i.4xlarge,16,64,9,335.7,1779.0,19684.1,0,0,16.6,4457.75
Azure,uksouth,D4s_v5,4,16,20,505.1,1415.7,16194.4,0,1,43.9,3617.38
Azure,southeastasia,B2ms,2,8,1,347.2,2251.2,15186.2,0,1,5.3,1491.94
AWS,us-east-1,t3.medium,2,4,10,434.9,1127.1,5975.5,1,1,68.5,870.5
GCP,us-central1,n2-standard-16,16,64,15,508.5,923.9,6425.1,0,1,15.2,6546.4
GCP,europe-west2,e2-medium,2,4,14,296.4,70.8,11693.3,1,1,88.1,1211.09
AWS,us-east-1,m6i.2xlarge,8,32,12,646.4,1830.7,15064.2,0,1,86.6,4424.05
GCP,europe-west2,n2-standard-2,2,8,7,514.8,2059.7,13801.2,0,1,50.5,1669.68
Azure,southeastasia,D4s_v5,4,16,15,739.0,1177.5,4005.1,0,1,67.3,3070.74
GCP,europe-west2,n2-standard-2,2,8,1,614.7,2025.9,9640.5,0,0,78.6,1034.8
Azure,eastus,D16s_v5,16,64,8,266.9,3649.5,4924.9,0,0,74.0,2368.74
AWS,us-east-1,m6i.4xlarge,16,64,9,277.2,941.4,2485.3,0,1,16.8,2292.7
AWS,us-east-1,m6i.large,2,8,6,250.7,2796.2,13328.6,0,0,9.9,1533.95
AWS,eu-west-2,m6i.large,2,8,6,363.6,1715.2,6776.7,1,0,28.2,1062.65
Azure,uksouth,D2s_v5,2,8,20,420.3,3963.4,9642.1,1,0,35.3,2081.73
GCP,us-central1,n2-standard-2,2,8,15,311.4,2938.4,16632.1,0,0,21.3,1989.5
GCP,asia-southeast1,n2-standard-4,4,16,18,317.0,3996.5,14727.6,0,1,23.2,2765.35
GCP,us-central1,e2-medium,2,4,12,276.0,1446.7,12572.4,0,1,58.9,1260.65
Azure,southeastasia,D2s_v5,2,8,4,597.7,2944.7,17280.9,1,1,61.3,2076.92
Azure,uksouth,D2s_v5,2,8,11,645.6,1790.8,13546.1,1,1,37.2,2134.11
GCP,europe-west2,e2-medium,2,4,9,315.0,1880.3,10115.0,1,1,55.3,1203.48
AWS,us-east-1,m6i.2xlarge,8,32,12,215.4,2990.8,11736.6,1,1,12.9,2339.05
Azure,uksouth,D4s_v5,4,16,7,395.6,3152.8,4328.2,1,0,53.0,1273.22
AWS,us-east-1,m6i.2xlarge,8,32,18,295.0,1974.7,3801.0,1,1,5.9,2642.16
GCP,asia-southeast1,n2-standard-2,2,8,12,287.0,805.5,15463.1,1,0,30.2,1748.94
GCP,us-central1,n2-standard-2,2,8,7,219.0,524.2,8867.4,1,0,22.7,994.05
Azure,southeastasia,B2ms,2,8,2,640.6,3443.6,18022.9,0,0,92.7,1854.59
GCP,europe-west2,n2-standard-4,4,16,10,668.6,597.8,13638.3,1,0,76.4,2632.18
AWS,us-east-1,m6i.xlarge,4,16,20,354.4,2250.2,17159.7,0,1,39.8,3008.64
Azure,uksouth,B2ms,2,8,7,252.6,1721.2,5718.9,0,0,94.3,768.18
Azure,southeastasia,D8s_v5,8,32,17,243.2,2772.0,2369.5,1,1,61.1,2361.48
GCP,us-central1,n2-standard-4,4,16,7,700.8,3223.4,12521.4,0,1,46.1,2235.24
AWS,eu-west-2,m6i.xlarge,4,16,20,512.4,1532.9,4034.6,1,1,76.8,2745.09
Azure,southeastasia,D2s_v5,2,8,16,684.3,745.4,10493.5,0,0,37.6,2178.36
AWS,eu-west-2,m6i.xlarge,4,16,2,727.2,1028.8,2224.4,0,0,53.7,585.97
GCP,europe-west2,n2-standard-16,16,64,7,255.1,1928.9,16878.5,1,0,35.0,3047.32
GCP,asia-southeast1,n2-standard-2,2,8,6,219.0,767.7,6103.1,1,1,5.3,813.1
Azure,southeastasia,D4s_v5,4,16,10,396.2,3931.9,5462.8,0,1,35.8,1726.29
Azure,uksouth,D4s_v5,4,16,5,553.8,138.0,18093.3,1,1,40.2,2186.86
AWS,us-east-1,m6i.2xlarge,8,32,10,553.2,1144.6,10892.8,1,0,80.5,3331.33
Azure,southeastasia,B2ms,2,8,15,214.5,3692.0,2399.7,1,0,23.6,870.49
GCP,asia-southeast1,n2-standard-4,4,16,10,249.1,2633.8,11774.7,1,1,58.0,1838.95
Azure,eastus,D8s_v5,8,32,14,426.0,3919.3,11080.9,1,0,93.7,3557.41
AWS,us-east-1,m6i.large,2,8,16,183.5,3553.3,14195.7,1,1,85.1,1868.23
AWS,us-east-1,t3.medium,2,4,12,269.1,720.5,7754.1,1,1,41.7,921.48
GCP,asia-southeast1,n2-standard-2,2,8,17,204.6,896.6,8974.2,1,0,74.5,1281.64
AWS,us-east-1,m6i.4xlarge,16,64,8,285.8,167.6,1205.2,1,1,35.5,1942.66
Azure,southeastasia,D16s_v5,16,64,2,554.3,3570.6,17791.3,0,0,25.0,2762.93
GCP,us-central1,n2-standard-4,4,16,9,512.9,1567.0,1857.2,1,1,83.4,1213.36
AWS,us-east-1,m6i.4xlarge,16,64,18,550.2,3358.8,16482.9,0,0,45.5,9216.63
AWS,ap-southeast-1,m6i.2xlarge,8,32,5,711.4,2926.5,5425.2,0,1,52.4,2281.53
AWS,eu-west-2,m6i.xlarge,4,16,7,591.7,3739.0,19206.9,1,1,25.2,2850.94
Azure,southeastasia,B2ms,2,8,1,451.4,3546.6,14513.7,0,1,27.2,1579.66
Azure,eastus,B2ms,2,8,9,711.2,3389.8,18741.3,1,1,26.4,2409.39
AWS,ap-southeast-1,m6i.4xlarge,16,64,5,541.6,1944.2,18182.0,1,0,57.9,4004.41
AWS,eu-west-2,m6i.large,2,8,15,401.0,861.5,6170.5,1,0,88.1,1298.6
Azure,uksouth,B2ms,2,8,8,341.3,478.9,7986.2,0,1,28.4,997.42
Azure,uksouth,B2ms,2,8,7,197.9,3964.1,19520.4,0,1,70.1,2047.1
AWS,ap-southeast-1,t3.medium,2,4,1,254.2,185.2,2299.6,0,0,93.1,233.96
GCP,asia-southeast1,e2-medium,2,4,11,435.1,215.4,12738.0,1,0,27.8,1298.02
AWS,us-east-1,m6i.4xlarge,16,64,15,342.7,3966.8,4605.8,1,0,42.0,4709.7
GCP,europe-west2,n2-standard-2,2,8,14,475.7,3456.7,4736.2,1,0,82.6,1415.6
Azure,eastus,D2s_v5,2,8,6,629.0,1042.9,12415.4,1,1,86.7,1559.5
GCP,us-central1,n2-standard-2,2,8,18,628.4,1759.5,15249.7,0,0,44.9,2460.72
AWS,eu-west-2,m6i.xlarge,4,16,7,233.9,597.6,8751.7,1,1,39.0,1273.64
AWS,us-east-1,m6i.2xlarge,8,32,8,269.9,1846.7,17823.1,1,0,72.7,2538.68
Azure,eastus,D16s_v5,16,64,1,487.9,607.8,8097.5,1,0,77.6,1141.27
GCP,europe-west2,n2-standard-2,2,8,12,425.8,3670.1,4360.0,1,1,87.2,1338.86
AWS,eu-west-2,m6i.xlarge,4,16,3,399.4,1239.3,17539.9,1,1,6.0,1898.19
GCP,us-central1,n2-standard-8,8,32,2,691.4,2088.7,13988.6,1,1,7.4,1945.46
GCP,us-central1,n2-standard-2,2,8,4,583.1,2814.2,19245.8,0,0,36.1,1899.8
AWS,us-east-1,m6i.xlarge,4,16,9,535.6,3947.6,1659.4,0,1,62.5,1408.78
Azure,southeastasia,B2ms,2,8,12,697.8,1306.0,14707.4,0,0,82.9,2105.36
Azure,eastus,D4s_v5,4,16,10,255.2,1137.9,11498.2,1,0,30.4,1665.42
AWS,us-east-1,m6i.large,2,8,15,245.4,2646.6,547.4,0,1,73.7,614.79
Azure,southeastasia,D16s_v5,16,64,14,399.5,704.0,2578.7,1,1,54.9,5465.94
Azure,southeastasia,D4s_v5,4,16,3,252.8,381.3,9781.9,1,1,42.9,1112.95
AWS,us-east-1,m6i.4xlarge,16,64,9,516.2,3045.1,6592.3,1,0,59.4,4425.69
AWS,us-east-1,m6i.xlarge,4,16,15,599.5,3859.6,10948.3,0,1,55.1,3044.0
Azure,southeastasia,B2ms,2,8,16,565.0,2729.5,4347.9,1,1,53.6,1463.69
AWS,us-east-1,t3.medium,2,4,14,365.3,2082.3,10637.9,0,0,60.5,1285.87
GCP,us-central1,n2-standard-2,2,8,20,199.9,3344.8,6188.5,0,0,38.8,1155.73
AWS,ap-southeast-1,m6i.2xlarge,8,32,16,353.3,1307.1,12897.5,0,1,50.2,3640.22
AWS,eu-west-2,t3.large,2,8,9,529.8,784.2,18509.3,1,0,65.9,2045.18
AWS,ap-southeast-1,m6i.4xlarge,16,64,17,474.8,3614.7,12222.9,0,1,80.9,8351.06
AWS,ap-southeast-1,m6i.xlarge,4,16,16,548.4,2062.9,15212.8,0,0,43.7,3422.32
Azure,uksouth,D4s_v5,4,16,18,494.3,1720.4,9347.8,0,0,23.4,2859.01
GCP,us-central1,n2-standard-2,2,8,14,371.4,1710.1,17310.3,0,1,13.8,2048.98
GCP,europe-west2,e2-standard-2,2,8,19,688.6,1313.9,19419.9,1,0,89.3,2656.67
GCP,us-central1,e2-medium,2,4,8,388.0,3917.4,8063.6,0,1,93.5,1117.11
Azure,southeastasia,B2ms,2,8,1,277.2,426.9,11830.9,0,0,57.0,1037.37
GCP,asia-southeast1,n2-standard-4,4,16,19,603.3,406.7,1690.2,1,0,73.4,2695.01
GCP,asia-southeast1,e2-medium,2,4,7,274.5,258.5,8758.1,0,1,88.4,852.41
Azure,eastus,D16s_v5,16,64,14,235.8,2726.2,19114.8,0,1,54.2,4415.68
Azure,eastus,D16s_v5,16,64,6,483.7,996.8,4798.4,0,0,73.9,2813.17
Azure,uksouth,D2s_v5,2,8,8,257.1,3892.2,13510.1,0,0,94.7,1654.66
GCP,asia-southeast1,n2-standard-8,8,32,18,236.6,42.3,18243.0,1,0,48.1,3314.3
AWS,ap-southeast-1,m6i.large,2,8,14,232.7,992.4,19273.0,0,1,54.1,2099.06
GCP,asia-southeast1,e2-medium,2,4,20,531.5,3401.5,2896.7,0,0,8.8,910.2
AWS,ap-southeast-1,m6i.4xlarge,16,64,11,258.4,1967.3,9195.1,1,1,21.3,3656.6
AWS,eu-west-2,m6i.large,2,8,11,266.8,1880.2,1803.2,0,0,51.9,623.64
GCP,us-central1,e2-standard-2,2,8,9,231.0,981.2,651.5,1,0,25.3,323.52
Azure,uksouth,B2ms,2,8,4,353.5,582.6,4260.6,0,1,55.8,547.67
AWS,ap-southeast-1,t3.medium,2,4,6,351.8,1705.1,12557.6,1,1,87.1,1410.34
Azure,eastus,D2s_v5,2,8,4,741.8,2273.4,17013.6,1,1,22.1,1915.77
AWS,ap-southeast-1,t3.medium,2,4,16,578.8,2897.5,5299.1,1,1,55.7,1258.62
GCP,asia-southeast1,n2-standard-2,2,8,14,423.7,1237.3,9877.3,1,0,68.9,1647.03
Azure,uksouth,B2ms,2,8,13,192.3,1792.2,8734.7,1,1,29.5,1187.52
AWS,us-east-1,m6i.xlarge,4,16,7,517.2,2903.3,7833.5,0,0,67.4,1663.18
AWS,ap-southeast-1,m6i.large,2,8,17,600.1,2092.6,17346.0,0,0,10.7,2675.02
GCP,us-central1,n2-standard-16,16,64,11,399.8,1125.4,16351.1,1,0,49.7,4855.32
GCP,asia-southeast1,n2-standard-16,16,64,6,512.2,827.5,3697.9,1,1,22.1,3124.71
AWS,eu-west-2,t3.large,2,8,7,197.8,3160.4,19008.0,1,1,9.4,2063.09
Azure,uksouth,D16s_v5,16,64,2,622.6,2187.3,3866.9,0,0,75.2,1585.39
AWS,eu-west-2,t3.medium,2,4,18,444.2,3370.0,14624.0,0,1,67.7,1909.77
Azure,southeastasia,D4s_v5,4,16,2,395.4,1891.3,18696.5,0,0,63.1,1821.03
AWS,ap-southeast-1,m6i.large,2,8,4,478.3,1259.7,3428.0,0,1,82.9,628.72
AWS,us-east-1,t3.medium,2,4,10,625.7,3207.2,15636.0,0,0,82.7,1848.91
AWS,ap-southeast-1,t3.medium,2,4,20,611.3,2189.0,7984.3,0,1,74.1,1490.04
GCP,europe-west2,e2-medium,2,4,3,240.6,730.4,7229.9,1,1,48.8,753.66
GCP,us-central1,n2-standard-4,4,16,15,362.2,2603.8,12162.1,0,0,86.1,2216.08
AWS,ap-southeast-1,m6i.2xlarge,8,32,12,262.8,2785.7,11782.9,0,0,61.6,2611.72
Azure,uksouth,D4s_v5,4,16,19,676.7,521.5,11915.6,0,0,52.1,3809.42
Azure,southeastasia,D4s_v5,4,16,15,423.9,3109.0,17417.2,1,0,67.8,3157.25
AWS,eu-west-2,m6i.4xlarge,16,64,17,668.2,558.2,14639.0,1,1,16.4,10895.06
GCP,asia-southeast1,e2-medium,2,4,4,325.7,773.2,3347.7,1,0,94.5,467.01
GCP,us-central1,e2-standard-2,2,8,2,293.8,2732.0,13793.8,1,0,57.8,1434.77
AWS,ap-southeast-1,t3.large,2,8,4,583.0,3675.0,18984.5,1,1,68.7,2210.72
Azure,eastus,D16s_v5,16,64,14,643.8,377.9,469.0,0,0,53.1,7517.27
GCP,asia-southeast1,n2-standard-4,4,16,4,316.3,2431.2,6650.9,1,1,52.9,1131.08
Azure,eastus,D16s_v5,16,64,20,591.9,982.3,9215.4,1,0,62.7,10332.12
AWS,us-east-1,t3.large,2,8,11,202.3,2931.2,13750.2,0,1,81.9,1577.56
GCP,asia-southeast1,n2-standard-16,16,64,14,579.8,498.8,9326.4,0,1,70.8,7847.41
GCP,asia-southeast1,n2-standard-16,16,64,13,650.2,2619.4,10087.4,0,1,91.6,8485.09
Azure,eastus,B2ms,2,8,6,391.9,3585.8,5052.1,1,1,83.0,940.16
GCP,us-central1,e2-standard-2,2,8,8,514.3,1687.0,2850.5,0,0,40.5,648.98
Azure,eastus,B2ms,2,8,15,546.9,586.8,8727.0,0,1,83.8,1514.81
AWS,eu-west-2,m6i.large,2,8,18,590.1,732.8,15255.3,1,1,5.8,2472.17
AWS,us-east-1,t3.large,2,8,17,400.5,32.5,18661.4,1,1,24.0,2196.29
Azure,southeastasia,D8s_v5,8,32,3,372.4,3060.3,15458.9,1,1,18.7,2051.85
Azure,eastus,D2s_v5,2,8,1,428.7,820.6,15347.4,1,0,66.4,1433.2
GCP,europe-west2,n2-standard-16,16,64,14,325.1,58.3,3149.3,1,0,76.2,4347.29
GCP,asia-southeast1,n2-standard-4,4,16,17,390.8,2624.1,11143.5,1,1,92.1,2676.99
AWS,eu-west-2,m6i.2xlarge,8,32,13,600.9,173.3,9061.8,1,1,41.7,4165.87
AWS,us-east-1,t3.large,2,8,12,342.0,3671.0,8948.5,1,1,76.8,1465.2
GCP,europe-west2,n2-standard-2,2,8,11,180.7,3885.6,7181.7,1,0,47.2,1223.27
Azure,southeastasia,D8s_v5,8,32,14,618.8,1814.8,14289.6,1,1,24.7,5398.21
AWS,us-east-1,m6i.4xlarge,16,64,18,347.6,1976.7,14084.1,1,1,27.8,6113.41
AWS,eu-west-2,t3.large,2,8,7,228.5,1083.7,16548.9,0,0,30.0,1635.22
GCP,europe-west2,n2-standard-8,8,32,13,358.4,1454.7,12432.9,1,0,83.9,3186.41
Azure,southeastasia,D2s_v5,2,8,9,574.0,831.5,11279.8,1,0,48.2,1671.13
Azure,southeastasia,D2s_v5,2,8,3,312.7,2446.4,17318.9,1,1,83.2,1787.23
GCP,us-central1,e2-medium,2,4,4,301.2,971.8,16699.4,0,1,89.1,1460.44
GCP,europe-west2,n2-standard-2,2,8,19,735.8,801.8,18685.3,0,0,50.7,3025.49
AWS,us-east-1,m6i.xlarge,4,16,3,250.4,2650.2,5490.8,0,1,58.0,878.63
GCP,us-central1,n2-standard-16,16,64,1,257.6,2508.3,730.8,0,0,22.9,440.65
AWS,ap-southeast-1,m6i.large,2,8,4,348.2,3116.5,10130.0,0,0,24.5,1307.85
Azure,uksouth,D4s_v5,4,16,6,515.9,2027.0,18708.3,0,1,79.4,2353.67
GCP,asia-southeast1,n2-standard-2,2,8,15,573.6,2265.5,13845.2,1,1,38.1,2361.24
AWS,us-east-1,m6i.large,2,8,7,441.1,1370.3,19809.8,1,0,91.9,2119.6
GCP,europe-west2,n2-standard-8,8,32,19,626.8,1462.1,15478.1,0,1,52.8,6521.81
GCP,us-central1,n2-standard-2,2,8,5,580.5,1321.0,8049.1,1,1,6.9,1123.02
AWS,eu-west-2,t3.medium,2,4,9,231.2,578.7,18571.5,0,0,63.5,1672.56
Azure,southeastasia,D4s_v5,4,16,20,476.8,385.7,4108.2,1,1,85.2,2595.75
GCP,us-central1,n2-standard-4,4,16,5,316.5,1971.1,6607.3,0,1,41.7,1040.2
AWS,eu-west-2,t3.large,2,8,13,479.7,1718.9,10208.9,0,0,7.7,1616.01
GCP,asia-southeast1,e2-standard-2,2,8,14,408.2,2295.0,1071.2,1,1,41.6,795.67
GCP,asia-southeast1,n2-standard-4,4,16,16,433.4,1603.2,19295.6,0,0,50.3,3147.18
Azure,uksouth,D16s_v5,16,64,18,200.7,3702.7,9523.9,0,1,13.5,4276.53
GCP,us-central1,e2-standard-2,2,8,19,367.9,553.7,2902.6,1,0,9.0,824.64
GCP,europe-west2,n2-standard-2,2,8,12,361.0,770.3,12650.7,0,1,50.9,1617.71
AWS,ap-southeast-1,m6i.2xlarge,8,32,17,421.6,2428.9,19101.4,0,1,45.7,4950.96
Azure,eastus,B2ms,2,8,19,490.7,1592.1,18725.7,0,1,67.4,2473.12
AWS,ap-southeast-1,m6i.xlarge,4,16,6,636.1,1935.4,8093.4,0,1,28.8,1752.83
AWS,ap-southeast-1,t3.medium,2,4,3,411.4,3313.5,17876.8,1,0,47.0,1904.56
GCP,asia-southeast1,n2-standard-16,16,64,3,592.6,2799.7,12749.7,0,0,44.7,2809.57
GCP,europe-west2,n2-standard-8,8,32,9,526.0,2099.8,5928.3,1,0,77.0,2747.61
Azure,uksouth,D16s_v5,16,64,18,410.5,292.7,16991.8,1,0,46.6,7866.95
AWS,us-east-1,t3.large,2,8,16,632.3,2411.8,2788.3,1,1,61.7,1367.47
GCP,us-central1,e2-standard-2,2,8,8,379.4,892.3,15016.7,0,1,79.9,1530.29
AWS,ap-southeast-1,m6i.2xlarge,8,32,4,612.9,2171.8,8658.5,1,1,44.1,2118.64
GCP,europe-west2,n2-standard-8,8,32,1,743.5,3990.9,6755.7,1,1,57.9,1283.48
AWS,ap-southeast-1,t3.large,2,8,16,379.9,2443.9,4977.0,0,0,94.2,1207.51
AWS,ap-southeast-1,m6i.large,2,8,4,605.8,2458.3,2162.3,1,0,71.8,731.97
Azure,uksouth,B2ms,2,8,4,240.7,2950.3,12747.9,0,1,60.7,1394.21
Azure,uksouth,D8s_v5,8,32,8,343.5,713.1,12369.1,1,1,78.6,2328.48
Azure,southeastasia,D8s_v5,8,32,17,509.2,1439.3,1606.5,1,1,77.7,4170.64
AWS,eu-west-2,m6i.4xlarge,16,64,15,574.4,2517.4,11618.2,0,1,34.8,8301.7
AWS,ap-southeast-1,m6i.4xlarge,16,64,5,444.8,3285.7,3781.3,0,1,75.7,2553.64
GCP,us-central1,n2-standard-2,2,8,2,610.8,2720.1,2325.2,1,1,47.4,599.94
AWS,ap-southeast-1,m6i.2xlarge,8,32,11,273.8,2943.2,10960.9,0,0,86.8,2463.42
AWS,eu-west-2,m6i.xlarge,4,16,7,380.4,3737.0,16294.8,1,1,71.8,2361.23
AWS,ap-southeast-1,m6i.large,2,8,17,697.0,479.5,10416.7,0,0,18.1,2219.88
AWS,us-east-1,m6i.2xlarge,8,32,10,725.8,3560.6,12190.7,1,1,26.3,4279.15
GCP,europe-west2,e2-medium,2,4,16,532.0,2440.5,6259.9,0,0,86.8,1055.07
GCP,asia-southeast1,n2-standard-4,4,16,4,540.4,3032.9,4941.0,0,1,9.0,1150.46
Azure,southeastasia,D8s_v5,8,32,14,554.9,2177.3,10042.1,0,0,23.2,4446.83
AWS,us-east-1,m6i.large,2,8,9,390.5,3747.4,6705.2,0,1,37.1,1221.55
GCP,europe-west2,e2-standard-2,2,8,13,386.7,608.5,3300.4,0,1,83.6,713.93
GCP,us-central1,n2-standard-8,8,32,1,565.9,324.8,4937.0,1,0,87.9,710.76
Azure,eastus,D16s_v5,16,64,3,572.2,2100.2,15027.4,1,1,15.2,2837.9
AWS,ap-southeast-1,m6i.large,2,8,15,511.2,806.2,1447.1,0,1,71.9,1077.62
GCP,europe-west2,n2-standard-2,2,8,3,593.3,2619.3,18065.6,0,1,79.6,1874.94
Azure,eastus,D2s_v5,2,8,4,614.6,3998.6,9654.3,0,0,49.6,1396.19
Azure,southeastasia,D16s_v5,16,64,9,268.2,1232.4,17452.0,1,0,7.9,3692.12
AWS,ap-southeast-1,t3.medium,2,4,14,194.2,3189.4,17826.0,1,1,23.4,2015.06
Azure,southeastasia,D16s_v5,16,64,4,513.2,1027.1,14425.9,0,1,83.1,3234.68
GCP,us-central1,n2-standard-8,8,32,4,483.9,2994.5,13483.6,0,0,51.8,2085.57
GCP,asia-southeast1,e2-standard-2,2,8,17,428.0,573.3,17860.7,1,1,22.2,2116.03
Azure,eastus,B2ms,2,8,16,300.1,3461.7,8595.5,0,0,10.1,1422.36
Azure,southeastasia,D4s_v5,4,16,14,396.2,389.0,9816.3,1,0,15.7,2235.54
GCP,europe-west2,e2-medium,2,4,2,664.8,728.1,9476.8,0,1,95.0,924.19
AWS,ap-southeast-1,m6i.2xlarge,8,32,7,445.7,639.6,7873.7,1,1,74.4,2154.56
Azure,uksouth,D16s_v5,16,64,18,204.4,3807.5,2063.4,0,1,76.4,3667.01
GCP,asia-southeast1,n2-standard-16,16,64,7,193.9,3858.8,9683.0,1,1,66.3,2422.96
AWS,eu-west-2,m6i.xlarge,4,16,6,396.3,3068.2,554.8,1,0,64.3,860.04
AWS,eu-west-2,m6i.2xlarge,8,32,1,675.1,3129.7,2517.3,1,1,82.8,859.1
GCP,asia-southeast1,e2-standard-2,2,8,4,356.6,291.6,8709.2,0,0,8.3,890.91
Azure,uksouth,D8s_v5,8,32,11,403.4,1988.3,10742.5,0,1,64.6,2930.22
Azure,uksouth,D8s_v5,8,32,7,610.4,3718.8,2575.1,0,1,13.5,2366.64
GCP,us-central1,n2-standard-8,8,32,8,185.1,454.2,9768.7,1,1,93.9,1521.78
GCP,europe-west2,n2-standard-16,16,64,5,240.4,3239.3,14679.9,1,1,70.8,2587.31
Azure,eastus,D16s_v5,16,64,10,324.1,1698.6,18232.7,1,1,50.7,4226.47
Azure,southeastasia,D8s_v5,8,32,15,249.2,2521.6,12181.2,1,1,16.8,2979.01
Azure,uksouth,D2s_v5,2,8,8,495.9,2486.0,13911.0,1,1,9.0,1864.25
GCP,us-central1,n2-standard-8,8,32,20,449.0,3265.3,1955.4,0,1,6.1,3941.16
GCP,asia-southeast1,n2-standard-4,4,16,16,526.2,206.9,12953.9,0,1,39.7,2928.68
Azure,southeastasia,B2ms,2,8,13,297.3,2133.6,15189.6,1,0,63.6,1771.38
GCP,asia-southeast1,e2-standard-2,2,8,20,588.1,959.3,6193.2,0,1,85.5,1504.27
AWS,us-east-1,m6i.2xlarge,8,32,11,629.5,3755.0,2308.4,1,0,29.3,3220.82
AWS,eu-west-2,m6i.xlarge,4,16,1,723.7,2940.6,6866.1,0,0,87.1,1019.66
GCP,asia-southeast1,n2-standard-16,16,64,14,488.5,1537.3,18733.9,1,1,17.0,7597.77
Azure,southeastasia,D4s_v5,4,16,2,354.9,3200.3,3682.9,0,0,52.3,747.78
GCP,asia-southeast1,e2-medium,2,4,17,340.7,2692.3,4612.6,1,1,57.0,924.64
AWS,eu-west-2,t3.large,2,8,17,448.3,2860.2,9083.5,0,0,47.1,1715.78
Azure,southeastasia,D8s_v5,8,32,17,279.3,2990.9,70.5,0,0,90.2,2506.3
AWS,eu-west-2,m6i.2xlarge,8,32,2,426.4,256.2,1086.0,1,1,13.8,533.3
AWS,eu-west-2,t3.medium,2,4,16,541.3,2440.2,5908.4,1,0,32.0,1194.23
Azure,southeastasia,D16s_v5,16,64,5,281.3,3443.7,12140.4,0,0,92.6,2606.17
AWS,us-east-1,m6i.2xlarge,8,32,16,558.6,1269.4,15732.9,1,1,10.9,5059.47
AWS,ap-southeast-1,m6i.4xlarge,16,64,15,241.5,2594.8,8792.9,0,1,7.5,4126.28
GCP,asia-southeast1,n2-standard-16,16,64,16,218.7,2102.6,13688.7,1,1,11.0,4432.28
AWS,ap-southeast-1,m6i.4xlarge,16,64,19,218.5,592.7,9346.0,1,1,23.0,4534.34
AWS,us-east-1,t3.medium,2,4,20,438.0,3672.8,16834.1,0,0,19.8,2067.29
Azure,southeastasia,D16s_v5,16,64,19,529.4,1972.9,13112.6,1,1,27.7,10243.08
Azure,southeastasia,B2ms,2,8,16,672.2,2798.2,16236.7,1,1,38.3,2647.14
AWS,eu-west-2,t3.large,2,8,16,424.4,3755.3,1761.8,0,0,77.3,1076.4
AWS,eu-west-2,t3.medium,2,4,7,732.2,124.0,11942.8,1,1,56.7,1417.5
Azure,eastus,B2ms,2,8,1,218.8,122.4,900.3,1,1,45.7,168.4
GCP,us-central1,n2-standard-8,8,32,8,208.0,837.2,702.9,1,0,17.1,819.45
AWS,ap-southeast-1,m6i.xlarge,4,16,17,212.7,1095.8,12511.6,1,1,67.4,1996.34
GCP,asia-southeast1,n2-standard-2,2,8,17,674.1,228.4,9004.3,0,1,33.4,2019.44
AWS,us-east-1,m6i.2xlarge,8,32,5,531.4,3853.5,1055.5,1,1,13.7,1469.37
Azure,uksouth,D2s_v5,2,8,5,598.7,452.9,11421.4,0,0,46.8,1300.68
GCP,europe-west2,n2-standard-4,4,16,16,310.2,759.4,1195.9,1,0,52.2,1281.34
AWS,ap-southeast-1,m6i.large,2,8,9,181.6,2431.0,147.5,0,0,34.6,411.0
GCP,asia-southeast1,n2-standard-16,16,64,3,417.3,2016.8,3036.5,0,1,11.1,1567.26
GCP,us-central1,n2-standard-4,4,16,17,439.6,3840.1,12289.1,1,1,52.9,2835.37
AWS,eu-west-2,m6i.4xlarge,16,64,13,672.9,1288.5,16789.0,0,1,47.5,8909.31
Azure,eastus,B2ms,2,8,13,310.1,3176.9,17987.9,1,1,72.6,2119.15
GCP,europe-west2,n2-standard-16,16,64,6,639.3,3036.1,1851.6,0,1,20.1,3803.18
Azure,southeastasia,D16s_v5,16,64,3,671.4,2199.5,12011.6,0,1,17.3,3076.36
AWS,us-east-1,m6i.2xlarge,8,32,14,667.8,633.1,1657.5,0,1,27.7,3803.77
Azure,eastus,B2ms,2,8,9,570.6,293.6,15032.5,0,1,94.3,1742.92
GCP,europe-west2,e2-medium,2,4,19,318.7,2679.5,8963.9,1,1,67.6,1251.86
GCP,europe-west2,e2-medium,2,4,3,524.6,3671.4,515.1,0,0,35.5,391.77
GCP,us-central1,n2-standard-4,4,16,2,484.6,786.2,1000.3,0,0,72.2,329.71
Azure,uksouth,D4s_v5,4,16,15,615.8,2649.4,2883.8,1,0,54.6,2511.17
GCP,us-central1,n2-standard-16,16,64,6,587.3,2849.4,15112.9,0,0,75.3,4252.19
Azure,uksouth,D4s_v5,4,16,3,488.4,1928.5,18571.4,0,0,67.9,1961.13
AWS,eu-west-2,t3.large,2,8,19,217.9,3497.6,16078.9,0,1,80.8,2025.74
AWS,us-east-1,t3.medium,2,4,11,264.0,1161.1,18298.4,0,0,83.5,1751.87
Azure,uksouth,D16s_v5,16,64,20,674.6,3276.2,642.6,0,1,10.6,12121.59
GCP,europe-west2,n2-standard-4,4,16,1,436.3,3096.5,4245.8,1,0,31.1,777.66
AWS,us-east-1,t3.large,2,8,1,195.8,1909.8,11793.7,1,0,10.9,1243.48
Azure,southeastasia,D8s_v5,8,32,19,440.7,29.2,10682.7,1,1,14.7,4685.1
AWS,eu-west-2,m6i.large,2,8,18,250.5,2921.3,9602.2,1,1,81.1,1620.69
GCP,europe-west2,e2-medium,2,4,2,373.8,1526.8,9521.3,1,0,37.1,1031.33
Azure,uksouth,D2s_v5,2,8,13,679.8,1139.3,18711.7,0,0,54.9,2519.22
